key_person,key_uuid,key_mlbam,key_retro,key_bbref,key_bbref_minors,key_fangraphs,key_npb,key_sr_nfl,key_sr_nba,key_sr_nhl,key_wikidata,name_last,name_first,name_given,name_suffix,name_matrilineal,name_nick,birth_year,birth_month,birth_day,death_year,death_month,death_day,pro_played_first,pro_played_last,mlb_played_first,mlb_played_last,col_played_first,col_played_last,pro_managed_first,pro_managed_last,mlb_managed_first,mlb_managed_last,col_managed_first,col_managed_last,pro_umpired_first,pro_umpired_last,mlb_umpired_first,mlb_umpired_last
c013d2ce,c013d2ce-ca99-4b6e-9c90-e6823e824db2,605525,wendj001,wendejb01,wendel000jef,14506,13715157,,,,Q24049023,Wendelken,J. B.,Jeffrey Benjamin,,,,1993,3,24,,,,2012,2024,2016,2022,,,,,,,,,,,,
c01c03f7,c01c03f7-eb92-44e3-8172-b6c71760825e,665622,medil002,medinlu02,medina007lui,21649,,,,,,Medina,Luis,Luis Angel,,Bonilla,,1999,5,3,,,,2016,2024,2023,2024,,,,,,,,,,,,
c0374d84,c0374d84-ff8e-48e0-9437-fc76c0f3f30b,451596,gally001,gallayo01,gallar001yov,8173,,,,,Q3112718,Gallardo,Yovani,Yovani,,,,1986,2,27,,,,2004,2018,2007,2018,,,,,,,,,,,,
c06ce02d,c06ce02d-c492-4138-a8e5-4070290d3ca0,607405,cornj002,cornejo01,cornel000fra,12364,,,,,Q19844529,Cornely,John,John Francis,,,,1989,5,17,,,,2011,2015,2015,2015,2008,2011,,,,,,,,,,
c06ec0de,c06ec0de-302e-48a6-8891-0ceb0f64e697,670623,parei001,paredis01,parede000isa,20036,,,,,Q98454850,Paredes,Isaac,Isaac Edgardo,,Calderon,,1999,2,18,,,,2016,2024,2020,2024,,,,,,,,,,,,
c076985f,c076985f-0b74-489c-9661-838faa8ba592,680963,wilsc005,wilsoco01,wilson000cod,24671,,,,,Q106415581,Wilson,Cody,Cody Roger George,,,,1996,7,4,,,,2018,2024,2021,2021,2018,2018,,,,,,,,,,
c0897bfc,c0897bfc-301a-4824-ae51-9e596543cd14,518858,jonen001,jonesna01,jones-001nat,4696,,,,,Q3336506,Jones,Nate,Nathan Andrew,,,,1986,1,28,,,,2007,2021,2012,2021,2005,2007,,,,,,,,,,
c08a68c8,c08a68c8-3069-4a51-a5c0-44e784ce758d,542963,branr002,brantro01,brantl001rob,10655,,,,,Q115242,Brantly,Rob,Robert Jacob,,,,1989,7,14,,,,2010,2024,2012,2024,2009,2010,,,,,,,,,,
c0a1a243,c0a1a243-a4f2-42ab-9a26-79e1da683ca9,553993,suare001,suareeu01,suarez001eug,12552,,,,,Q17089035,Suárez,Eugenio,Eugenio Alejandro,,,,1991,7,18,,,,2009,2024,2014,2024,,,,,,,,,,,,
c0bf77a8,c0bf77a8-675f-4df8-a5bf-56e5b6f451d5,476123,markj001,marksju01,marks-001jus,10265,,,,,Q16548491,Marks,Justin,Justin Michael,,,,1988,1,12,,,,2009,2017,2014,2017,,,,,,,,,,,,
c0fc69f3,c0fc69f3-cbaa-48e6-a76f-4d6789f45c39,458582,brigr001,brignre01,brigna001rei,8380,,,,,Q3423777,Brignac,Reid,Reid Michael,,,,1986,1,16,,,,2004,2018,2008,2016,,,2021,2024,,,,,,,,
c115568b,c115568b-5338-4980-a558-9940a46a4e0c,673357,robel002,roberlu01,robert001lui,20043,,,,,Q28842101,Robert,Luis,Luis,,Moirán,,1997,8,3,,,,2013,2024,2020,2024,,,,,,,,,,,,
c11c31ab,c11c31ab-3660-4ac2-97e8-28603cf46d0f,605131,barna001,barneau01,barnes000aus,12158,,,,,Q18249328,Barnes,Austin,Austin Scott,,,,1989,12,28,,,,2011,2024,2015,2024,2009,2011,,,,,,,,,,
c12b8b7a,c12b8b7a-85c0-4fe8-825a-2d8977117869,553882,narvo001,narvaom01,narvae001---,13338,,,,,Q26405457,Narváez,Omar,Omar David,,Beltran,,1992,2,10,,,,2009,2024,2016,2024,,,,,,,,,,,,
c137730c,c137730c-071f-42a3-9088-b0fcb3c11f41,656004,sanac001,sanabca01,sanabr000car,16634,,,,,Q98078609,Sanabria,Carlos,Carlos Miguel,,Silva,,1997,1,24,,,,2014,2024,2020,2020,,,,,,,,,,,,
c1693373,c1693373-76a2-4133-a238-9ad2eccad169,570649,venty001,ventuyo01,ventur001yor,11855,,,,,Q15911937,Ventura,Yordano,Yordano,,Hernandez,,1991,6,3,2017,1,22,2009,2016,2013,2016,,,,,,,,,,,,
c16abbbc,c16abbbc-834c-4299-bc4f-beed7826b745,570267,santd002,santado01,santan002dom,10348,53755153,,,,Q17306573,Santana,Domingo,Domingo Alberto,,,,1992,8,5,,,,2009,2024,2014,2020,,,,,,,,,,,,
c17cdf0e,c17cdf0e-6632-42ef-a05d-50e66cce480b,669432,roget003,rogertr01,rogers001tre,22286,,,,,Q30122836,Rogers,Trevor,Trevor J'Daniel,,,,1997,11,13,,,,2018,2024,2020,2024,,,,,,,,,,,,
c18ad6d1,c18ad6d1-7646-4199-ba6b-c7b5c8c15053,121347,rodra001,rodrial01,rodrig006ale,1274,,,,,Q558664,Rodriguez,Alex,Alexander Enmanuel,,,A-Rod,1975,7,27,,,,1994,2016,1994,2016,,,,,,,,,,,,
c193764e,c193764e-d9cd-4f5f-ad54-7f12b9088552,592612,osicj001,osichjo01,osich-001jos,11528,,,,,Q20643052,Osich,Josh,Joshua Michael,,,,1988,9,3,,,,2012,2021,2015,2021,2008,2011,,,,,,,,,,
c1a0c995,c1a0c995-8361-4a51-b1d4-4b2355c54a69,672335,perec004,perezci01,perez-000cio,19614,,,,,Q43203600,Pérez,Cionel,Cionel Felix,,Viera,,1996,4,21,,,,2013,2024,2018,2024,,,,,,,,,,,,
c1c3c53c,c1c3c53c-5822-444e-a38c-c4b10bd0b7dd,464433,franj005,francju02,franci003jua,6978,33735130,,,,Q722950,Francisco,Juan,Juan Ramon,,Gonzalez,,1987,6,24,,,,2006,2024,2009,2014,,,,,,,,,,,,
c1c47b99,c1c47b99-5dff-47f1-8750-38ed019b30e7,665001,kellt002,kelletr01,kelley000tre,18454,,,,,Q65030855,Kelley,Trevor,Trevor Michael,,,,1992,10,20,,,,2015,2024,2019,2023,2012,2015,,,,,,,,,,
c1ddf1f5,c1ddf1f5-6993-422b-819e-5b7ffef12261,664076,cleag001,cleavga01,cleavi000gar,17897,,,,,Q99390474,Cleavinger,Garrett,Garrett J.,,,,1994,4,23,,,,2015,2024,2020,2024,2013,2015,,,,,,,,,,
c1e14a7f,c1e14a7f-ddc5-4628-8bf7-52e3f277d686,676664,searj001,searsjp01,sears-000jp-,23429,,,,,,Sears,JP,John Patrick,,,,1996,2,19,,,,2017,2024,2022,2024,2015,2017,,,,,,,,,,
c1f2c38e,c1f2c38e-5e18-497e-8c36-6eeb8e8afd6e,621011,schrm001,schroma01,schroc000max,17750,,,,,Q99162674,Schrock,Max,Max William,,,,1994,10,12,,,,2015,2023,2020,2022,2013,2015,,,,,,,,,,
c2049f11,c2049f11-4f91-491c-bfa9-c73750ee1ba2,502195,blacv001,blackvi01,black-001vic,9195,,,,,Q14624098,Black,Vic,Victor Laurence,,,,1988,5,23,,,,2009,2018,2013,2014,2007,2009,,,,,,,,,,
c218f6ec,c218f6ec-d3c0-477a-ba94-c36dd054ab39,660644,brujv001,brujavi01,brujan000vid,20536,,,,,Q107445082,Bruján,Vidal,Vidal,,Esteva,,1998,2,9,,,,2015,2024,2021,2024,,,,,,,,,,,,
c221552d,c221552d-f6fd-4cfc-8cd3-c5e578da0415,595981,heins001,heinesc01,heinem000sco,14453,23025153,,,,Q66119462,Heineman,Scott,Scott Matthew,,,,1992,12,4,,,,2016,2022,2019,2021,2012,2015,,,,,,,,,,
c2244153,c2244153-5fe4-4635-be7a-876ea51c43b6,663330,jonej007,jonesja08,jones-000jah,18872,,,,,Q98831629,Jones,Jahmai,Jahmai Fitzgerald,,,,1997,8,4,,,,2015,2024,2020,2024,,,,,,,,,,,,
c23af3f5,c23af3f5-eea2-442a-abf7-d3d9989730c9,656464,ginkk001,ginkeke01,ginkel000kev,19876,,,,,Q66309759,Ginkel,Kevin,Kevin Andrew,,,,1994,3,24,,,,2016,2024,2019,2024,2016,2016,,,,,,,,,,
c24d328e,c24d328e-17a7-400e-8ed4-7215ef534074,666018,aranj001,arandjo01,aranda000jon,21837,,,,,Q112669115,Aranda,Jonathan,Jonathan Alexander,,Ventura,,1998,5,23,,,,2016,2024,2022,2024,,,,,,,,,,,,
c2515148,c2515148-3c0e-4122-ad4b-231ad6ef7481,696147,bachs001,bachmsa01,bachma000sam,29754,,,,,,Bachman,Sam,Samuel Duane,,,,1999,9,30,,,,2021,2024,2023,2023,2019,2021,,,,,,,,,,
c269eb75,c269eb75-8ef2-4f67-bb83-84b1246f2d31,543242,grahj002,grahajr01,graham001jon,12042,,,,,Q16233180,Graham,J. R.,Johnathan Ryan,,,,1990,1,14,,,,2011,2017,2015,2016,2009,2011,,,,,,,,,,
c28e7106,c28e7106-aebd-4062-b7db-5d08242de74c,448802,garcj004,garcija02,garcia002jai,8137,,,,,Q3160567,García,Jaime,Jaime Omar,,,,1986,7,8,,,,2006,2018,2008,2018,,,,,,,,,,,,
c2a2d7db,c2a2d7db-bcf1-4d0a-bad2-9b947be8a65e,543809,spruz001,spruize01,spruil001eze,3873,,,,,Q8068655,Spruill,Zeke,Ezekiel Stephen,,,,1989,9,11,,,,2008,2019,2013,2014,,,,,,,,,,,,
c2bd9d7d,c2bd9d7d-8c3a-413f-928c-ce76ddd740ce,519085,oberb001,oberhbr01,oberho001bre,3855,,,,,Q11335061,Oberholtzer,Brett,Brett Raymond,,,,1989,7,1,,,,2008,2019,2013,2016,,,,,,,,,,,,
c2beb9d0,c2beb9d0-7f22-4764-8f64-23e10556f47e,693049,colao001,colasos01,colas-000osc,30162,83985134,,,,,Colás,Oscar,Oscar Luis,,León,,1998,9,17,,,,2016,2024,2023,2024,,,,,,,,,,,,
c2ecefcc,c2ecefcc-63d8-4c37-884d-dffdab0b4f7b,477229,waldj001,waldejo01,walden001jor,3271,,,,,Q3183724,Walden,Jordan,Jordan Craig,,,,1987,11,16,,,,2007,2015,2010,2015,,,,,,,,,,,,
c2f7e2c5,c2f7e2c5-a206-4749-b9d6-21aa91296ca8,668709,bledj001,bledajj01,bleday000jef,26368,,,,,Q62672975,Bleday,JJ,Jeffrey Joseph,,,,1997,11,10,,,,2019,2024,2022,2024,2017,2019,,,,,,,,,,
c3016691,c3016691-3b3a-4544-95e6-c1fd0a11b278,664119,allea001,allenau01,allen-001aus,18083,,,,,Q64941849,Allen,Austin,Austin Michael,,,,1994,1,16,,,,2015,2024,2019,2022,2013,2015,,,,,,,,,,
c36a5bca,c36a5bca-b75a-4e3b-97b7-60aeeec6287d,592473,kolaa001,kolarad01,kolare001ada,10843,,,,,Q14524635,Kolarek,Adam,Adam John,,,,1989,1,14,,,,2010,2024,2017,2023,,,,,,,,,,,,
c375d585,c375d585-38d8-4ebe-97f5-1899729c1785,601713,piven001,pivetni01,pivett000nic,15454,,,,,Q28924864,Pivetta,Nick,Nicholas Johncarlo,,,,1993,2,14,,,,2013,2024,2017,2024,,,,,,,,,,,,
c3d1e363,c3d1e363-8663-4748-8ee3-00e0c9d0e451,641924,nottj001,nottija01,nottin000jac,16448,,,,,Q50843338,Nottingham,Jacob,Jacob Andrew,,,,1995,4,3,,,,2013,2024,2018,2021,,,,,,,,,,,,
c3dd1c45,c3dd1c45-5d04-481e-a45c-2b75a44dce51,453646,villc001,villaca01,villan001car,4138,,,,,Q2939496,Villanueva,Carlos,Carlos Manuel,,Paulino,,1983,11,28,,,,2002,2017,2006,2016,,,,,,,,,,,,
c3fbd283,c3fbd283-1409-4d6e-be2a-fcca11765716,621020,swand001,swansda01,swanso001dan,18314,,,,,Q17403478,Swanson,Dansby,James Dansby,,,,1994,2,11,,,,2015,2024,2016,2024,2013,2015,,,,,,,,,,
c40a6e81,c40a6e81-cc11-4157-a52a-e7618748683a,681082,stotb001,stottbr01,stott-000bry,26294,,,,,,Stott,Bryson,Bryson Jeremy,,,,1997,10,6,,,,2019,2024,2022,2024,2017,2019,,,,,,,,,,
c40ca21d,c40ca21d-42d3-4320-b91c-0a6223784a6f,594857,hessk001,hesslke01,hessle001kei,12220,,,,,Q20804474,Hessler,Keith,Keith Alexander,,,,1989,3,15,,,,2011,2018,2015,2016,2009,2011,,,,,,,,,,
c411f73b,c411f73b-b754-4f4e-9085-2a169a07af03,425840,cottn001,cottsne01,cotts-001nea,1797,,,,,Q3079298,Cotts,Neal,Neal James,,,,1980,3,25,,,,2001,2017,2003,2015,1999,2001,,,,,,,,,,
c42ccda8,c42ccda8-f85d-424a-a931-e7d5dac656b5,593160,merrw001,merriwh01,merrif001whi,11281,,,,,Q17916942,Merrifield,Whit,Whitley David,,,,1989,1,24,,,,2010,2024,2016,2024,,,,,,,,,,,,
c42d4e43,c42d4e43-ffc9-44f7-95f0-ae2c3bd213d9,686539,crond001,cronide01,cronin000dec,25645,,,,,,Cronin,Declan,Declan Evans,,,,1997,9,24,,,,2019,2024,2023,2024,2016,2019,,,,,,,,,,
c43ad285,c43ad285-0cd8-4bb3-aa7b-7323fc50387e,116539,jeted001,jeterde01,jeter-001der,826,,,,,Q353511,Jeter,Derek,Derek Sanderson,,,The Captain,1974,6,26,,,,1992,2014,1995,2014,,,,,,,,,,,,
c44c31a2,c44c31a2-9faf-49f7-bdf1-eab208db0353,407908,peraj002,peraljo01,peralt001joe,2332,,,,,Q2747256,Peralta,Joel,Joel,,Gutierrez,,1976,3,23,,,,2000,2016,2005,2016,,,,,,,,,,,,
c45d1965,c45d1965-5aee-49f3-beb9-47bf611b912f,621249,unded001,underdu01,underw000dua,14677,,,,,Q29982699,Underwood,Duane,Duane Lee,,,,1994,7,20,,,,2012,2024,2018,2023,,,,,,,,,,,,
c47a4975,c47a4975-6e2e-4a3c-94d1-9c122be4b23f,676106,hance001,hancoem01,hancoc000eme,27470,,,,,,Hancock,Emerson,Emerson Christian,,,,1999,5,31,,,,2021,2024,2023,2024,2018,2020,,,,,,,,,,
c495302a,c495302a-f3d8-4ae9-944b-266cf8f8b356,456045,savej001,saverjo01,savery001joe,2835,,,,,Q3180179,Savery,Joe,Joseph Cain,,,,1985,11,4,,,,2007,2014,2011,2014,2005,2007,,,,,,,,,,
c49fb440,c49fb440-0eab-4745-a52f-3836313e788b,656657,loguz001,logueza01,logue-000zac,20231,,,,,Q111623119,Logue,Zach,Zach Michael,,,,1996,4,23,,,,2017,2024,2022,2024,2015,2017,,,,,,,,,,
c4eaf70d,c4eaf70d-14d0-43e9-8988-50bbf0a3b43c,593604,balda001,baldoal01,baldon001alb,11812,23225157,,,,Q108372343,Baldonado,Alberto,Alberto Louis,,,,1993,2,1,,,,2010,2024,2021,2021,,,,,,,,,,,,
c4f883f2,c4f883f2-9352-446d-a235-7f9fc838813e,665625,pegue001,pegueel01,peguer000elv,21652,,,,,Q108276176,Peguero,Elvis,Elvis Antonio,,Reyes,,1997,3,20,,,,2016,2024,2021,2024,,,,,,,,,,,,
c4f93094,c4f93094-6e5f-4b6c-8a1d-8bb19a622e79,447744,valdr002,valdera02,valdes001rau,1953,83385130,,,,Q3421446,Valdés,Raúl,Raúl,,González,,1977,11,27,,,,1996,2024,2010,2014,,,,,,,,,,,,
c50e2776,c50e2776-5bf4-4d21-a822-e16089687df8,605255,gravb001,gravebr01,graves000bre,16218,,,,,Q45681026,Graves,Brett,Brett Thomas,,,,1993,1,30,,,,2014,2021,2018,2018,2012,2014,,,,,,,,,,
c53cd591,c53cd591-e87e-45fe-b4b0-703eeeb39e83,457727,maybc001,maybica01,maybin001cam,5223,,,,,Q2934770,Maybin,Cameron,Cameron Keith,,,,1987,4,4,,,,2006,2021,2007,2021,,,,,,,,,,,,
c54c72aa,c54c72aa-cd90-4a05-a080-767dd53ef5a7,502003,sizes001,sizemsc01,sizemo001sco,2881,,,,,Q3044498,Sizemore,Scott,Scott Daniel,,,,1985,1,4,,,,2006,2016,2010,2014,2004,2006,,,,,,,,,,
c5530155,c5530155-599d-47c0-808a-f9ef3d28fd9c,285078,hamij003,hamiljo03,hamilt004jos,1875,,,,,Q716346,Hamilton,Josh,Joshua Holt,,,,1981,5,21,,,,1999,2016,2007,2015,,,,,,,,,,,,
c5578b37,c5578b37-77fc-4f1d-a38b-cc99d08f562f,671218,ramoh002,ramoshe02,ramos-000hel,22515,,,,,,Ramos,Heliot,Heliot Lemuel,,Lebron,,1999,9,7,,,,2017,2024,2022,2024,,,,,,,,,,,,
c55b6894,c55b6894-9962-4bb9-ba93-74cce9cefbac,595191,eickj001,eickhje01,eickho001jer,12664,,,,,Q20870998,Eickhoff,Jerad,Jerad Joseph,,,,1990,7,2,,,,2011,2023,2015,2022,,,,,,,,,,,,
c5688912,c5688912-114f-4383-9ae1-041b10f7c76e,622797,payap001,payanpe01,payano000ped,18313,,,,,Q65084069,Payano,Pedro,Pedro Julio,,,,1994,9,27,,,,2012,2024,2019,2019,,,,,,,,,,,,
c56d85d4,c56d85d4-d96e-486e-8ddd-756330366e90,452035,blank002,blankky01,blanks001kyl,49,,,,,Q3200908,Blanks,Kyle,Kyle Nathaniel,,,,1986,9,11,,,,2005,2017,2009,2015,,,,,,,,,,,,
c57d4d8c,c57d4d8c-f8d2-4e1b-b4f0-cfcb3f441b22,661281,,,toscan000dia,17199,,,,,,Toscano,Dian,Dian,,Carreras,,1989,3,9,,,,2008,2016,,,,,,,,,,,,,,
c5993341,c5993341-fc01-465a-a0d6-766ed9916b3b,571656,farmb001,farmebu01,farmer001geo,14814,,,,,Q17505084,Farmer,Buck,George Runie,,,,1991,2,20,,,,2013,2024,2014,2024,2010,2013,,,,,,,,,,
c5ac81d5,c5ac81d5-0dd5-4402-9cc2-e74459f76541,474039,beatp001,beatope01,beato-001ped,1330,,,,,Q3374013,Beato,Pedro,Pedro,,,,1986,10,27,,,,2006,2019,2011,2017,,,,,,,,,,,,
c5b05e4b,c5b05e4b-8532-4a87-9cfa-51dcc446d61b,432934,younc003,youngch03,young-004chr,3196,,,,,Q2964905,Young,Chris,Christopher Ryan,,,,1979,5,25,,,,2001,2017,2004,2017,1999,2000,,,,,,,,,,
c5bd95ff,c5bd95ff-593c-4875-b48e-012da0caca64,669935,alexa001,alexyaj01,alexy-000aj-,22343,,,,,Q108347411,Alexy,A. J.,Adam John,,,,1998,4,21,,,,2016,2024,2021,2022,,,,,,,,,,,,
c5c2ac40,c5c2ac40-d2e9-46fd-80fc-cb242f5d470e,502381,gregl001,gregelu01,greger001luk,4090,,,,,Q3267069,Gregerson,Luke,Lucas John,,,,1984,5,14,,,,2006,2019,2009,2019,2003,2006,,,,,,,,,,
c5d0875f,c5d0875f-d20a-4686-b482-52c0410dce7e,451628,figaa001,figaral01,figaro001alf,8404,73375133,,,,Q2835590,Fígaro,Alfredo,Alfredo,,Fígaro,,1984,7,7,,,,2006,2018,2009,2014,,,,,,,,,,,,
c5d3cb1b,c5d3cb1b-0381-4fdb-852c-5128075dc309,434137,kensl001,kensilo01,kensin001log,6166,,,,,Q3257850,Kensing,Logan,Logan French,,,,1982,7,3,,,,2003,2018,2004,2016,2002,2002,,,,,,,,,,
c5d74a9b,c5d74a9b-b000-4ff0-8b2a-213cba89f6fd,534606,lamar001,lamarry01,lamarr001rya,10700,,,,,Q20870997,LaMarre,Ryan,Ryan Michael,,,,1988,11,21,,,,2010,2023,2015,2021,2008,2010,,,,,,,,,,
c5e39d8e,c5e39d8e-d428-44cb-8e47-b77b824c5d28,675916,karij001,karinja01,karinc000jam,20151,,,,,Q64009538,Karinchak,James,James Stephen,,,,1995,9,22,,,,2017,2024,2019,2023,2015,2017,,,,,,,,,,
c5f2b1aa,c5f2b1aa-32f3-4aed-9978-5c212ab4714e,571553,cecid001,cecilda01,cecili001dar,9954,,,,,Q16548662,Ceciliani,Darrell,Darrell Albert,,,,1990,6,22,,,,2009,2018,2015,2017,,,,,,,,,,,,
c602b515,c602b515-3b43-4c5e-82ed-c80a41c065cb,456078,castw002,castiwe01,castil001wel,3256,,,,,Q288938,Castillo,Welington,Welington Andres,,,,1987,4,24,,,,2006,2021,2010,2019,,,,,,,,,,,,
c613fba3,c613fba3-20d6-4551-bb43-9c76a6e61245,622251,stauj001,staumjo01,staumo000jos,18335,,,,,Q65682509,Staumont,Josh,Joshua Tyler,,,,1993,12,21,,,,2015,2024,2019,2024,2015,2015,,,,,,,,,,
c615b7aa,c615b7aa-9b46-49fb-b3d6-8a9b457b329b,614179,ruizj001,ruizjo01,ruiz--008jos,14552,,,,,Q34487759,Ruiz,José,José Rafael,,Aparicio,,1994,10,21,,,,2012,2024,2017,2024,,,,,,,,,,,,
c61ce2fc,c61ce2fc-293d-4960-aff0-1677a154e366,571473,baumb001,baumabu01,bauman001geo,9309,,,,,Q21642345,Baumann,Buddy,George Charles,,,,1987,12,9,,,,2009,2022,2016,2018,,,,,,,,,,,,
c61e922e,c61e922e-b332-4282-9c50-b61f117390a9,547180,harpb003,harpebr03,harper002bry,11579,,,,,Q2524302,Harper,Bryce,Bryce Aron Max,,,,1992,10,16,,,,2010,2024,2012,2024,,,,,,,,,,,,
c62f4cb3,c62f4cb3-7933-4840-af2d-96012e187cd5,571969,mullc001,mulleco01,mullee001con,11580,,,,,Q24088798,Mullee,Conor,Conor Joseph,,,,1988,2,25,,,,2010,2017,2016,2016,,,,,,,,,,,,
c638af11,c638af11-34e4-4038-8e38-48fc11da4904,648737,hinod001,hinojda01,hinojo000dal,15671,,,,,Q5210984,Hinojosa,Dalier,Dalier,,Hernández,,1986,2,10,,,,2005,2016,2015,2016,,,,,,,,,,,,
c6428af1,c6428af1-d46e-424b-ab3a-4d0710b8f5cb,346857,puntn001,puntoni01,punto-001nic,1429,,,,,Q389598,Punto,Nick,Nicholas Paul,,,,1977,11,8,,,,1998,2014,2001,2014,1997,1998,,,,,,,,,,
c64e2b9d,c64e2b9d-2f11-40ad-9bdd-f896246a4880,594694,difow001,difowi01,difo--001wil,14320,,,,,Q18205814,Difo,Wilmer,Wilmer Francisco,,Santos,,1992,4,2,,,,2010,2024,2015,2022,,,,,,,,,,,,
c6a283db,c6a283db-5089-402b-8e6a-022ef1e1cf68,425542,hillk002,hillko01,hill--001koy,1829,,,,,Q3199426,Hill,Koyie,Koyie Dolan,,,,1979,3,9,,,,2000,2014,2003,2014,1998,2000,,,,,,,,,,
c6d33bf6,c6d33bf6-d709-4189-8040-5b671f12b4cd,644364,aranv001,aranovi01,arano-000vic,15915,,,,,Q39868216,Arano,Víctor,Víctor Teodoro,,Armas,,1995,2,7,,,,2013,2022,2017,2022,,,,,,,,,,,,
c6f97d9e,c6f97d9e-4b71-45db-b159-ef408256f9e9,680418,cropt001,croplty01,crople000tyl,24485,,,,,,Cropley,Tyler,Tyler Dean,,,,1995,12,10,,,,2018,2023,2023,2023,2017,2018,,,,,,,,,,
c7067e90,c7067e90-c0a5-4c11-9d01-ffa43efcb384,407886,ludwr001,ludwiry01,ludwic001rya,1260,,,,,Q865834,Ludwick,Ryan,Ryan Andrew,,,,1978,7,13,,,,1999,2014,2002,2014,1997,1999,,,,,,,,,,
c73386b0,c73386b0-5d74-4deb-8607-df384e2e2df3,444432,trumm001,trumbma01,trumbo001mar,6876,,,,,Q2254970,Trumbo,Mark,Mark Daniel,,,,1986,1,16,,,,2005,2019,2010,2019,,,,,,,,,,,,
c73fe6fe,c73fe6fe-f1f2-4e1d-8dc4-b4804cc17228,621016,cuasj001,cuasjo01,cuas--000jos,17701,,,,,Q112193332,Cuas,José,José Luis,,,,1994,6,28,,,,2015,2024,2022,2024,2013,2015,,,,,,,,,,
c76ce8fc,c76ce8fc-d8a4-4e80-b181-2496a5c43dca,543508,mazzc001,mazzoco01,mazzon001cor,12537,,,,,Q16545266,Mazzoni,Cory,Cory Mitchell,,,,1989,10,19,,,,2011,2018,2015,2018,2009,2011,,,,,,,,,,
c774cc57,c774cc57-d13a-43af-be07-fd75affe5897,642715,adamw002,adamewi01,adames000wil,15986,,,,,Q17465549,Adames,Willy,Willy Rafael,,Luna,,1995,9,2,,,,2013,2024,2018,2024,,,,,,,,,,,,
c77cc1dd,c77cc1dd-8fdd-4602-b05d-172f0db8ce50,606625,moror001,moronre01,moront000rey,14966,,,,,Q29913212,Moronta,Reyes,Reyes Armando,,,,1993,1,6,2024,7,28,2011,2024,2017,2023,,,,,,,,,,,,
c7846a2d,c7846a2d-fc16-4ae6-b764-10350cb89c49,592454,kahnt001,kahnlto01,kahnle001tho,11384,,,,,Q16232670,Kahnle,Tommy,Thomas Robert,,,,1989,8,7,,,,2010,2024,2014,2024,,,,,,,,,,,,
c7983610,c7983610-55ee-40d3-8da8-1b48ffcb3cf1,605113,ahmen001,ahmedni01,ahmed-000nic,12147,,,,,Q17300353,Ahmed,Nick,Nicholas Mark,,,,1990,3,15,,,,2011,2024,2014,2024,2009,2011,,,,,,,,,,
c7a3c661,c7a3c661-9cc5-4c2f-9a66-2daa3feabd4c,453178,kenni001,kenneia01,kenned001ian,6986,,,,,Q1057322,Kennedy,Ian,Ian Patrick,,,,1984,12,19,,,,2006,2023,2007,2023,2004,2006,,,,,,,,,,
c7aab9b4,c7aab9b4-e47b-45b7-bd25-aa5839ee184c,516416,seguj002,segurje01,segura001jea,5933,,,,,Q3174607,Segura,Jean,Jean Carlos Enrique,,,,1990,3,17,,,,2007,2024,2012,2023,,,,,,,,,,,,
c7b0f3fd,c7b0f3fd-8e22-4cca-9562-04b4d900c5c8,664977,cedeb001,cederbl01,cederl000bla,20344,,,,,Q99390443,Cederlind,Blake,Blake Alan,,,,1996,1,4,,,,2016,2023,2020,2020,,,,,,,,,,,,
c7b3f037,c7b3f037-090d-48f7-b72f-f2008ae01747,453284,parkb001,parkebl01,parker003ric,5224,,,,,Q2905843,Parker,Blake,Richard Blake,,,,1985,6,19,,,,2006,2022,2012,2021,2004,2006,,,,,,,,,,
c7e385a1,c7e385a1-b7aa-4d87-b140-ae87e4f8a78f,645848,alvad002,alvarda02,alvare002dar,15580,73075153,,,,Q17305612,Álvarez,Dariel,Dariel,,Camejo,,1988,11,7,,,,2006,2024,2015,2016,,,,,,,,,,,,
c7f3cea9,c7f3cea9-c41a-40b4-b503-ead90549bee0,501593,avill001,avilalu01,avilan001lui,2882,,,,,Q3266612,Avilán,Luis,Luis Armando,,,,1989,7,19,,,,2006,2022,2012,2021,,,,,,,,,,,,
c80ba0d3,c80ba0d3-b8f7-43e2-b571-8341fdd7901b,462101,andre001,andruel01,andrus001elv,8709,,,,,Q1133452,Andrus,Elvis,Elvis Augusto,,Torres,,1988,8,26,,,,2005,2023,2009,2023,,,,,,,,,,,,
c8328a7e,c8328a7e-7e39-4b9e-a7f2-9f5b36dd7f21,663804,kowaj001,kowarja01,kowar-000jac,21549,,,,,,Kowar,Jackson,Jackson Alexander,,,,1996,10,4,,,,2018,2023,2021,2023,2016,2018,,,,,,,,,,
c838d988,c838d988-1958-484a-8c04-e66f1adcb0f1,605509,tomlk001,tomlike01,tomlin000kel,13005,,,,,Q20801606,Tomlinson,Kelby,Kelby Aaron,,,,1990,6,16,,,,2011,2021,2015,2018,2011,2011,,,,,,,,,,
c83f0589,c83f0589-1285-4514-ab1c-e5fc226bf45e,460060,pennc001,pennicl01,pennin001cli,3395,,,,,Q2979066,Pennington,Cliff,Clifton Randolph,,,,1984,6,15,,,,2005,2019,2008,2018,2003,2005,,,,,,,,,,
c84315a1,c84315a1-cd39-43e9-9cc1-d61c69c13339,546318,herro001,herreod01,herrer001odu,11476,,,,,Q19768368,Herrera,Odúbel,David Odúbel,,,,1991,12,29,,,,2009,2024,2015,2022,,,,,,,,,,,,
c8553f96,c8553f96-4f7d-4fcb-88ff-3fb4d26a2d42,596115,stort001,storytr01,story-000tre,12564,,,,,Q23724211,Story,Trevor,Trevor John,,,,1992,11,15,,,,2011,2024,2016,2024,,,,,,,,,,,,
c85b2daf,c85b2daf-e900-464d-b40b-3570fd5c8ae6,605317,knudg001,knudsgu01,knudso000gui,12669,,,,,Q20871081,Knudson,Guido,Guido Joel,,,,1989,8,5,,,,2011,2016,2015,2015,2011,2011,,,,,,,,,,
c863fb37,c863fb37-e1c1-4f7a-85ef-3bf31d9ad124,647304,naylj001,naylojo01,naylor001jos,18839,,,,,Q20711177,Naylor,Josh,Joshua-Douglas James,,,,1997,6,22,,,,2015,2024,2019,2024,,,,,,,,,,,,
c86ab0a1,c86ab0a1-11a8-4268-ae4f-dce812da431c,476451,hellj001,hellije01,hellic001jer,4371,,,,,Q1754648,Hellickson,Jeremy,Jeremy Robert,,,,1987,4,8,,,,2005,2019,2010,2019,,,,,,,,,,,,
c8a101b7,c8a101b7-8774-4dd7-b1b2-547978202da2,217100,bloow001,bloomwi01,bloomq001wil,1066,,,,,Q3569067,Bloomquist,Willie,William Paul,,,,1977,11,27,,,,1999,2015,2002,2015,1997,1999,,,,,,,,,,
c8b61a7e,c8b61a7e-4336-42c8-bcab-29a0c55e6eaa,664092,popps001,poppese01,poppen000sea,19583,,,,,Q64747235,Poppen,Sean,Sean Russell,,,,1994,3,15,,,,2016,2024,2019,2022,2013,2016,,,,,,,,,,
c8b7b55e,c8b7b55e-d80d-4e4a-b00d-50ba378c7162,407835,lanej001,laneja01,lane--001jas,1397,,,,,Q6162918,Lane,Jason,Jason Dean,,,,1976,12,22,,,,1999,2015,2002,2014,1996,1999,,,,,,,,,,
c8d63486,c8d63486-2040-491d-842d-c13f5616ccb2,606956,courr001,courtry01,court-000rya,12268,,,,,Q65962125,Court,Ryan,Ryan Arthur,,,,1988,5,28,,,,2011,2019,2019,2019,2008,2011,,,,,,,,,,
c8e1570f,c8e1570f-a7e7-49d8-ad03-f980a31176bb,543056,could001,couloda01,coulom001dan,13293,,,,,Q18062112,Coulombe,Danny,Daniel Paul,,,,1989,10,26,,,,2012,2024,2014,2024,2011,2012,,,,,,,,,,
c8e818e9,c8e818e9-ff8e-4c62-a24a-c98b340b2932,518852,jokie001,jokiser01,jokisc001eri,11157,,,,,Q17811657,Jokisch,Eric,Eric Spenser,,,,1989,7,29,,,,2010,2024,2014,2014,2008,2010,,,,,,,,,,
c8f863dc,c8f863dc-f663-4ec9-b1bc-2673fc58d661,445276,jansk001,janseke01,jansen001ken,3096,,,,,Q1902109,Jansen,Kenley,Kenley Geronimo,,,,1987,9,30,,,,2005,2024,2010,2024,,,,,,,,,,,,
c8fba9da,c8fba9da-4d1b-4251-ac75-91e5a570b6f8,595879,baezj001,baezja01,baez--000jav,12979,,,,,Q16163541,Báez,Javier,Ednel Javier,,,,1992,12,1,,,,2011,2024,2014,2024,,,,,,,,,,,,
c90cb69a,c90cb69a-d760-453b-8ffd-3c730233d4dd,573088,perkc001,perkica01,perkin001cam,13444,,,,,Q30465341,Perkins,Cameron,Cameron Edward,,,,1990,9,27,,,,2012,2019,2017,2017,2010,2012,,,,,,,,,,
c9105885,c9105885-a941-49de-b0e1-d9c13e5f804c,502523,omals001,omallsh01,omalle001sha,9629,,,,,Q17811845,O'Malley,Shawn,Shawn Michael,,,,1987,12,28,,,,2006,2019,2014,2016,,,,,,,,,,,,
c91eeb1e,c91eeb1e-de9f-4d1f-aa82-ed61044aee40,669169,heasj001,heasljo01,heasle000jon,22224,,,,,Q108576609,Heasley,Jonathan,Jonathan Paul,,,,1997,1,27,,,,2018,2024,2021,2024,2017,2018,,,,,,,,,,
c92cdb60,c92cdb60-0b23-4d11-b152-f4f9c93e9b3c,554429,ackld001,ackledu01,ackley001dus,10099,,,,,Q3041681,Ackley,Dustin,Dustin Michael,,,,1988,2,26,,,,2009,2018,2011,2016,2007,2009,,,,,,,,,,
c9361573,c9361573-fb33-4e88-8eed-5d38eb2e3300,518991,mastd002,mastrda01,mastro001dar,7316,,,,,Q3016123,Mastroianni,Darin,Darin Paul,,,,1985,8,26,,,,2007,2016,2011,2016,2005,2007,,,,,,,,,,
c9413e23,c9413e23-69ed-4e1d-8891-df1efcaccfd1,596146,keplm001,keplema01,kepler001max,12144,,,,,Q1529779,Kepler,Max,Maximilian,,,,1993,2,10,,,,2010,2024,2015,2024,,,,,,,,,,,,
c947bc68,c947bc68-b355-4046-9e19-41aa0a0e7299,519299,sogae001,sogarer01,sogard001eri,7927,,,,,Q3055050,Sogard,Eric,Eric Sidney,,,,1986,5,22,,,,2007,2021,2010,2021,2005,2007,,,,,,,,,,
c9586e9c,c9586e9c-755e-4120-9948-19b05acc503a,572138,singj001,singljo02,single001jon,10441,,,,,Q5420447,Singleton,Jon,Jonathan Lee,,,,1991,9,18,,,,2009,2024,2014,2024,,,,,,,,,,,,
c97ee955,c97ee955-816d-4a45-86ab-5933626180a8,543652,pillt001,pillty01,pill--001tyl,12751,,,,,Q30069958,Pill,Tyler,Tyler Stephen,,,,1990,5,29,,,,2011,2019,2017,2017,2009,2011,,,,,,,,,,
c985f9ec,c985f9ec-0405-4f04-96a5-b32b04534b19,676755,matti001,mattsis01,mattso000isa,20385,,,,,Q106766480,Mattson,Isaac,Isaac Gerald,,,,1995,7,14,,,,2017,2024,2021,2024,2015,2017,,,,,,,,,,
c993299b,c993299b-5519-46f3-b8c8-8364c2b17ff4,683021,stefm001,stefami01,stefan003mic,25353,,,,,Q112895120,Stefanic,Michael,Michael,,,,1996,2,24,,,,2018,2024,2022,2024,2016,2018,,,,,,,,,,
c9b13936,c9b13936-fc5c-4a57-964f-3c04b7960614,656756,montj004,montgjo01,montgo000jor,16511,,,,,Q26404990,Montgomery,Jordan,Jordan Blackmon,,,,1992,12,27,,,,2014,2024,2017,2024,2012,2014,,,,,,,,,,
c9bc854d,c9bc854d-39aa-4bc3-8f70-265bff07db7f,606299,peraj003,perazjo01,peraza004jos,13593,,,,,Q17306387,Peraza,José,José Francisco,,Polo,,1994,4,30,,,,2011,2024,2015,2021,,,,,,,,,,,,
c9c7a66d,c9c7a66d-2fb4-4dd2-a13c-2f577e344b0c,595263,jannm001,jannimi01,jannis001mic,11071,,,,,,Jannis,Mickey,Mickey Scott,,,,1987,12,16,,,,2010,2024,2021,2021,,,,,,,,,,,,
c9caf73a,c9caf73a-4343-4cba-a7fe-e12ef4010160,671739,harrm004,harrimi04,harris010mic,25931,,,,,Q111361307,Harris,Michael,Michael Machion,,,,2001,3,7,,,,2019,2024,2022,2024,,,,,,,,,,,,
c9eb8141,c9eb8141-9f85-4075-8bf3-48d383ebad61,502317,heisc001,heisech01,heisey001chr,3978,,,,,Q2964734,Heisey,Chris,Chris J.,,,,1984,12,14,,,,2006,2019,2010,2017,2004,2006,,,,,,,,,,
c9ec32b0,c9ec32b0-7b9d-4bf0-bcb2-81747481b3cb,645261,alcas001,alcansa01,alcant000san,18684,,,,,Q38458271,Alcántara,Sandy,Sandy,,Montero,,1995,9,7,,,,2014,2023,2017,2023,,,,,,,,,,,,
c9f08cf8,c9f08cf8-6d82-4dbd-a372-e606c8275680,430832,bautj002,bautijo02,bautis001jos,1887,,,,,Q1346122,Bautista,José,José Antonio,,Santos,,1980,10,19,,,,2001,2018,2004,2018,2000,2001,,,,,,,,,,
c9f11b4e,c9f11b4e-c9f5-436c-9052-48b757028e0f,800049,mazua001,mazurad01,mazur-000ada,31900,,,,,,Mazur,Adam,Adam McKinnlee,,,,2001,4,20,,,,2023,2024,2024,2024,2020,2022,,,,,,,,,,
c9f82b44,c9f82b44-d2c1-4daa-b79d-3f7f29578888,663698,bartj003,bartjo01,bart--000joe,21524,,,,,Q52521848,Bart,Joey,Joseph Andrew,,,,1996,12,15,,,,2018,2024,2020,2024,2016,2018,,,,,,,,,,
ca283903,ca283903-82fd-4d60-a326-aa036f5266fb,592192,canhm001,canhama01,canha-001mar,11445,,,,,Q19795173,Canha,Mark,Mark David,,,,1989,2,15,,,,2010,2024,2015,2024,,,,,,,,,,,,
ca3cf806,ca3cf806-df78-49d0-b4ad-bee926e38998,656266,bukaj001,bukaujb01,bukaus000jb-,20491,,,,,Q24005974,Bukauskas,J. B.,Jacob Allen,,,,1996,10,11,,,,2017,2024,2021,2024,2015,2017,,,,,,,,,,
ca619690,ca619690-a56e-4ef8-8304-c35991d0c014,592826,velav001,velasvi01,velasq001vin,11189,,,,,Q16762856,Velasquez,Vince,Vincent John,,,,1992,6,7,,,,2010,2023,2015,2023,,,,,,,,,,,,
ca66f134,ca66f134-8daa-49f7-945e-ec951c3a03ca,665665,sanmr001,sanmare01,sanmar000rei,19754,,,,,Q108700592,Sanmartin,Reiver,Reiver Jose,,Zuñiga,,1996,4,15,,,,2015,2024,2021,2023,,,,,,,,,,,,
ca888b43,ca888b43-90ef-4e3f-aa66-56817ec6e84f,544369,gregd001,gregodi01,gregor003mar,6012,,,,,Q3026879,Gregorius,Didi,Mariekson Julius,,,,1990,2,18,,,,2008,2024,2012,2022,,,,,,,,,,,,
caa0d3eb,caa0d3eb-c605-453a-b98b-dd07fad7ebee,680689,richl001,richaly01,richar000lyo,24581,,,,,,Richardson,Lyon,Lyon,,,,2000,1,18,,,,2018,2024,2023,2024,,,,,,,,,,,,
cae4292e,cae4292e-2461-4e7f-8a76-5f19d70d6ba6,621129,codyk001,codyky01,cody--000kyl,19686,,,,,Q20090470,Cody,Kyle,Kyle David,,,,1994,8,9,,,,2016,2024,2020,2021,2013,2016,,,,,,,,,,
cb07f997,cb07f997-853f-460d-806a-1100a4586d7c,445988,pradm001,pradoma01,prado-002mar,3312,,,,,Q3041908,Prado,Martín,Martín Manuel,,,,1983,10,27,,,,2003,2019,2006,2019,,,,,,,,,,,,
cb088004,cb088004-e16f-42e9-8088-63d7fd47dfff,572089,rodrp001,rodrist02,rodrig003ste,13398,,,,,Q3499269,Rodríguez,Paco,Steven Francis,,,,1991,4,16,,,,2012,2019,2012,2015,2010,2012,,,,,,,,,,
cb0e36e9,cb0e36e9-3b15-4d85-9258-552d27772985,538506,murat001,muratto01,murata001too,11652,31635116,,,,Q11523509,Murata,Toru,Toru,,,,1985,5,20,,,,2008,2023,2015,2015,,,,,,,,,,,,
cb300a20,cb300a20-cdb2-4ebd-baf6-8986b22f6a0a,596071,peted001,peterdi01,peters000dil,18790,23925157,,,,Q38626668,Peters,Dillon,Dillon James,,,,1992,8,31,,,,2015,2023,2017,2022,2012,2014,,,,,,,,,,
cb34aa9a,cb34aa9a-b979-4765-8b14-b648702a335d,677020,walkj004,walkejo03,walker009jos,23617,,,,,,Walker,Josh,Joshua Todd,,,,1994,12,1,,,,2017,2024,2023,2024,2014,2017,,,,,,,,,,
cb42edf8,cb42edf8-b05b-42cb-8d48-6ec753e4888c,669854,blanr001,blancro01,blanco000ron,19407,,,,,Q111539854,Blanco,Ronel,Ronel De Jesus,,Nova,,1993,8,31,,,,2016,2024,2022,2024,,,,,,,,,,,,
cb50fef1,cb50fef1-ce46-4258-8955-edf5af6061e3,683737,buscm003,buschmi02,busch-002mic,26319,,,,,,Busch,Michael,Michael James,,,,1997,11,9,,,,2019,2024,2023,2024,2017,2019,,,,,,,,,,
cb64066c,cb64066c-65a0-40ae-b2e3-ce03350fb5a1,642152,trivl001,trivilo01,trivin000lou,15043,,,,,Q52004077,Trivino,Lou,Lou Albert,,,,1991,10,1,,,,2013,2024,2018,2022,2011,2013,,,,,,,,,,
cb74df84,cb74df84-32ae-4c73-a91b-436a54508d35,448602,reynm001,reynoma01,reynol002mar,7619,,,,,Q1047714,Reynolds,Mark,Mark Andrew,,,,1983,8,3,,,,2004,2019,2007,2019,2002,2004,,,,,,,,,,
cb82e593,cb82e593-51aa-427a-a47e-ab596a9192ba,621005,lopet001,lopesti01,lopes-000tim,14137,,,,,Q65930998,Lopes,Tim,Timothy Aaron,,,,1994,6,24,,,,2012,2023,2019,2021,,,,,,,,,,,,
cb8bdbef,cb8bdbef-7370-479e-a1d5-be21d77198eb,686218,sheee001,sheehem01,sheeha000emm,29839,,,,,,Sheehan,Emmet,George Emmet,,,,1999,11,15,,,,2021,2023,2023,2023,2019,2021,,,,,,,,,,
cbb0cc9a,cbb0cc9a-7b08-4e21-a4a5-bf3d009fb333,518516,bumgm001,bumgama01,bumgar001mad,5524,,,,,Q2988807,Bumgarner,Madison,Madison Kyle,,,,1989,8,1,,,,2008,2023,2009,2023,,,,,,,,,,,,
cbc2b6a8,cbc2b6a8-184d-4eea-b882-2b822efeedb4,641540,dunnd001,dunnida01,dunnin000dan,19409,,,,,Q24572703,Dunning,Dane,Dane Anthony,,,,1994,12,20,,,,2016,2024,2020,2024,2014,2016,,,,,,,,,,
cbdb6e9b,cbdb6e9b-afb3-4666-876d-139ffa9bb882,594777,calhk001,calhoko01,calhou001kol,11200,,,,,Q3198449,Calhoun,Kole,Kole Alan,,,,1987,10,14,,,,2010,2023,2012,2023,2009,2010,,,,,,,,,,
cbe72712,cbe72712-e342-484d-8173-c403cf034804,664023,happi001,happia01,happ--000ian,17919,,,,,Q19282243,Happ,Ian,Ian Edward,,,,1994,8,12,,,,2015,2024,2017,2024,2013,2015,,,,,,,,,,
cbfe7ac9,cbfe7ac9-dfb2-40d1-a29a-6d7ae2dacc20,592626,pedej001,pederjo01,peders001joc,11899,,,,,Q16234668,Pederson,Joc,Joc Russell,,,,1992,4,21,,,,2010,2024,2014,2024,,,,,,,,,,,,
cc0574cc,cc0574cc-1cbc-4e97-b1cf-e792b1b1de86,594953,palkd001,palkada01,palka-001dan,14897,,,,,Q30099799,Palka,Daniel,Daniel Bennett,,,,1991,10,28,,,,2013,2024,2018,2019,2011,2013,,,,,,,,,,
cc07c6f1,cc07c6f1-8951-42ea-aa6a-67ce3d9ee828,476570,mazzv001,mazzavi01,mazzar001vin,5231,,,,,Q3559350,Mazzaro,Vin,Vincent Michael,,,,1986,9,27,,,,2006,2023,2009,2016,,,,,,,,,,,,
cc07e03f,cc07e03f-1f1f-4b63-b57c-499b8041bd26,543144,farqd001,farquda01,farquh001dan,8501,,,,,Q3015233,Farquhar,Danny,Daniel Andres,,,,1987,2,17,,,,2008,2019,2011,2018,2006,2008,,,,,,,,,,
cc15ccfa,cc15ccfa-fa17-4782-8bbc-fb7c9410532e,660670,acunr001,acunaro01,acuna-002ron,18401,,,,,Q33043957,Acuña,Ronald,Ronald Jose,,Blanco,,1997,12,18,,,,2015,2024,2018,2024,,,,,,,,,,,,
cc2ec35f,cc2ec35f-f89c-4a86-aee6-72d0125b46bf,456701,bailh001,baileho02,bailey001dav,8362,,,,,Q3042622,Bailey,Homer,David Dewitt,,,,1986,5,3,,,,2004,2021,2007,2020,,,,,,,,,,,,
cc367284,cc367284-01b0-4f58-846d-7978710cf51d,681517,leahk001,leahyky01,leahy-000kyl,24763,,,,,,Leahy,Kyle,Kyle Yandow,,,,1997,6,4,,,,2018,2024,2023,2024,2016,2018,,,,,,,,,,
cc454e84,cc454e84-92fb-4946-873c-0522bcf7505b,454537,burtj001,burtoja01,burton001lev,8346,,,,,Q24167,Burton,Jared,Levi Jared,,,,1981,6,2,,,,2002,2015,2007,2014,2000,2002,,,,,,,,,,
cc47a022,cc47a022-3245-42a3-ae41-d9a8f5e0a688,430683,germj001,germaju01,german001jus,1938,41845118,,,,Q486943,Germano,Justin,Justin William,,,,1982,8,6,,,,2000,2016,2004,2014,,,,,,,,,,,,
cc538e0d,cc538e0d-a5bd-441f-97d4-ca0dd5303a89,665750,tavel001,taverle01,tavera000leo,18900,,,,,Q97645643,Taveras,Leody,Leody,,Salazar,,1998,9,8,,,,2016,2024,2020,2024,,,,,,,,,,,,
cc6685fe,cc6685fe-b7db-432e-8e84-c7e913f2b942,623354,zamod001,zamorda01,zamora000dan,17811,,,,,Q56254581,Zamora,Daniel,Daniel James,,,,1993,4,15,,,,2015,2023,2018,2021,2013,2015,,,,,,,,,,
cc6fc96c,cc6fc96c-55e6-4a0d-a89f-7bfc813e2b4e,669796,hernj005,hernajo03,hernan049jos,22318,,,,,,Hernandez,Jose,Jose Ernesto,,Polanco,,1997,12,31,,,,2016,2024,2023,2024,,,,,,,,,,,,
cc769115,cc769115-a103-46e6-a2be-7dc4ec1d6644,656755,montb001,montebr01,montes000bry,21319,,,,,Q113690893,Montes de Oca,Bryce,Bryce,,,,1996,4,23,,,,2021,2024,2022,2022,2015,2018,,,,,,,,,,
cc824883,cc824883-f561-4584-a8d6-ef8b65157195,605226,faula001,faulkan01,faulkn000and,12982,,,,,Q20897564,Faulkner,Andrew,Andrew Michael,,,,1992,9,12,,,,2011,2019,2015,2016,,,,,,,,,,,,
cc936b69,cc936b69-38fd-47df-b65e-7799f032fbc9,451584,daviw001,daviswa01,davis-001wad,7441,,,,,Q3564978,Davis,Wade,Wade Allen,,,,1985,9,7,,,,2004,2021,2009,2021,,,,,,,,,,,,
ccb5278f,ccb5278f-3e00-4720-8f88-9a66507383bd,669276,lee-d005,leedy01,lee---001dyl,19996,,,,,Q108665594,Lee,Dylan,Dylan Ryan,,,,1994,8,1,,,,2016,2024,2021,2024,2015,2016,,,,,,,,,,
ccc4081f,ccc4081f-543c-4fa3-8bc9-918b972632f2,665877,fermj001,fermijo01,fermin003jos,21746,,,,,,Fermín,José,José Miguel,,Garcia,,1999,3,29,,,,2016,2024,2023,2024,,,,,,,,,,,,
ccc6f44e,ccc6f44e-b298-4241-b710-8f14d15dca2d,608671,jankt001,jankotr01,jankow000tra,13768,,,,,Q16233877,Jankowski,Travis,Travis Paul,,,,1991,6,15,,,,2012,2024,2015,2024,2010,2012,,,,,,,,,,
ccde06c7,ccde06c7-500b-4f40-ac92-8cc05e2194f4,660906,peref002,perezfr01,perez-018fra,21018,,,,,,Pérez,Francisco,Francisco Alberto,,De Los Santos,,1997,7,20,,,,2015,2024,2021,2023,,,,,,,,,,,,
ccef8297,ccef8297-e9db-4ac4-bd58-a293e6f8de98,446399,cecib001,cecilbr01,cecil-001bre,2660,,,,,Q1072989,Cecil,Brett,Brett Aarion,,,,1986,7,2,,,,2007,2018,2009,2018,2005,2007,,,,,,,,,,
cd20433d,cd20433d-5b51-49e1-bb50-713008ff233b,435622,desmi001,desmoia01,desmon001ian,6885,,,,,Q2944593,Desmond,Ian,Ian Morgan,,,,1985,9,20,,,,2004,2019,2009,2019,,,,,,,,,,,,
cd298525,cd298525-d222-4ec5-ab7c-fb6fbf9d7f98,608336,gallj002,gallojo01,gallo-001joe,14128,,,,,Q16235385,Gallo,Joey,Joseph Nicholas,,,,1993,11,19,,,,2012,2024,2015,2024,,,,,,,,,,,,
cd2ca40a,cd2ca40a-4057-4814-88e2-8b06c54dea79,456071,flany001,flandyo01,flande001yoh,5057,,,,,Q6170185,Flande,Yohan,Yohan Carlos,,Concepcion,,1986,1,27,,,,2006,2021,2014,2016,,,,,,,,,,,,
cd88077f,cd88077f-c3ba-48ca-8045-57fd244b0b1a,676946,battm001,battema01,batten000mat,20157,,,,,Q112842857,Batten,Matthew,Matthew Albert,,,,1995,6,22,,,,2017,2024,2022,2024,2014,2017,,,,,,,,,,
cd9ae8c3,cd9ae8c3-dff6-48c3-8cac-17f0122289e9,605520,waldm001,waldimi01,waldin000mit,13006,,,,,Q54627306,Walding,Mitch,Mitchell S.,,,,1992,9,10,,,,2012,2022,2018,2019,,,,,,,,,,,,
cdc66823,cdc66823-8fa4-4e5a-9fdb-af6630438b1a,681987,eaton001,eatonna01,eaton-000nat,25055,,,,,Q113108393,Eaton,Nate,Nathan Wyatt,,,,1996,12,22,,,,2018,2024,2022,2023,2016,2018,,,,,,,,,,
cdc91cd7,cdc91cd7-4273-4f75-84af-d86e48585fd5,592468,kingn001,kinghni01,kingha001nic,11694,,,,,Q30039221,Kingham,Nick,Nicholas Gordon,,,,1991,11,8,,,,2010,2023,2018,2019,,,,,,,,,,,,
cdd24ef4,cdd24ef4-e9f8-42af-8353-12b307dd84f1,664028,kennb001,kennebr02,kenned001bre,17877,,,,,Q56043266,Kennedy,Brett,Brett,,,,1994,8,4,,,,2015,2024,2018,2023,2013,2015,,,,,,,,,,
cdd6b57a,cdd6b57a-6ea2-4365-b34c-9c0855dff251,677347,parik002,parisky01,paris-000kyr,26420,,,,,,Paris,Kyren,Kyren Terrell,,,,2001,11,11,,,,2019,2024,2023,2024,,,,,,,,,,,,
ce0601d5,ce0601d5-bf86-4acd-997e-75ae5f2c8806,458006,albem001,alberma01,albers001mat,4300,,,,,Q732687,Albers,Matt,Matthew James,,,,1983,1,20,,,,2002,2019,2006,2019,2002,2002,,,,,,,,,,
ce1ba399,ce1ba399-bf86-4d5f-925e-c34c2759a03f,596103,slata001,slateau01,slater000aus,16153,,,,,Q30121887,Slater,Austin,Austin Thomas,,,,1992,12,13,,,,2014,2024,2017,2024,2012,2014,,,,,,,,,,
ce270cef,ce270cef-c966-4f1a-bbe4-28b238e651df,434671,sanca004,sanchan01,sanche001ani,3284,,,,,Q936661,Sánchez,Aníbal,Aníbal Alejandro,,,,1984,2,27,,,,2004,2022,2006,2022,,,,,,,,,,,,
ce273625,ce273625-9faf-40b3-b003-b04e3605fb10,444482,perad001,peralda01,peralt001sen,2136,,,,,Q17096289,Peralta,David,Senger David,,Guerrero,,1987,8,14,,,,2006,2024,2014,2024,,,,,,,,,,,,
ce2f903c,ce2f903c-1e05-443d-8106-a29126cb8a68,640451,harvh001,harvehu01,harvey002hun,15507,,,,,Q17037407,Harvey,Hunter,Hunter Luke,,,,1994,12,9,,,,2013,2024,2019,2024,,,,,,,,,,,,
ce45e807,ce45e807-644c-405d-8337-e00d00b2ad36,592680,rivey001,riverya01,rivera001yad,11863,,,,,Q21007330,Rivera,Yadiel,Yadiel,,,,1992,5,2,,,,2010,2024,2015,2020,,,,,,,,,,,,
ce645b1e,ce645b1e-b7ee-4d3c-9d12-bfdbde6d3059,408061,rodrf003,rodrifr03,rodrig009fra,1642,,,,,Q1151895,Rodríguez,Francisco,Francisco Jose,,,,1982,1,7,,,,1999,2019,2002,2017,,,,,,,,,,,,
ce666268,ce666268-d52f-4684-9f05-21ab958365e1,463610,petig001,petitgr01,petit-001gre,3812,,,,,Q5606740,Petit,Gregorio,Gregorio Jesus,,,,1984,12,10,,,,2003,2018,2008,2018,,,2021,2024,,,,,,,,
ce801896,ce801896-40ff-48cf-867d-cfcc02c3b1d0,572287,zunim001,zuninmi01,zunino001mic,13265,,,,,Q4845493,Zunino,Mike,Michael Accorsi,,,,1991,3,25,,,,2012,2023,2013,2023,2010,2012,,,,,,,,,,
ce8287fb,ce8287fb-b0c3-43a8-be86-51abbd06315d,476270,tolls001,tollest01,tolles001ste,4450,,,,,Q2375414,Tolleson,Steven,Steven Wayne,,,,1983,11,1,,,,2005,2016,2010,2015,2003,2005,,,,,,,,,,
ce8ff2cd,ce8ff2cd-037f-4eb0-a5ed-8fd842c9e9f9,605244,garca006,garciar01,garcia000ara,16925,,,,,Q56253108,Garcia,Aramis,Aramis Michael,,,,1993,1,12,,,,2014,2024,2018,2024,2012,2014,,,,,,,,,,
ce970af6,ce970af6-e9cc-4638-896b-929a7b84952c,623168,heint001,heinety01,heinem000tyl,13897,,,,,Q18764116,Heineman,Tyler,Tyler Andrew,,,,1991,6,19,,,,2012,2024,2019,2024,2010,2012,,,,,,,,,,
ce9843d5,ce9843d5-f32e-4858-882c-746b8e8620ca,672710,contr001,contrro01,contre000roa,22810,,,,,Q108750903,Contreras,Roansy,Roansy,,Moria,,1999,11,7,,,,2017,2024,2021,2024,,,,,,,,,,,,
ce9c0afa,ce9c0afa-6fe2-4cda-9982-2d31bcab8ffb,666165,sabob001,sabolbl01,sabol-000bla,25805,,,,,,Sabol,Blake,Blake Joseph,,,,1998,1,7,,,,2019,2024,2023,2024,2017,2019,,,,,,,,,,
cea6a9ea,cea6a9ea-b129-402e-b86c-c8464c436889,669084,halld004,halldl01,hall--000dl-,22207,,,,,,Hall,DL,Dayton Lane,,,,1998,9,19,,,,2017,2024,2022,2024,,,,,,,,,,,,
cea789c6,cea789c6-6c87-4c20-882f-0ee182e28226,593523,hernm003,hernama02,hernan008mar,13154,,,,,Q23891000,Hernández,Marco,Marco Antonio,,,,1992,9,6,,,,2010,2024,2016,2019,,,,,,,,,,,,
cecdc74e,cecdc74e-3da1-455f-9ac7-397df5e3dd00,657571,fergc001,ferguca01,fergus000cal,19349,,,,,Q54860763,Ferguson,Caleb,Caleb Paul,,,,1996,7,2,,,,2015,2024,2018,2024,,,,,,,,,,,,
ced2028c,ced2028c-f679-44e5-a55a-e6ce9aad3fb9,497807,herrf001,herrmfr01,herrma001fra,7960,93795134,,,,Q3082652,Herrmann,Frank,Frank Joseph,,,,1984,5,30,,,,2006,2021,2010,2016,,,,,,,,,,,,
ced63700,ced63700-ec2c-4b21-9812-2cbde1b19383,519110,patej001,paterjo01,paters002jos,2565,,,,,Q3180153,Paterson,Joe,Joseph Michael,,,,1986,5,19,,,,2007,2015,2011,2014,2005,2007,,,,,,,,,,
cee8d5c1,cee8d5c1-d775-46d9-9ec7-8c5631971b58,643396,kinei001,kineris01,kiner-000isa,16512,,,,,Q51858039,Kiner-Falefa,Isiah,Isiah,,,,1995,3,23,,,,2013,2024,2018,2024,,,,,,,,,,,,
ceefd163,ceefd163-cfd3-4a4f-a08e-a5bcddacfab6,554430,wheez001,wheelza01,wheele001zac,10310,,,,,Q650445,Wheeler,Zack,Zachary Harrison,,,,1990,5,30,,,,2010,2024,2013,2024,,,,,,,,,,,,
cef7437c,cef7437c-6f10-462f-afef-903735045a3b,661255,lopey001,lopezyo01,lopez-001joa,17181,23025157,,,,Q18612456,López,Yoan,Yoan,,Leyva,,1993,1,2,,,,2011,2024,2018,2022,,,,,,,,,,,,
cef80531,cef80531-5b1a-4884-8a18-5caa793bf685,607219,romas001,romansa01,romano000sal,13690,,,,,Q29446183,Romano,Sal,Salvatore J.,,,,1993,10,12,,,,2012,2024,2017,2021,,,,,,,,,,,,
cf05afc8,cf05afc8-7884-4dd6-b1d5-fbca7ddce9bc,669087,huffs001,huffsa01,huff--000sam,22209,,,,,Q99315524,Huff,Sam,Samuel Nicholas,,,,1998,1,14,,,,2016,2024,2020,2024,,,,,,,,,,,,
cf0a24a5,cf0a24a5-11bf-463e-aac3-dbebe10fd343,456781,solad001,solando01,solano001don,8623,,,,,Q3036859,Solano,Donovan,Donovan,,Preciado,,1987,12,17,,,,2005,2024,2012,2024,,,,,,,,,,,,
cf0a82ae,cf0a82ae-cc2c-4e3e-8a0e-929147948402,679718,,,lovela000kyl,5019104,,,,,,Lovelace,Kyle,Kyle Blake,,,,1998,8,3,,,,2021,2023,,,2018,2021,,,,,,,,,,
cf107e03,cf107e03-2c3c-461c-b670-782b2053b30b,641856,mckib001,mckinbi01,mckinn002bil,15654,,,,,Q18001512,McKinney,Billy,William Landis,,,,1994,8,23,,,,2013,2024,2018,2024,,,,,,,,,,,,
cf30c735,cf30c735-96b2-4853-8281-5c0e389222d3,686490,edenc001,edenca01,eden--000cam,25476,,,,,,Eden,Cam,Cameron Ray,,,,1998,3,31,,,,2019,2024,2023,2023,2017,2019,,,,,,,,,,
cf38bae6,cf38bae6-1dd4-4aa5-8d69-b4fd8cc64d87,620439,barrf001,barrefr02,barret004fra,15519,,,,,Q23901569,Barreto,Franklin,Franklin Jose,,Rojas,,1996,2,27,,,,2013,2024,2017,2020,,,,,,,,,,,,
cf42adec,cf42adec-aec9-481a-9ad4-8c4f3a297eec,592527,marim001,mariomi01,mariot001mic,10835,,,,,Q16232260,Mariot,Michael,Michael Ryan,,,,1988,10,20,,,,2010,2024,2014,2023,,,,,,,,,,,,
cf527eb9,cf527eb9-eae1-4b7c-90ea-3dcf83097beb,657011,stokt001,stoketr01,stokes000tro,17478,,,,,Q72904431,Stokes,Troy,Troy William,,,,1996,2,2,,,,2014,2023,2021,2021,,,,,,,,,,,,
cf54efdd,cf54efdd-290f-4537-9c81-f4310bd4866e,543725,roseb003,rosenbj01,rosenb001bri,7183,,,,,Q778987,Rosenberg,B. J.,Brian James,,,,1985,9,17,,,,2008,2014,2012,2014,2004,2008,,,,,,,,,,
cf60c79d,cf60c79d-a421-4e5d-9228-c7c4a1e7d468,641582,fostm001,fostema01,foster002mat,19647,,,,,Q100166253,Foster,Matt,Matthew James,,,,1995,1,27,,,,2016,2024,2020,2024,2016,2016,,,,,,,,,,
cf65e7f4,cf65e7f4-6bf7-4dec-ad71-e22fde37bdc2,465629,mujie001,mujiced01,mujica001edw,3970,,,,,Q2355482,Mujica,Edward,Edward Jose,,,,1984,5,10,,,,2003,2018,2006,2017,,,,,,,,,,,,
cf7aeb36,cf7aeb36-fad7-4307-b95b-25cae0e34689,674370,bidoo001,bidoos01,bido--000osv,23150,,,,,,Bido,Osvaldo,Osvaldo,,Ventura,,1995,10,18,,,,2017,2024,2023,2024,,,,,,,,,,,,
cf8a021c,cf8a021c-f7ab-494f-a986-5acc1a4f1e72,501660,almoz001,almonzo01,almont001zoi,6732,43345136,,,,Q8073508,Almonte,Zoilo,Zoilo Manuel,,,,1989,6,10,,,,2006,2024,2013,2014,,,,,,,,,,,,
cf97d0ef,cf97d0ef-904f-412e-9a9d-794e14c08f4a,435560,quino001,quintom01,quinta001oma,6335,,,,,Q3351902,Quintanilla,Omar,Omar,,,,1981,10,24,,,,2003,2017,2005,2014,2001,2003,,,,,,,,,,
cfc5d6e9,cfc5d6e9-b79b-4c75-a659-51023da678f9,641703,honeb001,honeybr01,honeyw002bre,16466,,,,,Q29833507,Honeywell,Brent,Brent Lee,,,,1995,3,31,,,,2014,2024,2021,2024,,,,,,,,,,,,
cfd7ad4a,cfd7ad4a-deb4-464c-8ae6-ffe57e9347c4,547982,martl004,martile01,martin007leo,11846,23725138,,,,Q3229801,Martín,Leonys,Leonys,,Tápanes,,1988,3,6,,,,2005,2024,2011,2019,,,,,,,,,,,,
cfdf60d0,cfdf60d0-859f-466d-be6c-612283c12ae2,595978,hedga001,hedgeau01,hedges000aus,12976,,,,,Q4823117,Hedges,Austin,Austin Charles,,,,1992,8,18,,,,2011,2024,2015,2024,,,,,,,,,,,,
cfeb162e,cfeb162e-9c65-400a-b71d-f0d06245f8a7,669684,murpc001,murphch01,murphy007chr,26214,,,,,,Murphy,Chris,Christopher Michael,,,,1998,6,5,,,,2019,2023,2023,2023,2017,2019,,,,,,,,,,
cff9b8a6,cff9b8a6-4936-48a1-b245-3defca697e37,456488,nunee002,nunezed02,nunez-002edu,6848,,,,,Q1139273,Núñez,Eduardo,Eduardo Michelle,,Mendez,,1987,6,15,,,,2005,2021,2010,2020,,,,,,,,,,,,
