key_person,key_uuid,key_mlbam,key_retro,key_bbref,key_bbref_minors,key_fangraphs,key_npb,key_sr_nfl,key_sr_nba,key_sr_nhl,key_wikidata,name_last,name_first,name_given,name_suffix,name_matrilineal,name_nick,birth_year,birth_month,birth_day,death_year,death_month,death_day,pro_played_first,pro_played_last,mlb_played_first,mlb_played_last,col_played_first,col_played_last,pro_managed_first,pro_managed_last,mlb_managed_first,mlb_managed_last,col_managed_first,col_managed_last,pro_umpired_first,pro_umpired_last,mlb_umpired_first,mlb_umpired_last
300567ad,300567ad-3070-48af-b884-a341e0144adf,664208,matop002,matonph01,maton-000phi,18064,,,,,Q30275925,Maton,Phil,Phillip Louis,,,,1993,3,25,,,,2015,2024,2017,2024,2012,2015,,,,,,,,,,
300ae6bf,300ae6bf-106f-4065-bb00-81f6487096d1,543459,lombs002,lombast02,lombar002ste,5422,,,,,Q3498997,Lombardozzi,Steve,Stephen Anthony Paul,Jr.,,,1988,9,20,,,,2008,2022,2011,2017,,,,,,,,,,,,
301a5e0c,301a5e0c-dbe7-4bc2-abfc-b6718c46cff1,279824,buehm001,buehrma01,buehrl001mar,225,,,,,Q1399708,Buehrle,Mark,Mark Alan,,,,1979,3,23,,,,1999,2015,2000,2015,1998,1999,,,,,,,,,,
3037a53e,3037a53e-c7f2-4840-b85e-113bd888ef6f,542888,armss001,armstsh01,armstr001sha,12857,,,,,Q20804473,Armstrong,Shawn,Shawn Michael,,,,1990,9,11,,,,2011,2024,2015,2024,2009,2011,,,,,,,,,,
304bc49b,304bc49b-a30d-4058-81c1-640c037d4dbd,641149,parsw001,parsowe01,parson000wes,14764,,,,,Q55238216,Parsons,Wes,Arthur Wesley,,,,1992,9,6,,,,2013,2024,2018,2024,,,,,,,,,,,,
304ffd3b,304ffd3b-108a-4f03-b26a-a3562e8fbd64,671345,folej001,foleyja01,foley-000jas,19531,,,,,,Foley,Jason,Jason Joseph,,,,1995,11,1,,,,2016,2024,2021,2024,2014,2016,,,,,,,,,,
306d64e4,306d64e4-4e91-4fb7-bb8d-6ea4a780a235,591712,herno002,hernaos01,hernan002osc,13490,,,,,Q20657000,Hernández,Óscar,Óscar Eduardo,,Rios,,1993,7,9,,,,2010,2023,2015,2020,,,,,,,,,,,,
30728ed9,30728ed9-f8c4-44c0-98ee-580ebea67589,608718,suteb001,suterbr01,suter-000bre,13942,,,,,Q26436327,Suter,Brent,Brent Michael,,,,1989,8,29,,,,2012,2024,2016,2024,2009,2012,,,,,,,,,,
3076ed98,3076ed98-c99f-4b98-a600-19e9d7f47122,453264,veald001,vealdo01,veal--001don,4741,,,,,Q3036810,Veal,Donnie,Donald Tyrone,,,,1984,9,18,,,,2005,2015,2009,2015,2005,2005,,,,,,,,,,
30a603cb,30a603cb-28c1-4eb0-a6aa-42d5d46c793a,670167,schrj001,schrejo01,schrei002joh,20020,,,,,Q66363077,Schreiber,John,John Robert,,,,1994,3,5,,,,2016,2024,2019,2024,,,,,,,,,,,,
30b0219b,30b0219b-c4e8-4c14-98a3-21af6cfeda72,681806,wanta001,wantzan01,wantz-000and,24933,,,,,Q107407185,Wantz,Andrew,Andrew Hunter,,,,1995,10,13,,,,2018,2024,2021,2024,2015,2018,,,,,,,,,,
30b98af7,30b98af7-b657-44cd-a896-eb8b931b6197,543089,davit004,davista01,davis-001tay,12782,,,,,Q39075269,Davis,Taylor,Taylor Matthew,,,,1989,11,28,,,,2011,2022,2017,2021,2009,2011,,,,,,,,,,
30e5387c,30e5387c-0f76-4bd6-958d-632c84ba8d37,622668,casti001,castiiv01,castil000---,15971,,,,,,Castillo,Ivan,Ivan Enrique,,Artiles,,1995,5,30,,,,2012,2024,2021,2021,,,,,,,,,,,,
310a1f36,310a1f36-7206-451e-a7dd-ff81ceb5eb7b,592325,gameb001,gamelbe01,gamel-001ben,12160,,,,,Q24049011,Gamel,Ben,Benjamin Joseph,,,,1992,5,17,,,,2010,2024,2016,2024,,,,,,,,,,,,
3112be04,3112be04-7500-4e52-bd3c-c6223fd69140,594772,buchj001,buchaja01,buchan001jak,10962,,,,,Q16934939,Buchanan,Jake,Jake Thomas,,,,1989,9,24,,,,2010,2021,2014,2017,,,,,,,,,,,,
31461ae8,31461ae8-5f4b-41c1-998d-f92bfe7abd47,435219,hannj001,hannaja01,hannah004joh,3692,,,,,Q876753,Hannahan,Jack,John Joseph,,,,1980,3,4,,,,2001,2015,2006,2014,1999,2001,,,,,,,,,,
31533063,31533063-6d0a-4655-ab52-ebde6b2289c1,621962,thomi001,thomaia01,thomas001ian,13881,,,,,Q16231987,Thomas,Ian,Ian Drew,,,,1987,4,20,,,,2009,2019,2014,2015,,,,,,,,,,,,
3176556d,3176556d-1f20-470a-a11d-a8526a1558fa,571841,kellt001,kellyty01,kelly-001tyl,7740,,,,,Q24248188,Kelly,Ty,Tyler Patrick,,,,1988,7,20,,,,2009,2022,2016,2018,,,,,,,,,,,,
31805fb2,31805fb2-6684-4dcd-a278-02aea83b41d9,669391,whito001,whiteow01,white-000owe,22273,,,,,,White,Owen,William Timothy Owen,,,,1999,8,9,,,,2021,2024,2023,2024,,,,,,,,,,,,
31876cfb,31876cfb-a3e2-49a3-be6e-71ccc32e1ca6,656234,birdj001,birdja01,bird--000jak,21267,,,,,Q112500978,Bird,Jake,Jacob Timothy,,,,1995,12,4,,,,2018,2024,2022,2024,2015,2018,,,,,,,,,,
3187bf02,3187bf02-e689-4c11-99cc-c15eb543435c,643511,roget002,rogerty01,rogers002tyl,15541,,,,,Q61787614,Rogers,Tyler,Tyler Scott,,,,1990,12,17,,,,2013,2024,2019,2024,2012,2013,,,,,,,,,,
3191f3d4,3191f3d4-0f21-4c3f-861b-11c7dd6444e0,592779,stewb001,stewabr01,stewar001bro,16727,,,,,Q24885141,Stewart,Brock,Brock Allen,,,,1991,10,3,,,,2014,2024,2016,2024,2011,2014,,,,,,,,,,
3193a7bb,3193a7bb-0ed4-4788-a4ee-4264db942ac5,542993,burnb002,burnsbi02,burns-002bil,12701,,,,,Q17445869,Burns,Billy,William John,,,,1989,8,30,,,,2011,2019,2014,2017,2009,2011,,,,,,,,,,
31ccb326,31ccb326-cb11-4868-a38c-3749e0427797,543742,sandj002,sandsje01,sands-002ger,4016,63365151,,,,Q2407225,Sands,Jerry,Gerald Robert,,,,1987,9,28,,,,2008,2021,2011,2016,2006,2008,,,,,,,,,,
31f5aa13,31f5aa13-0ce5-4fec-9bff-60a38cd32454,663989,vespn001,vespini01,vespi-000nic,21093,,,,,Q112058075,Vespi,Nick,Nicholas Anthony,,,,1995,10,10,,,,2015,2024,2022,2024,,,,,,,,,,,,
31fc4328,31fc4328-b214-4dee-954b-77619574067c,671250,ona-j001,onajo01,ona---000jor,20040,,,,,,Oña,Jorge,Jorge Luis,,Ugarte,,1996,12,31,,,,2014,2023,2020,2020,,,,,,,,,,,,
31fcb77f,31fcb77f-baa4-4902-9238-9870b8c0c0ce,686972,waitc001,waiteco01,waites000col,25665,,,,,,Waites,Cole,Cole Robert,,,,1998,6,10,,,,2019,2023,2022,2023,2017,2019,,,,,,,,,,
31fd95b4,31fd95b4-8feb-42c6-904a-2612ab54d867,672779,marct001,marcatu01,marcan000tuc,22871,,,,,Q106328321,Marcano,Tucupita,Tucupita Jose,,Circelli,,1999,9,16,,,,2017,2024,2021,2023,,,,,,,,,,,,
320dbdb9,320dbdb9-31b5-4be1-afea-8d66ccc36efc,642165,vanmj001,vanmejo01,vanmet002jos,15170,,,,,Q26405003,VanMeter,Josh,Josh Michael,,,,1995,3,10,,,,2013,2024,2019,2022,,,,,,,,,,,,
32304517,32304517-9b8b-42d2-96cb-72c854cfcba6,444446,balec001,balesco01,balest001col,6883,,,,,Q2983400,Balester,Collin,Collin Thomas,,,,1986,6,6,,,,2004,2017,2008,2015,,,,,,,,,,,,
3242177b,3242177b-f7ce-4821-a68f-8bde436159a8,542921,beckt001,beckhti01,beckha001tim,7949,,,,,Q7803157,Beckham,Tim,Timothy Lamar,,,,1990,1,27,,,,2008,2022,2013,2022,,,,,,,,,,,,
32451568,32451568-8d07-4032-8cf5-1312b6dd27c7,500743,rojam002,rojasmi02,rojas-003mig,7802,,,,,Q17183664,Rojas,Miguel,Miguel Elias,,Naidernoff,,1989,2,24,,,,2006,2024,2014,2024,,,,,,,,,,,,
32500071,32500071-7a8e-4b8f-9cb7-5a5fc6de62c4,457425,meeke001,meekev01,meek--001eva,5109,,,,,Q3061323,Meek,Evan,Evan David,,,,1983,5,12,,,,2003,2016,2008,2014,2003,2003,,,,,,,,,,
325cc3b3,325cc3b3-e7e0-4c6a-83eb-ea44c4c38f7a,663474,mcket001,mckentr01,mckenz000tri,18000,,,,,Q50345038,McKenzie,Triston,Triston Andrew,,,,1997,8,2,,,,2015,2024,2020,2024,,,,,,,,,,,,
32630952,32630952-27a8-4514-bca0-7f97cc990337,499624,colac001,colabch01,colabe001chr,13051,,,,,Q13417044,Colabello,Chris,Christopher Adrian,,,,1983,10,24,,,,2005,2024,2013,2016,,,,,,,,,,,,
326996de,326996de-4d9c-42cc-bab4-da1e611427e1,571851,kiebs001,kiebosp01,kieboo000spe,13300,,,,,Q27048842,Kieboom,Spencer,Spencer John,,,,1991,3,16,,,,2012,2019,2016,2018,2010,2012,,,,,,,,,,
326cf985,326cf985-254a-46c3-b129-c06af2ebb57e,608167,aro-j001,arojo01,aro---000jon,14699,,,,,Q20312055,Aro,Jonathan,Jonathan Arturo,,Roman,,1990,10,10,,,,2011,2024,2015,2016,,,,,,,,,,,,
32775691,32775691-b73e-42bb-8545-80911f7b6c73,641355,bellc002,bellico01,bellin000cod,15998,,,,,Q29514757,Bellinger,Cody,Cody James,,,,1995,7,13,,,,2013,2024,2017,2024,,,,,,,,,,,,
32a1022a,32a1022a-8aea-4e5b-9011-968def8949c5,670057,hartr001,hartmry01,hartma002rya,19480,,,,,,Hartman,Ryan,Ryan James,,,,1994,4,21,,,,2016,2023,2021,2021,,,,,,,,,,,,
32c88355,32c88355-e519-4c02-ada2-84bda71210b1,519293,smitw002,smithwi04,smith-058wil,8048,,,,,Q3568303,Smith,Will,William Michael,,,,1989,7,10,,,,2008,2024,2012,2024,,,,,,,,,,,,
32df7dbe,32df7dbe-1360-4a66-b593-ad5aaa988956,502226,gentc001,gentrcr01,gentry001cra,9571,,,,,Q1046036,Gentry,Craig,Craig Alan,,,,1983,11,29,,,,2006,2019,2009,2018,2005,2006,,,,,,,,,,
332c600d,332c600d-0b91-4e3c-a6b7-38667fd6d884,612272,lazor001,lazora01,lazo--000rau,14077,,,,,Q20931751,Lazo,Raudel,Raudel,,Blanco,,1989,4,12,,,,2008,2019,2015,2015,,,,,,,,,,,,
333a87aa,333a87aa-a459-45d2-941c-4d4741383be9,672515,moreg001,morenga01,moreno000gab,22664,,,,,,Moreno,Gabriel,Gabriel Jose,,Marquez,,2000,2,14,,,,2017,2024,2022,2024,,,,,,,,,,,,
33666c29,33666c29-cc12-46f9-9456-a3efcfc57e71,543194,galli001,gallois01,gallow003isa,5238,,,,,Q55956067,Galloway,Isaac,Isaac,,,,1989,10,10,,,,2008,2019,2018,2019,,,,,,,,,,,,
33687c9b,33687c9b-a8f7-4200-a934-6038c5068e59,621043,corrc001,correca01,correa000car,14162,,,,,Q82518,Correa,Carlos,Carlos Javier,,,,1994,9,22,,,,2012,2024,2015,2024,,,,,,,,,,,,
337313f5,337313f5-180d-4133-9514-eb3c6c7d1c48,490063,garzm001,garzama01,garza-001mat,3340,,,,,Q931117,Garza,Matt,Matthew Scott,,,,1983,11,26,,,,2005,2017,2006,2017,2003,2005,,,,,,,,,,
33899f60,33899f60-6d01-414a-89d0-d88f34f44b88,573668,minaj001,minayju01,minaya001jua,10341,,,,,Q26775150,Minaya,Juan,Juan Gustavo,,,,1990,9,18,,,,2009,2023,2016,2022,,,,,,,,,,,,
339548a6,339548a6-5794-4789-a592-cc45e677b595,613564,voslj001,vosleja01,vosler000jas,16686,,,,,,Vosler,Jason,Jason Glenn,,,,1993,9,6,,,,2014,2024,2021,2024,2012,2014,,,,,,,,,,
33d2f336,33d2f336-cf4f-4b05-9614-3799c55d30a5,660261,fujis001,fujinsh01,fujina000shi,31839,41045137,,,,,Fujinami,Shintaro,Shintaro,,,,1994,4,12,,,,2013,2024,2023,2023,,,,,,,,,,,,
33d9dc1b,33d9dc1b-d79c-4f3d-b065-9472a3f865e9,676254,walkr001,walkery01,walker004rya,20423,,,,,,Walker,Ryan,Ryan Patrick,,,,1995,11,26,,,,2018,2024,2023,2024,2015,2018,,,,,,,,,,
33db494f,33db494f-8a9e-4bc2-a510-05a8094442e2,431094,hilla001,hillaa01,hill--001aar,6104,,,,,Q1045863,Hill,Aaron,Aaron Walter,,,,1982,3,21,,,,2003,2017,2005,2017,2001,2003,,,,,,,,,,
33dd1a6e,33dd1a6e-9d20-4e2c-92d6-a1dad3018144,608654,fielj003,fieldjo04,field-001joh,15048,,,,,Q51858021,Field,Johnny,John David,,,,1992,2,20,,,,2013,2022,2018,2018,2011,2013,,,,,,,,,,
33e68284,33e68284-3afa-4bf0-87f5-daf6726d33e6,572038,pindb001,pindebr01,pinder000bra,12093,,,,,Q16929747,Pinder,Branden,Branden Henry,,,,1989,1,26,,,,2011,2018,2015,2016,2010,2011,,,,,,,,,,
33e7fa7d,33e7fa7d-2094-4ff8-b05b-6dc5f85cb4b9,669674,longs002,longsa01,long--003sam,25379,,,,,Q107313712,Long,Sam,Samuel Trenton,,,,1995,7,8,,,,2016,2024,2021,2024,2014,2016,,,,,,,,,,
33e9ef3e,33e9ef3e-4377-415d-b669-a91af46b5e36,642060,sedlc001,sedloco01,sedloc000cod,19357,,,,,,Sedlock,Cody,Cody Austin,,,,1995,6,19,,,,2016,2024,2022,2022,2014,2016,,,,,,,,,,
33fdfb35,33fdfb35-0c4c-4f73-b8f2-01058dae6353,642708,rosaa003,rosaram01,rosari000ame,15518,,,,,Q16658122,Rosario,Amed,German Amed,,Valdez,,1995,11,20,,,,2013,2024,2017,2024,,,,,,,,,,,,
340ee4ba,340ee4ba-1abd-4864-bceb-1383fb08900f,701538,merrj002,merrija01,merril000jac,29490,,,,,,Merrill,Jackson,Jackson Peter,,,,2003,4,19,,,,2021,2024,2024,2024,,,,,,,,,,,,
3414cb3d,3414cb3d-fa66-42c3-8c4e-9bbc26b564de,643361,hergk001,hergeke01,herget000kev,15369,,,,,,Herget,Kevin,Kevin R.,,,,1991,4,3,,,,2013,2024,2022,2024,2011,2013,,,,,,,,,,
3432a4e0,3432a4e0-1263-4327-86b3-72dbd7e46872,595939,ellic001,ellisch01,ellis-002chr,16125,,,,,Q62755797,Ellis,Chris,Christopher John,,,,1992,9,22,,,,2014,2024,2019,2022,2012,2014,,,,,,,,,,
343beaea,343beaea-9bc2-4185-994c-bfaeeadd77c5,656686,martc009,martico02,martin002cor,19884,,,,,Q64009047,Martin,Corbin,Corbin Montgomery,,,,1995,12,28,,,,2017,2024,2019,2022,2015,2017,,,,,,,,,,
343f5037,343f5037-1e0e-4989-b896-d5d9a760b041,514913,tejar001,tejadru01,tejada001rub,5519,,,,,Q2070270,Tejada,Rubén,Rubén Dario,,,,1989,10,27,,,,2007,2024,2010,2019,,,,,,,,,,,,
3455dd5f,3455dd5f-6ca3-4611-8a4b-3524900eb95b,444843,ethia001,ethiean01,ethier001and,6265,,,,,Q1189147,Ethier,Andre,Andre Everett,,,,1982,4,10,,,,2003,2017,2006,2017,2002,2003,,,,,,,,,,
34600365,34600365-2145-4571-b349-7d47b20446d0,474699,worlv001,worleva01,worley001van,6435,,,,,Q3554458,Worley,Vance,Vance Richard,,,,1987,9,25,,,,2008,2022,2010,2017,2006,2008,,,,,,,,,,
346b7ce8,346b7ce8-0a92-45ce-a648-7f1e20c69e06,453527,kazms002,kazmase01,kazmar001sea,7349,,,,,Q3476730,Kazmar,Sean,Sean Frank,,,,1984,8,5,,,,2004,2021,2008,2021,,,,,,,,,,,,
348ef7be,348ef7be-d91b-4df0-a421-f5466f7982e0,607229,gselr001,gsellro01,gsellm000rob,13696,93495155,,,,Q16597058,Gsellman,Robert,Robert John,,,,1993,7,18,,,,2011,2024,2016,2022,,,,,,,,,,,,
349c35c1,349c35c1-306d-4f46-a120-9d229d4afba9,595014,treib001,treinbl01,treine001bla,12572,,,,,Q16232478,Treinen,Blake,Blake Michael,,,,1988,6,30,,,,2011,2024,2014,2024,2010,2011,,,,,,,,,,
349f25ac,349f25ac-84c9-4b30-9f90-9ea625e167b7,640460,peted002,peterdu01,peters000dus,15189,,,,,Q19577541,Peterson,Dustin,Dustin Allen,,,,1994,9,10,,,,2013,2024,2018,2019,,,,,,,,,,,,
34a9b04f,34a9b04f-3c58-4341-a0ff-0b99bc8c7027,681982,andeg002,andergr01,anders001gra,20546,,,,,,Anderson,Grant,Grant Reed,,,,1997,6,21,,,,2018,2024,2023,2024,2016,2018,,,,,,,,,,
34b87092,34b87092-f33c-49bd-b3b8-c19f2f6ca771,594027,guert001,guerrta01,guerre001tay,11691,93995155,,,,Q24084732,Guerrero,Tayron,Tayron Luis,,Otero,,1991,1,9,,,,2010,2024,2016,2019,,,,,,,,,,,,
34bc060b,34bc060b-24b6-4fc0-9d28-b1ae32df1ce6,605169,cappc001,cappsca01,capps-000car,12803,,,,,Q2940555,Capps,Carter,Carter Lewis,,,,1990,8,7,,,,2011,2018,2012,2017,2010,2011,,,,,,,,,,
34c5e2ef,34c5e2ef-702f-42df-855b-4c157b232d57,458713,slowk001,sloweke01,slowey001kev,9918,,,,,Q3195807,Slowey,Kevin,Kevin Michael,,,,1984,5,4,,,,2005,2014,2007,2014,2003,2005,,,,,,,,,,
34ca073e,34ca073e-f5d4-49b4-8b6e-f27299baa4be,430606,adamm001,adamsmi03,adams-001jon,1937,,,,,Q1394381,Adams,Mike,Jon Michael,,,,1978,7,29,,,,2001,2014,2004,2014,1999,2001,,,,,,,,,,
34df4c05,34df4c05-3612-43c4-b540-29c58016f793,491703,felin001,felizne01,feliz-001nef,18,,,,,Q1185663,Feliz,Neftalí,Neftalí,,Antonio,,1988,5,2,,,,2006,2024,2009,2021,,,,,,,,,,,,
34f7e778,34f7e778-9eb8-476a-a218-b438e9567731,622608,senza001,senzaan01,senzat000ant,15488,,,,,Q29107602,Senzatela,Antonio,Antonio,,Rondon,,1995,1,21,,,,2012,2024,2017,2024,,,,,,,,,,,,
35150536,35150536-6030-4c49-afe7-440d6e66558d,543070,crowa001,crowaa01,crow--001aar,10149,,,,,Q2820036,Crow,Aaron,Aaron James,,,,1986,11,10,,,,2008,2018,2011,2014,2006,2008,,,,,,,,,,
353f06ab,353f06ab-7a84-4113-9350-3024f4bc7827,543901,weber001,weberry01,weber-003jam,10160,,,,,Q20962337,Weber,Ryan,James Ryan,,,,1990,8,12,,,,2009,2023,2015,2023,,,,,,,,,,,,
355b7176,355b7176-e5b7-42d2-9ba2-053975862bfe,451775,rodrf004,rodrife02,rodrig003fer,7558,,,,,Q3069539,Rodriguez,Fernando,Fernando,,,,1984,6,18,,,,2003,2019,2009,2016,,,,,,,,,,,,
358a69fa,358a69fa-ae06-4712-b176-659ea71c91ff,676596,flemj001,flemijo01,flemin003jos,20418,,,,,Q98547762,Fleming,Josh,Joshua Randol,,,,1996,5,18,,,,2017,2024,2020,2024,2015,2017,,,,,,,,,,
358b3691,358b3691-72f2-45ea-98db-97c6def085db,668834,mcgee001,mcgeeea01,mcgee-000eas,22176,,,,,,McGee,Easton,Easton Michael,,,,1997,12,26,,,,2016,2024,2022,2023,,,,,,,,,,,,
35afe6e1,35afe6e1-792e-4a3c-971b-d089c76f9fd6,621593,casta005,castran02,castro004ant,19789,,,,,Q98004925,Castro,Anthony,Anthony Silfredo,,,,1995,4,13,,,,2012,2024,2020,2022,,,,,,,,,,,,
35b5cb46,35b5cb46-2c76-4e3e-b21c-65fe73bd45b8,120074,ortid001,ortizda01,ortiz-001dav,745,,,,,Q448005,Ortiz,David,David Americo,,Arias,,1975,11,18,,,,1994,2016,1997,2016,,,,,,,,,,,,
35bee484,35bee484-4f2f-46e2-90ad-7d02be29cd13,673858,wongj001,wongja01,wong--000jak,23095,,,,,,Wong,Jake,Jacob Ryne,,,,1996,9,3,,,,2018,2024,2023,2023,2016,2018,,,,,,,,,,
35d83e3c,35d83e3c-43e0-437a-9914-a340ae999266,554340,garcy001,garciyi01,garcia001yim,12095,,,,,Q17715101,García,Yimi,Yimi,,,,1990,8,18,,,,2009,2024,2014,2024,,,,,,,,,,,,
35f31c3d,35f31c3d-f887-4812-ae6d-0813df116736,451788,marcs001,marcush01,marcum001sha,6204,,,,,Q1854446,Marcum,Shaun,Shaun Michal,,,,1981,12,14,,,,2003,2015,2005,2015,2001,2003,,,,,,,,,,
35f33b17,35f33b17-c664-4d4a-84a5-18037c609ffc,605463,scott004,scottta02,scott-000tay,13652,03505151,,,,Q64483921,Scott,Tayler,Tayler James,,,,1992,6,1,,,,2011,2024,2019,2024,,,,,,,,,,,,
360b9a6c,360b9a6c-7551-48e9-998c-f2427c4325ca,595032,whitc001,whitlch01,whitle001cha,10982,,,,,Q16884292,Whitley,Chase,Chase Coleman,,,,1989,6,14,,,,2010,2018,2014,2018,,,,,,,,,,,,
364c27fb,364c27fb-9ecf-47f0-bdcd-8806a887014b,595386,rogej002,rogerja02,rogers002jas,11773,23025134,,,,Q18000013,Rogers,Jason,Jason Douglas,,,,1988,3,13,,,,2010,2023,2014,2016,,,,,,,,,,,,
365cd5c8,365cd5c8-e1f5-4845-83f6-f990a756cced,543532,melvt001,melviti01,melvil001tim,9149,,,,,Q23664331,Melville,Tim,Timothy Macgill,,,,1989,10,9,,,,2009,2024,2016,2019,,,,,,,,,,,,
3661f3e0,3661f3e0-e4e3-477c-8b2f-f084eb606088,680552,swagt001,swaggtr01,swagge000tra,24491,,,,,,Swaggerty,Travis,Travis Wade,,,,1997,8,19,,,,2018,2024,2022,2022,2016,2018,,,,,,,,,,
3678b88f,3678b88f-96ad-4ef0-b4dd-f24347eeafc5,683155,estej001,estesjo01,estes-000jos,26257,,,,,,Estes,Joey,Joseph Lee,,,,2001,10,8,,,,2019,2024,2023,2024,,,,,,,,,,,,
368fba37,368fba37-4347-4217-a034-b9a72f5a0068,606167,mejia001,mejiaad01,mejia-000ada,13188,,,,,Q26702467,Mejía,Adalberto,Adalberto,,,,1993,6,20,,,,2011,2021,2016,2019,,,,,,,,,,,,
3693a4af,3693a4af-25e2-44ea-ac63-c5e2c28caab4,430652,bourj001,bourgja01,bourge001jas,2225,,,,,Q3162899,Bourgeois,Jason,Jason Jerrod,,,,1982,1,4,,,,2000,2018,2008,2015,,,,,,,,,,,,
369942fd,369942fd-f4aa-442c-aefe-169c7e2adfda,572182,sweed001,sweenda02,sweene001dar,13284,,,,,Q20856659,Sweeney,Darnell,Darnell Thomas,,,,1991,2,1,,,,2012,2024,2015,2018,2010,2012,,,,,,,,,,
369ea8a6,369ea8a6-e13a-479f-9b64-6c37d67b512f,655889,rodrm001,rodrima01,rodrig015man,20794,,,,,Q107803453,Rodríguez,Manuel,Manuel De Jesus,,Caamal,,1996,8,6,,,,2014,2024,2021,2024,,,,,,,,,,,,
36ed3332,36ed3332-38ed-4ce7-af58-07c04bfa7b8d,592831,wadek001,wadeko01,wade--001kon,14655,,,,,,Wade,Konner,Konner James,,,,1991,12,3,,,,2013,2023,2021,2021,2011,2013,,,,,,,,,,
370521de,370521de-3966-4462-a00e-fb72f86506f5,656568,hurss001,hurstsc01,hurst-002sco,20501,,,,,Q106518436,Hurst,Scott,Scott Andrew,,,,1996,3,25,,,,2017,2023,2021,2021,2015,2017,,,,,,,,,,
371f78b7,371f78b7-d73a-47bd-8fff-bb4a5f3a5df3,664247,garlk001,garliky01,garlic000kyl,18063,,,,,Q64010151,Garlick,Kyle,Kyle Bruce,,,,1992,1,26,,,,2015,2024,2019,2023,2011,2015,,,,,,,,,,
372566fd,372566fd-d37c-48df-8864-f7eac03b8bcb,668800,kniza001,kniznan01,knizne000and,19514,,,,,Q55583695,Knizner,Andrew,Andrew Robert,,,,1995,2,3,,,,2016,2024,2019,2024,2014,2016,,,,,,,,,,
37358e2a,37358e2a-6b3a-4169-b300-6304218676e9,543118,drako001,drakeol01,drake-001oli,8823,,,,,Q7087502,Drake,Oliver,Oliver Gardner,,,,1987,1,13,,,,2008,2020,2015,2020,,,,,,,,,,,,
373b10a6,373b10a6-57c4-4bbd-9abd-fb66713d1cf4,622492,mellk001,mellake01,mella-000keu,15964,,,,,Q30015018,Mella,Keury,Keury,,,,1993,8,2,,,,2012,2024,2017,2021,,,,,,,,,,,,
3743d3e4,3743d3e4-2516-47ac-b550-270de3693350,606291,cabrm003,cabrema01,cabrer000mau,12975,,,,,Q24962012,Cabrera,Mauricio,Mauricio Adolfo,,Valdez,,1993,9,22,,,,2011,2023,2016,2016,,,,,,,,,,,,
37523d1b,37523d1b-1476-41ab-990f-6d08cd6f3cfd,450314,zobrb001,zobribe01,zobris001ben,7435,,,,,Q1061268,Zobrist,Ben,Benjamin Thomas,,,Zorilla,1981,5,26,,,,2004,2019,2006,2019,2001,2004,,,,,,,,,,
37705bff,37705bff-3e2b-47ac-a1ab-f1d4c6c6b74d,488768,casha001,cashnan01,cashne001and,8782,,,,,Q582591,Cashner,Andrew,Andrew Burton,,,,1986,9,11,,,,2008,2019,2010,2019,2008,2008,,,,,,,,,,
37728bab,37728bab-bb10-415c-b606-923e15492ee8,664584,romej003,romerjh01,romero000jho,19940,,,,,,Romero,Jhon,Jhon Jairo,,Rodriguez,,1995,1,17,,,,2015,2024,2021,2022,,,,,,,,,,,,
37a42f00,37a42f00-41b1-44ca-84cb-52a0521a0508,592677,riefc001,riefecj01,riefen001cha,11193,,,,,Q16500585,Riefenhauser,C. J.,Charles Joseph,,,,1990,1,30,,,,2010,2017,2014,2015,,,,,,,,,,,,
37b9034d,37b9034d-503a-448c-86c3-941f8dbf5b6b,572041,polla001,polloaj01,polloc001aj-,9256,,,,,Q2818923,Pollock,AJ,Allen Lorenz,,,,1987,12,5,,,,2009,2023,2012,2023,2007,2009,,,,,,,,,,
37c37560,37c37560-c165-4b1a-9de7-a2b482b7c67d,656970,smeld001,smeltde01,smeltz000dev,19487,,,,,Q29643331,Smeltzer,Devin,Devin Paul,,,,1995,9,7,,,,2016,2024,2019,2023,2015,2015,,,,,,,,,,
37c91cd2,37c91cd2-de94-42cc-8b06-e26549eedafc,489448,zagum001,zagurmi01,zagurs001mic,9683,13315130,,,,Q3313600,Zagurski,Mike,Michael Justin,,,,1983,1,27,,,,2005,2018,2007,2018,2002,2005,,,,,,,,,,
37dc9e76,37dc9e76-58a4-4ef6-a4e0-caa6a7c2714e,615868,concg001,concege01,concep000ger,14411,,,,,Q5550252,Concepción,Gerardo,Gerardo,,Pérez,,1992,2,29,,,,2010,2018,2016,2016,,,,,,,,,,,,
37f229e2,37f229e2-0f93-4821-af9e-d6935a6afad1,679525,marsa001,marshal01,marsh-000ale,27451,,,,,,Marsh,Alec,Alec Tylar Michael,,,,1998,5,14,,,,2019,2024,2023,2024,2017,2019,,,,,,,,,,
380bd55d,380bd55d-ba19-442c-9f68-f8835fd1eb16,502032,norrb001,norribu01,norris002dav,9492,,,,,Q2927492,Norris,Bud,David Stefan,,,,1985,3,2,,,,2006,2021,2009,2018,2004,2006,,,,,,,,,,
38160f0a,38160f0a-0151-43c6-ba97-85e161aa83d9,681584,villd001,villada01,villar000dav,24782,,,,,Q113168978,Villar,David,David Alexander,,,,1997,1,27,,,,2018,2024,2022,2024,2016,2018,,,,,,,,,,
382c2b48,382c2b48-81a1-48d0-91fe-0e9456b787ee,407816,putzj001,putzjj01,putz--001jos,1795,,,,,Q3156810,Putz,J. J.,Joseph Jason,,,,1977,2,22,,,,1999,2014,2003,2014,1996,1999,,,,,,,,,,
382c3f73,382c3f73-9198-4a3a-9324-f5438d4d720e,460322,richa001,richaan01,richar001ant,209,,,,,Q2853426,Richardson,Antoan,Antoan Edward,,,,1983,10,8,,,,2005,2016,2011,2014,2004,2005,,,,,,,,,,
383766f4,383766f4-2032-4458-899a-2b9d7a5898bd,644429,sevea002,severan01,severi000and,20582,,,,,Q111594740,Severino,Anderson,Anderson,,Herrera,,1994,9,17,,,,2014,2024,2022,2022,,,,,,,,,,,,
3847ab75,3847ab75-fd71-4f61-9e09-bdd75b13ce34,650391,jimee001,jimenel02,jimene000elo,17484,,,,,Q31213301,Jiménez,Eloy,Eloy Arturo,,Solano,,1996,11,27,,,,2014,2024,2019,2024,,,,,,,,,,,,
3852f776,3852f776-bbcf-4142-8a55-605fd42aab36,672730,thenj001,thenju01,then--000jua,22828,,,,,,Then,Juan,Juan Manuel,,Paulino,,2000,2,7,,,,2017,2024,2023,2023,,,,,,,,,,,,
387c7212,387c7212-72c7-433c-8904-1678cc369d9e,673540,sengk001,sengako01,senga-000kod,31838,01005133,,,,,Senga,Kodai,Kodai,,,,1993,1,30,,,,2012,2024,2023,2024,,,,,,,,,,,,
3880cabb,3880cabb-cefc-4fb8-8e63-8cd3a2637979,622780,perda001,perdoan01,perdom000ang,17759,,,,,Q98522620,Perdomo,Ángel,Ángel David,,,,1994,5,7,,,,2012,2023,2020,2023,,,,,,,,,,,,
3885b1d0,3885b1d0-24cd-4d13-a33f-c75c0d692d00,594555,ceccg001,cecchga01,cecchi001---,11608,,,,,Q16233705,Cecchini,Garin,Garin Glenn,,,,1991,4,20,,,,2011,2017,2014,2015,,,,,,,,,,,,
389b9884,389b9884-1d56-4889-ae65-50b9bd805005,641684,hermm001,hermomi01,hermos000mig,16285,,,,,Q34865825,Hermosillo,Michael,Michael,,,,1995,1,17,,,,2013,2023,2018,2022,,,,,,,,,,,,
38aff0a8,38aff0a8-c175-454b-ab39-7ed81ad123b1,669004,melem001,melenmj01,melend000mj-,22197,,,,,,Melendez,MJ,Mervyl Samuel,,,,1998,11,29,,,,2017,2024,2022,2024,,,,,,,,,,,,
38b10c6a,38b10c6a-63ee-448b-abef-7266408fad0b,657006,steej002,steelju01,steele000jus,17312,,,,,Q72831969,Steele,Justin,Justin Carl,,,,1995,7,11,,,,2014,2024,2021,2024,,,,,,,,,,,,
38b545a9,38b545a9-036a-4afd-94b5-93b037ee99d7,488984,huntt002,hunteto02,hunter001tom,1157,,,,,Q861479,Hunter,Tommy,Raymond Thomas,,,,1986,7,3,,,,2007,2023,2008,2023,2006,2007,,,,,,,,,,
38b8eae7,38b8eae7-8674-4547-af41-ac19498a5b28,592433,jenkt001,jenkity01,jenkin001tyr,11378,,,,,Q18098310,Jenkins,Tyrell,Tyrell Deon,,,,1992,7,20,,,,2010,2017,2016,2016,,,,,,,,,,,,
38bcf1b1,38bcf1b1-4571-463a-ac2b-97b60a1099ad,502261,gillc002,gilleco01,gilles001col,5888,,,,,Q2982407,Gillespie,Cole,Cole Braden,,,,1984,6,20,,,,2006,2017,2010,2016,2004,2006,,,,,,,,,,
38d41694,38d41694-25bb-457a-af65-3c638de2e519,594988,sches001,schebsc01,schebl001sco,12225,,,,,Q18817632,Schebler,Scott,Scott Anthony,,,,1990,10,6,,,,2010,2022,2015,2021,,,,,,,,,,,,
38edd8b0,38edd8b0-5146-445c-b49e-644cadcb627f,665759,rossr003,rossora01,rosso-000ram,20368,,,,,Q97685878,Rosso,Ramón,Ramón Antonio,,Mieses,,1996,6,9,,,,2017,2024,2020,2021,,,,,,,,,,,,
38faa7ea,38faa7ea-1e97-434b-9c03-aad819e68644,665487,tatif002,tatisfe02,tatis-003fer,19709,,,,,Q50345083,Tatís,Fernando,Fernando Gabriel,,Medina,,1999,1,2,,,,2016,2024,2019,2024,,,,,,,,,,,,
38fdaff5,38fdaff5-c86c-4240-a95a-cfa3f7d50d7f,448167,mannb001,mannbr01,mann--001bra,5172,03305133,,,,Q4956955,Mann,Brandon,Brandon Michael,,,,1984,5,16,,,,2002,2020,2018,2018,,,,,,,,,,,,
3903d794,3903d794-8aba-4ceb-a5c6-3b83935fe956,669203,burnc002,burneco01,burnes000cor,19361,,,,,Q50345079,Burnes,Corbin,Corbin Brian,,,,1994,10,22,,,,2016,2024,2018,2024,2014,2016,,,,,,,,,,
391237f8,391237f8-9f83-4a33-a643-0166acd48ae1,622503,crisn001,crismna01,crisma000nab,17732,,,,,,Crismatt,Nabil,Nabil Antonio,,Abuchaibe,,1994,12,25,,,,2012,2024,2020,2024,,,,,,,,,,,,
3930c524,3930c524-aa02-40d2-a343-4e8264946d1c,488721,bourp001,bourjpe01,bourjo001pet,2578,,,,,Q3376471,Bourjos,Peter,Peter Christopher,,,,1987,3,31,,,,2006,2019,2010,2019,,,,,,,,,,,,
3949cdba,3949cdba-9fcc-4d38-9ef0-d8cc3b7d7dcc,606303,payaj001,payamjo01,payamp000joe,14332,,,,,Q66685115,Payamps,Joel,Joel Elias,,Garcia,,1994,4,7,,,,2011,2024,2019,2024,,,,,,,,,,,,
395df6ad,395df6ad-2639-4e02-81cc-7cfadfc42ac2,571676,frans001,frankse01,franko001jam,11346,,,,,Q30275926,Frankoff,Seth,James Seth,,,,1988,8,27,,,,2010,2022,2017,2021,,,,,,,,,,,,
39677bfe,39677bfe-c632-4271-8f31-1221378cc14a,663568,koles001,kolekst01,kolek-000ste,21487,,,,,,Kolek,Stephen,Stephen James,,,,1997,4,18,,,,2018,2024,2024,2024,2016,2018,,,,,,,,,,
396e8d45,396e8d45-4b27-4a03-88e1-3697ed503be4,571948,milnh001,milneho01,milner001hob,13346,,,,,Q30589253,Milner,Hoby,Hoby Trey,,,,1991,1,13,,,,2012,2024,2017,2024,2010,2012,,,,,,,,,,
39789365,39789365-aeef-40a0-b239-340a6177c281,474249,jackr005,jacksry02,jackso002rya,6596,,,,,Q7384178,Jackson,Ryan,Ryan Christopher,,,,1988,5,10,,,,2009,2022,2012,2015,2007,2009,,,,,,,,,,
39886aea,39886aea-d0ef-4571-9b06-ae9b61427220,641541,duplj001,duplajo01,duplan000jon,19546,,,,,Q52818190,Duplantier,Jon,Jon Christopher,,,,1994,7,11,,,,2016,2024,2019,2021,2014,2016,,,,,,,,,,
3991c874,3991c874-2342-445c-a507-9e74ed6b5e60,456387,feier001,feierry01,feiera001rya,6336,,,,,Q3453773,Feierabend,Ryan,Ryan Robert,,,,1985,8,22,,,,2003,2021,2006,2019,,,,,,,,,,,,
3991cb85,3991cb85-d383-4917-9821-b873f640278c,461833,hughp001,hugheph01,hughes001phi,7450,,,,,Q1189699,Hughes,Phil,Philip Joseph,,,,1986,6,24,,,,2004,2018,2007,2018,,,,,,,,,,,,
39a2c73d,39a2c73d-06d2-4b15-a826-df73bbba1c24,543677,ramsm003,ramsema01,ramsey002mat,14460,,,,,Q63314405,Ramsey,Matt,Matthew Garrett,,,,1989,9,24,,,,2012,2019,2019,2019,2009,2011,,,,,,,,,,
39ab47fe,39ab47fe-9b4e-45a8-b225-dc6768cc7636,668670,rogej004,rogerja03,rogers003jak,19452,,,,,Q66011108,Rogers,Jake,Jacob Ray,,,,1995,4,18,,,,2016,2024,2019,2024,2014,2016,,,,,,,,,,
39af4994,39af4994-3890-4805-8628-270756da46c8,543278,hardb001,hardybl01,hardy-001bla,6499,,,,,Q16231696,Hardy,Blaine,Blaine Patrick,,,,1987,3,14,,,,2008,2022,2014,2021,,,,,,,,,,,,
39b3d3c5,39b3d3c5-9ed0-4f4b-b7e5-563691109267,642100,speig001,speiega01,speier000gab,17170,,,,,Q30030263,Speier,Gabe,Gabriel James,,,,1995,4,12,,,,2013,2024,2019,2024,,,,,,,,,,,,
39bf82ba,39bf82ba-bc06-46e8-99f2-cb26127141e6,608339,greez001,greenza01,green-000zac,14973,,,,,Q65706139,Green,Zach,Zachary C.,,,,1994,3,7,,,,2012,2022,2019,2019,,,,,,,,,,,,
3a02aa6f,3a02aa6f-f5a2-4fe6-8e63-1652c3fabd78,592288,emank001,emanuke01,emanue001ken,15849,,,,,Q106619902,Emanuel,Kent,Kent Jeffrey,,,,1992,6,4,,,,2013,2024,2021,2024,2011,2013,,,,,,,,,,
3a0953a6,3a0953a6-2a4e-46ea-b9d9-a1cd1a646c89,621559,morom001,morofma01,moroff000max,14556,,,,,Q26207437,Moroff,Max,Maxwell Anthony,,,,1993,5,13,,,,2012,2021,2016,2021,,,,,,,,,,,,
3a165059,3a165059-66a0-42ac-b637-28825a869ca0,608348,kellc002,kellyca02,kelly-001car,13620,,,,,Q18637556,Kelly,Carson,Carson Franklin,,,,1994,7,14,,,,2012,2024,2016,2024,,,,,,,,,,,,
3a21e18e,3a21e18e-3bba-4ca1-8cea-a1dbe2dee3f1,650668,mejih001,mejiahu01,mejia-002hum,20739,93295157,,,,Q98174418,Mejía,Humberto,Humberto Albert,,Nunez,,1997,3,3,,,,2015,2024,2020,2021,,,,,,,,,,,,
3a2bfaab,3a2bfaab-b880-4939-9643-8636e0fc0d29,663647,hayek001,hayeske01,hayes-000keb,18577,,,,,Q64785819,Hayes,Ke'Bryan,Ke'Bryan Kobe,,,,1997,1,28,,,,2015,2024,2020,2024,,,,,,,,,,,,
3a60cfb4,3a60cfb4-c1e4-4979-88aa-8b1bed342945,435062,kendh001,kendrho01,kendri001how,4229,,,,,Q861206,Kendrick,Howie,Howard Joseph,,,,1983,7,12,,,,2002,2020,2006,2020,2002,2002,,,,,,,,,,
3a680457,3a680457-17f9-4667-8f0b-a5d9f25d42ce,606930,barnj002,barneja01,barnes002jac,12323,,,,,Q24689157,Barnes,Jacob,Jacob Andrew,,,,1990,4,14,,,,2011,2024,2016,2024,2010,2011,,,,,,,,,,
3a74da65,3a74da65-9542-4c90-904a-639c83b307c4,645307,sancr003,sanchri01,sanche005ric,17581,,,,,,Sanchez,Ricardo,Ricardo Jose,,Lugo,,1997,4,11,,,,2014,2024,2020,2020,,,,,,,,,,,,
3a827e76,3a827e76-5808-4fe8-a4a3-dc045e752944,689225,brieb001,briesbe01,briesk000bea,26079,,,,,Q111697169,Brieske,Beau,Beau Conner,,,,1998,4,4,,,,2019,2024,2022,2024,2019,2019,,,,,,,,,,
3a90a54a,3a90a54a-1d78-486e-9f9d-c03a63b6b0e0,521230,hendl001,hendrli01,hendri001lia,3548,,,,,Q3237646,Hendriks,Liam,Liam Johnson,,,,1989,2,10,,,,2007,2024,2011,2023,,,,,,,,,,,,
3aa94307,3aa94307-d78c-4b6d-8ed8-5f353dc041aa,543308,hickj001,hicksjo02,hicks-005joh,12547,,,,,Q18818023,Hicks,John,John Austin,,,,1989,8,31,,,,2011,2023,2015,2021,2009,2011,,,,,,,,,,
3aa97e7b,3aa97e7b-7d1d-454c-9f6f-1e8857fe2039,502034,burre001,burriem01,burris001emm,2917,,,,,Q3052618,Burriss,Emmanuel,Emmanuel Allen,,,,1985,1,17,,,,2006,2018,2008,2016,2004,2006,,,,,,,,,,
3ab39f00,3ab39f00-6c9b-498e-88eb-5f901fabda12,689167,lindj006,lindgje01,lindgr000jef,25830,,,,,,Lindgren,Jeff,Jeff Thomas,,,,1996,9,17,,,,2019,2024,2023,2023,2016,2019,,,,,,,,,,
3aba07c9,3aba07c9-2358-4fe6-82cb-c26224b83847,435063,napom001,napolmi01,napoli002mic,3057,,,,,Q861231,Napoli,Mike,Michael Anthony,,,,1981,10,31,,,,2000,2018,2006,2017,,,,,,,,,,,,
3ad0e49d,3ad0e49d-48ca-47f1-b8e5-2a3dd6396a91,643325,giroc001,girodch01,girodo000cha,15542,,,,,Q23901590,Girodo,Chad,Chad Alan,,,,1991,2,6,,,,2013,2018,2016,2016,2010,2013,,,,,,,,,,
3adfe8bd,3adfe8bd-957b-412d-8099-0e42ef5e1057,518585,cruzf002,cruzfe01,cruz--003fer,7048,,,,,,Cruz,Fernando,Fernando E.,,,,1990,3,28,,,,2007,2024,2022,2024,,,,,,,,,,,,
3ae1ff44,3ae1ff44-179c-4626-ade5-73bcc5af521b,642558,juraa001,juradar01,jurado000ari,17030,,,,,Q53870505,Jurado,Ariel,Ariel Bolivar,,Agrazal,,1996,1,30,,,,2013,2024,2018,2020,,,,,,,,,,,,
3af4cc98,3af4cc98-b96d-4023-b83f-ecdee3f4e9e8,518626,donaj001,donaljo02,donald001jos,5038,,,,,Q3045726,Donaldson,Josh,Joshua Adam,,,,1985,12,8,,,,2007,2023,2010,2023,2005,2007,,,,,,,,,,
3b095d0a,3b095d0a-763d-4797-b341-8b304615d225,407911,franf001,francfr01,franci001fra,1933,,,,,Q2760501,Francisco,Frank,Franklin,,,,1979,9,11,,,,1999,2015,2004,2014,,,,,,,,,,,,
3b0e99f2,3b0e99f2-023e-439f-8f17-e21ab2c144b8,623180,mejis001,mejiase01,mejias000set,13905,,,,,Q67088567,Mejias-Brean,Seth,Seth Wayne,,,,1991,4,5,,,,2012,2021,2019,2019,2010,2012,,,,,,,,,,
3b1732ee,3b1732ee-fe13-4f6e-aa33-f98dec1a0f97,622110,duffm002,duffyma01,duffy-001mat,13836,,,,,Q3299438,Duffy,Matt,Matthew Michael,,,,1991,1,15,,,,2012,2024,2014,2024,2010,2012,,,,,,,,,,
3b35551a,3b35551a-080e-409c-bdfb-f323425ae5a8,657612,hillt002,hillti01,hill--005tim,16814,,,,,Q53343729,Hill,Tim,Timothy,,,,1990,2,10,,,,2014,2024,2018,2024,,,,,,,,,,,,
3b3a085b,3b3a085b-0b19-477b-a259-6b3a6049c301,680704,sandn001,sandlni01,sandli000nic,20517,,,,,,Sandlin,Nick,Nick Howard,,,,1997,1,10,,,,2018,2024,2021,2024,2016,2018,,,,,,,,,,
3b414fe7,3b414fe7-8d29-4fc7-92eb-3776d5317fef,506924,cards001,cardust01,cardul001ste,11204,,,,,Q26706927,Cardullo,Stephen,Stephen Andrew,,,,1987,8,31,,,,2010,2024,2016,2017,,,,,,,,,,,,
3b45c00e,3b45c00e-b921-41e6-a892-9d9f257a410b,430321,yound003,youngde03,young-003del,2140,,,,,Q3021750,Young,Delmon,Delmon Damarcus,,,,1985,9,14,,,,2003,2020,2006,2015,,,,,,,,,,,,
3b45f258,3b45f258-c7b4-4aff-95d3-ac0c545360ef,663542,hudsb001,hudsobr01,hudson001bry,19924,,,,,,Hudson,Bryan,Bryan Michael,,,,1997,5,8,,,,2015,2024,2023,2024,,,,,,,,,,,,
3b5a4838,3b5a4838-a802-4a13-8dd8-4128b88f3d32,475479,pheld001,phelpda01,phelps001dav,6316,,,,,Q901857,Phelps,David,David Edward,,,,1986,10,9,,,,2008,2022,2012,2022,2006,2008,,,,,,,,,,
3b71ead5,3b71ead5-96b3-45ac-94ab-b4fe5d1b4d21,669742,halld003,hallda02,hall--003dar,19717,,,,,Q112818557,Hall,Darick,Darick,,,,1995,7,25,,,,2016,2024,2022,2023,2016,2016,,,,,,,,,,
3b7224a9,3b7224a9-d3c7-4f74-b1ae-c0198a75c64b,448281,dools001,doolise01,doolit001sea,1581,,,,,Q959451,Doolittle,Sean,Sean Robert,,,,1986,9,26,,,,2007,2023,2012,2022,2005,2007,,,,,,,,,,
3b8220e7,3b8220e7-23c7-4ff3-b150-92a7c5621216,663624,mounr001,mountry01,mountc000rya,18373,,,,,,Mountcastle,Ryan,Ryan Lee,,,,1997,2,18,,,,2015,2024,2020,2024,,,,,,,,,,,,
3bab466f,3bab466f-4af4-4071-9f40-92b0361e142f,488862,escoy001,escobyu01,escoba001yun,4191,,,,,Q3573228,Escobar,Yunel,Yunel,,Almenares,,1982,11,2,,,,2000,2017,2007,2017,,,,,,,,,,,,
3bb50b0d,3bb50b0d-1c51-4a00-b100-f235ddbdfc66,672832,pinei001,pinedis01,pineda000isr,22906,,,,,,Pineda,Israel,Israel Abrahan,,Alejo,,2000,4,3,,,,2017,2024,2022,2022,,,,,,,,,,,,
3bbf9394,3bbf9394-9d8c-408e-94a6-be59f7a502ff,544150,suara001,suareal01,suarez001alb,6175,83185138,,,,Q24044787,Suárez,Albert,Albert Joe,,,,1989,10,8,,,,2008,2024,2016,2024,,,,,,,,,,,,
3bdc9f8e,3bdc9f8e-57d2-4143-b8c2-45ab57d58464,500779,quinj001,quintjo01,quinta001jos,11423,,,,,Q3186534,Quintana,Jose,Jose Guillermo,,,,1989,1,24,,,,2006,2024,2012,2024,,,,,,,,,,,,
3c0714e3,3c0714e3-a3a3-45c1-bbc3-74f625d9154c,571830,joset001,josepto01,joseph001tho,10349,,,,,Q7819585,Joseph,Tommy,Thomas Richard,,,,1991,7,16,,,,2010,2020,2016,2017,,,,,,,,,,,,
3c07bbc0,3c07bbc0-d7dd-48a8-b51c-74804c4ba683,661388,contw002,contrwi02,contre003wil,20503,,,,,Q97672385,Contreras,William,William Jesus,,Castillo,,1997,12,24,,,,2015,2024,2020,2024,,,,,,,,,,,,
3c149f22,3c149f22-02ca-4f1b-9442-20c92443e062,595453,wallc001,wallach01,wallac001cha,17161,,,,,Q38013844,Wallach,Chad,Chad Arthur,,,,1991,11,4,,,,2013,2024,2017,2023,2011,2013,,,,,,,,,,
3c1e9016,3c1e9016-9669-4161-a26e-b5d085f9db84,543359,jennd003,jennida01,jennin001dan,8073,,,,,Q3013115,Jennings,Dan,Daniel Lee,,,,1987,4,17,,,,2008,2019,2012,2019,2006,2008,,,,,,,,,,
3c219fff,3c219fff-5251-423e-a3b1-90ce46930184,682515,portl001,portelo01,porter000log,20626,,,,,,Porter,Logan,Logan,,,,1995,7,12,,,,2018,2024,2023,2023,2017,2018,,,,,,,,,,
3c306280,3c306280-f5c6-4903-82f0-b0550b02703d,663527,nevit001,nevinty01,nevin-000tyl,17893,,,,,,Nevin,Tyler,Tyler Joseph,,,,1997,5,29,,,,2015,2024,2021,2024,,,,,,,,,,,,
3c3c0f03,3c3c0f03-e357-48c5-a759-5266b048e77a,642546,hernj004,hernajo02,hernan002jon,17464,,,,,Q66731831,Hernández,Jonathan,Jonathan,,,,1996,7,6,,,,2013,2024,2019,2024,,,,,,,,,,,,
3c3cc188,3c3cc188-ae60-4572-ae6b-a9d42571c10b,456379,albua001,albural01,alburq001alb,6324,,,,,Q2829297,Alburquerque,Al,Alberto Jose,,,,1986,6,10,,,,2006,2024,2011,2017,,,,,,,,,,,,
3c423213,3c423213-956f-41d0-80d5-0d5c7fbbee84,519229,rosis001,rosinse01,rosin-001set,10606,,,,,Q16232388,Rosin,Seth,Seth Daniel,,,,1988,11,2,,,,2010,2017,2014,2015,2008,2010,,,,,,,,,,
3c5d47f8,3c5d47f8-c816-47d9-b86b-08c0cad38d1a,608475,lugod001,lugoda01,lugo--000daw,14713,,,,,Q30029863,Lugo,Dawel,Dawel Leoner,,Baez,,1994,12,31,,,,2012,2024,2018,2020,,,,,,,,,,,,
3c74ca08,3c74ca08-cb8a-49ea-94c1-4ea36504a75e,669912,sneak001,sneadki01,snead-000kir,19179,,,,,Q107699716,Snead,Kirby,William Kirby,,,,1994,10,7,,,,2016,2024,2021,2024,2014,2016,,,,,,,,,,
3c8f8e8f,3c8f8e8f-6234-49b1-9977-5bd74083adf5,694363,shusj001,shustja01,shuste000jar,27472,,,,,,Shuster,Jared,Jared Craig,,,,1998,8,3,,,,2021,2024,2023,2024,2018,2020,,,,,,,,,,
3c94c18d,3c94c18d-c2d9-414f-87f5-535b357553ed,607609,ladwa001,ladwiaj01,ladwig000ada,16266,,,,,,Ladwig,A. J.,Adam Joseph,,,,1992,12,24,,,,2014,2022,2022,2022,2012,2014,,,,,,,,,,
3cda9966,3cda9966-b1e2-404c-98a9-ed2f0a709cbe,592811,triga001,triggan01,triggs001and,13533,,,,,Q24004786,Triggs,Andrew,Andrew Austin,,,,1989,3,16,,,,2012,2020,2016,2020,2009,2012,,,,,,,,,,
3cef4e8b,3cef4e8b-fa97-4112-888b-a549781e8a44,516853,rodrw003,rodriwi02,rodrig007wil,8801,,,,,Q17183649,Rodríguez,Wilking,Wilking Jose,,Rios,,1990,3,2,,,,2007,2024,2014,2014,,,,,,,,,,,,
3cfc5f48,3cfc5f48-19ec-4e17-a3ad-13dd287e899a,661309,marta006,martiad01,martin005adr,21023,,,,,,Martinez,Adrián,Adrián Misael,,Garcia,,1996,12,10,,,,2015,2024,2022,2023,,,,,,,,,,,,
3d10e420,3d10e420-aae3-4a1c-b623-0e03be8a1dd7,502151,huffc001,huffmch01,huffma001cha,5311,33135139,,,,Q2947437,Huffman,Chad,Chad Daniel,,,,1985,4,29,,,,2006,2018,2010,2017,2004,2006,,,,,,,,,,
3d191eb7,3d191eb7-04de-4cea-b436-10dd7eb5ceae,502154,britz001,brittza01,britto001zac,3240,,,,,Q3574496,Britton,Zack,Zackary Grant,,,,1987,12,22,,,,2006,2022,2011,2022,,,,,,,,,,,,
3d4477d4,3d4477d4-1357-4748-b448-9a403a209c79,605388,morga001,morgaad01,morgan000ada,12580,,,,,Q16233411,Morgan,Adam,Adam Christopher,,,,1990,2,27,,,,2011,2022,2015,2021,2009,2011,,,,,,,,,,
3d5a66d4,3d5a66d4-592d-4599-8297-874bb6bb0c45,642201,white006,whiteel04,white-000eli,19346,,,,,Q98842986,White,Eli,Elijah Thomas,,,,1994,6,26,,,,2016,2024,2020,2024,2014,2016,,,,,,,,,,
3d61c3e6,3d61c3e6-b9ce-4a80-8bb9-b8fdebfbe13d,592859,wilks001,wilkest01,wilker002ste,16041,,,,,Q55634008,Wilkerson,Stevie,Stephen Beaty,,,,1992,1,11,,,,2014,2022,2018,2021,2011,2014,,,,,,,,,,
3d93f3b9,3d93f3b9-92b3-497a-b93e-cc4bbb7e3c2d,641482,cortn001,cortene01,cortes000nes,17874,,,,,Q50577085,Cortés,Néstor,Néstor,,,,1994,12,10,,,,2013,2024,2018,2024,,,,,,,,,,,,
3da59a96,3da59a96-be77-4747-b393-4e2fa9063868,501985,minom001,minormi01,minor-001mik,10021,,,,,Q3313463,Minor,Mike,Michael David,,,,1987,12,26,,,,2009,2022,2010,2022,2007,2009,,,,,,,,,,
3db46499,3db46499-26b3-4ba3-8ad1-035a5ae20ece,571757,hazej001,hazelje01,hazelb001jer,9399,,,,,Q15114795,Hazelbaker,Jeremy,Jeremy Philip,,,,1987,8,14,,,,2009,2019,2016,2017,,,,,,,,,,,,
3db4650f,3db4650f-3559-44bf-991b-09d2c1a36ed1,408210,figgc001,figgich01,figgin001des,1580,,,,,Q2964451,Figgins,Chone,Desmond DeChone,,,,1978,1,22,,,,1997,2014,2002,2014,,,,,,,,,,,,
3dbecd99,3dbecd99-17ae-41aa-872d-9cbc36bac4f9,656876,rasmd002,rasmudr01,rasmus000dre,25385,,,,,Q30248320,Rasmussen,Drew,Drew Thomas,,,,1995,7,27,,,,2019,2024,2020,2024,2015,2017,,,,,,,,,,
3dc16950,3dc16950-2daf-49eb-9a87-6198c7b2ec53,666818,frial001,friaslu01,frias-000lui,21997,,,,,Q108618401,Frías,Luis,Luis David,,Guzman,,1998,5,23,,,,2016,2024,2021,2024,,,,,,,,,,,,
3dcec8df,3dcec8df-c322-44ae-afad-ae7e71374808,669222,senzn001,senzeni01,senzel000nic,19293,,,,,Q23771306,Senzel,Nick,Nicholas Peter,,,,1995,6,29,,,,2016,2024,2019,2024,2014,2016,,,,,,,,,,
3dd2c8cb,3dd2c8cb-953f-44a6-bfb4-537088e2b8fd,642721,gutik001,gutieke01,gutier000kel,17468,,,,,Q50824720,Gutiérrez,Kelvin,Kelvin Manuel,,Herrera,,1994,8,28,,,,2013,2024,2019,2022,,,,,,,,,,,,
3de18414,3de18414-6011-4db4-94f1-10619ad3461a,453362,valac001,valaich01,valaik001chr,1165,,,,,Q2964878,Valaika,Chris,Christopher Andrew,,,,1985,8,14,,,,2006,2015,2010,2014,2004,2006,,,,,,,,,,
3df47064,3df47064-c9f2-4c29-b0be-573fd0e38c34,666214,wentj001,wentzjo01,wentz-000joe,19962,,,,,,Wentz,Joey,Joseph Barrett,,,,1997,10,6,,,,2016,2024,2022,2024,,,,,,,,,,,,
3e122311,3e122311-8c31-407c-a662-637eda77d800,657681,mcgrk001,mcgraky01,mcgrat000kyl,16793,,,,,Q33542688,McGrath,Kyle,Kyle Daniel,,,,1992,7,31,,,,2014,2021,2017,2018,2011,2014,,,,,,,,,,
3e15e1ee,3e15e1ee-5cf1-4367-981f-008707304227,664139,gibai001,gibauia01,gibaut000ian,17871,,,,,Q65090794,Gibaut,Ian,Ian Philip,,,,1993,11,19,,,,2015,2024,2019,2024,2013,2015,,,,,,,,,,
3e221500,3e221500-a355-431e-8445-7995556ca462,453064,tulot001,tulowtr01,tulowi001tro,3531,,,,,Q1185328,Tulowitzki,Troy,Troy Trever,,,,1984,10,10,,,,2005,2019,2006,2019,2003,2005,,,,,,,,,,
3e24b3c4,3e24b3c4-c4ad-4c69-aa1d-04f42f808a73,444857,felds001,feldmsc01,feldma001sco,6283,,,,,Q337929,Feldman,Scott,Scott Wynne,,,,1983,2,7,,,,2003,2017,2005,2017,2002,2003,,,,,,,,,,
3e2648f4,3e2648f4-4761-4adf-b33a-39b0b6eb5257,447755,delas001,delabst01,delaba001ste,11827,43045132,,,,Q3498904,Delabar,Steve,Steven Edward,,,,1983,7,17,,,,2004,2018,2011,2016,,,,,,,,,,,,
3e426b70,3e426b70-1b87-4180-96c9-49c8df62183c,608032,estec001,estevca01,esteve002car,14542,,,,,Q24005070,Estévez,Carlos,Carlos Samuel,,Martinez,,1992,12,28,,,,2011,2024,2016,2024,,,,,,,,,,,,
3e448ae5,3e448ae5-4299-4eec-bbf4-78b5a64c6f15,508892,triuc001,triunca01,triunf001car,193,,,,,Q2939481,Triunfel,Carlos,Carlos Manuel,,Reyes,,1990,2,27,,,,2007,2018,2012,2014,,,,,,,,,,,,
3e77d675,3e77d675-72e8-49ce-b2af-5ad339624b71,453400,johnc003,johnsch05,johnso002chr,1191,,,,,Q2964750,Johnson,Chris,Christopher Dalton,,,,1984,10,1,,,,2006,2017,2009,2016,2005,2006,,,,,,,,,,
3e7b7613,3e7b7613-2763-448f-8cd7-3f2daf51d0ae,664161,swarm001,swarmma01,swarme000mat,19705,,,,,Q112167780,Swarmer,Matt,Matthew Lee,,,,1993,9,25,,,,2016,2024,2022,2022,2013,2016,,,,,,,,,,
3e8525b0,3e8525b0-0cc2-4047-a185-4e6d3237bfd3,663743,fortn001,forteni01,fortes000nic,21538,,,,,,Fortes,Nick,Nicholas,,,,1996,11,11,,,,2018,2024,2021,2024,2016,2018,,,,,,,,,,
3eb0e9bb,3eb0e9bb-3495-48d2-8058-e3b9050b800a,542999,campt001,campato01,campan001ton,4964,,,,,Q3531710,Campana,Tony,Anthony Edward,,,,1986,5,30,,,,2008,2021,2011,2014,2005,2008,,,,,,,,,,
3ebe510b,3ebe510b-97bc-4f4c-899e-cacf8300df06,670912,oviej001,oviedjo01,oviedo000joh,22487,,,,,Q98889719,Oviedo,Johan,Johan,,Puig,,1998,3,2,,,,2016,2023,2020,2023,,,,,,,,,,,,
3edcda2a,3edcda2a-31e8-4bf0-8a58-69cea19b38ff,656222,beekj001,beeksja02,beeks-000jal,17192,,,,,Q43369840,Beeks,Jalen,Jalen Christopher,,,,1993,7,10,,,,2014,2024,2018,2024,2013,2014,,,,,,,,,,
3ef8c560,3ef8c560-0dea-4e11-b503-0e23519c0857,518735,grany001,grandya01,granda001yas,11368,,,,,Q3571908,Grandal,Yasmani,Yasmani,,,,1988,11,8,,,,2010,2024,2012,2024,2008,2010,,,,,,,,,,
3eff4998,3eff4998-cf06-4141-8342-45899b758196,664944,vieac001,vieauca01,vieaux000cam,19529,,,,,,Vieaux,Cam,Cameron Scott,,,,1993,12,5,,,,2016,2024,2022,2022,2014,2016,,,,,,,,,,
3f15ff9b,3f15ff9b-f8f8-4e85-b568-7b37281f9f65,493364,vicid001,vicieda01,vicied001day,3917,13715132,,,,Q3019386,Viciedo,Dayán,Dayán,,Pérez,The Tank,1989,3,10,,,,2004,2024,2010,2014,,,,,,,,,,,,
3f334899,3f334899-f5db-4c16-9050-6191a840371f,687922,lucae002,lucasea01,lucas-000eas,26058,,,,,,Lucas,Easton,Easton James,,,,1996,9,23,,,,2019,2024,2023,2024,2016,2019,,,,,,,,,,
3f518a1b,3f518a1b-f520-43a8-8524-a02d879d689f,624418,castr005,castery01,castel002rya,16377,,,,,Q30042504,Castellani,Ryan,Ryan Michael,,,,1996,4,1,,,,2014,2024,2020,2022,,,,,,,,,,,,
3f5237d5,3f5237d5-8b1d-4b31-954f-7fdc8be11a23,669270,kuhnj001,kuhnejo01,kuhnel000joe,19995,,,,,Q66560359,Kuhnel,Joel,Joel Kenneth,,,,1995,2,19,,,,2016,2024,2019,2024,2015,2016,,,,,,,,,,
3f5f7011,3f5f7011-7e01-4f56-bb5a-8b12a037141c,543063,crawb001,crawfbr01,crawfo001bra,5343,,,,,Q2923749,Crawford,Brandon,Brandon Michael,,,,1987,1,21,,,,2008,2024,2011,2024,2006,2008,,,,,,,,,,
3f75e7b2,3f75e7b2-994b-4b10-a592-d0683b7c0c53,641531,dozih001,doziehu01,dozier000hun,15117,,,,,Q16233760,Dozier,Hunter,Hunter William,,,,1991,8,22,,,,2013,2024,2016,2023,2011,2013,,,,,,,,,,
3f7b9536,3f7b9536-8df5-4922-bbed-74f2580809d4,679346,navae002,navared01,navarr001edg,24363,,,,,,Navarro,Edgar,Edgar Jose de Jesus,,Esposito,,1998,2,5,,,,2018,2023,2023,2023,,,,,,,,,,,,
3f7f918f,3f7f918f-f576-43f8-9a61-be476b42f25f,595005,strar001,straury01,straus002rya,10937,,,,,Q20804853,Strausborger,Ryan,Ryan Lee,,,,1988,3,4,,,,2010,2018,2015,2015,,,,,,,,,,,,
3f84f75f,3f84f75f-988e-4b04-815b-82cb9cbdb1eb,543557,montm002,montgmi01,montgo001mic,4869,,,,,Q16232791,Montgomery,Mike,Michael Paul,,,,1989,7,1,,,,2008,2024,2015,2020,,,,,,,,,,,,
3f8b40e2,3f8b40e2-1de2-46bf-83a1-3e189680a544,595373,reinj001,reinhja01,reinhe001jac,14938,,,,,Q34917819,Reinheimer,Jack,John Patrick,,,,1992,7,19,,,,2013,2024,2017,2018,2011,2013,,,,,,,,,,
3f8d7ae6,3f8d7ae6-1376-4505-ae75-bf88b685b422,621446,brinl001,brinsle01,brinso000lew,14352,83985157,,,,Q22958626,Brinson,Lewis,Lewis Lamont,,,,1994,5,8,,,,2012,2024,2017,2022,,,,,,,,,,,,
3f8fe174,3f8fe174-e94d-4a35-925b-bb7f92c8562b,593582,deloa001,delosab01,deloss001abe,12962,,,,,Q20715528,De Los Santos,Abel,Abel,,Mejia,,1992,11,21,,,,2010,2019,2015,2016,,,,,,,,,,,,
3f9bc524,3f9bc524-be6f-4b5b-a5b8-7276a0ac02f9,663368,perkb002,perkibl01,perkin000bla,19921,,,,,,Perkins,Blake,Blake Alexander,,,,1996,9,10,,,,2015,2024,2023,2024,,,,,,,,,,,,
3f9f1577,3f9f1577-7c82-4d5a-86df-51248eed9e4e,592669,renfh001,renfrhu01,renfro002dus,15464,,,,,Q16234950,Renfroe,Hunter,Dustin Hunter,,,,1992,1,28,,,,2013,2024,2016,2024,2011,2013,,,,,,,,,,
3faa9f5a,3faa9f5a-eac4-4133-800b-9183fa346fc2,661383,orteo001,ortegol01,ortega000oli,21025,,,,,Q108475007,Ortega,Oliver,Oliver,,Holguin,,1996,10,2,,,,2015,2023,2021,2023,,,,,,,,,,,,
3fb3b67d,3fb3b67d-3ce1-44e6-9b5c-2b7e9357df1f,681869,dubis001,dubinsh01,dubin-000sha,24977,,,,,,Dubin,Shawn,Shawn Anthony,,,,1995,9,6,,,,2018,2024,2023,2024,2016,2018,,,,,,,,,,
3fb40b39,3fb40b39-91d1-41a6-9201-18445bf67902,642156,turns002,turnest01,turner000stu,15207,,,,,Q16234271,Turner,Stuart,Randy Stuart,,,,1991,12,27,,,,2013,2019,2017,2017,2013,2013,,,,,,,,,,
3fcccd63,3fcccd63-d695-457d-ad82-c8cacd3bfaf8,657566,duram002,durapmo01,durapa000mon,16768,,,,,Q64009415,DuRapau,Montana,Montana Robert,,,,1992,3,27,,,,2014,2021,2019,2019,2011,2014,,,,,,,,,,
3fcfedcf,3fcfedcf-2ade-438d-8612-98f9b27f895d,681546,outmj002,outmaja01,outman000jam,24770,,,,,Q113366646,Outman,James,James Matthew,,,,1997,5,14,,,,2018,2024,2022,2024,2016,2018,,,,,,,,,,
3fe0576e,3fe0576e-a797-4716-b127-b4dc9223695c,607297,dicko001,dicksok01,dickso000oko,12677,23525136,,,,Q38458210,Dickson,O'Koyea,O'Koyea Rishaard,,,,1990,2,9,,,,2011,2019,2017,2017,2011,2011,,,,,,,,,,
3fe3b740,3fe3b740-2065-4a54-b1db-52e7aa5795fe,676050,naugp001,naughpa01,naught000pac,23292,,,,,Q108008217,Naughton,Packy,Patrick Joseph,,,,1996,4,16,,,,2017,2024,2021,2023,2015,2017,,,,,,,,,,
3fe5cd74,3fe5cd74-5c20-46a1-83b9-b483ffb0b1ef,501800,craia001,craigal01,craig-002all,3433,,,,,Q2351067,Craig,Allen,Allen Thomas,,,,1984,7,18,,,,2006,2018,2010,2015,2003,2006,,,,,,,,,,
3ffc08be,3ffc08be-4d96-492a-bc9e-a86eb1519d37,518633,duffd001,duffyda01,duffy-001dan,3542,,,,,Q3015229,Duffy,Danny,Daniel Richard,,,,1988,12,21,,,,2007,2024,2011,2021,,,,,,,,,,,,
