key_person,key_uuid,key_mlbam,key_retro,key_bbref,key_bbref_minors,key_fangraphs,key_npb,key_sr_nfl,key_sr_nba,key_sr_nhl,key_wikidata,name_last,name_first,name_given,name_suffix,name_matrilineal,name_nick,birth_year,birth_month,birth_day,death_year,death_month,death_day,pro_played_first,pro_played_last,mlb_played_first,mlb_played_last,col_played_first,col_played_last,pro_managed_first,pro_managed_last,mlb_managed_first,mlb_managed_last,col_managed_first,col_managed_last,pro_umpired_first,pro_umpired_last,mlb_umpired_first,mlb_umpired_last
f04737d6,f04737d6-5d83-4ded-a12a-cf3ff2fc9526,542340,villj001,villajo01,villan001jon,10071,,,,,Q14375934,Villar,Jonathan,Jonathan Rafael,,Roque,,1991,5,2,,,,2008,2024,2013,2022,,,,,,,,,,,,
f0540df0,f0540df0-25b3-4c4d-8389-3e8a93bb8690,682829,delae003,delacel01,delacr000ell,26668,,,,,Q111112050,De La Cruz,Elly,Elly Antonio,,Sanchez,,2002,1,11,,,,2019,2024,2023,2024,,,,,,,,,,,,
f05e6679,f05e6679-d201-4092-a4f5-2493a7d05a96,502085,robed002,roberda08,robert009dav,8241,,,,,Q1176351,Robertson,David,David Alan,,,,1985,4,9,,,,2007,2024,2008,2024,2005,2006,,,,,,,,,,
f07e8d63,f07e8d63-450e-4083-953b-75a4be288649,656185,alleg002,allengr01,allen-002gre,16623,,,,,Q38441614,Allen,Greg,Gregory Lomack,,,,1993,3,15,,,,2014,2024,2017,2023,2012,2014,,,,,,,,,,
f095dba3,f095dba3-5d42-4939-93c4-ac81f9fd681c,670712,brosm001,brossmi01,brosse000mik,19683,13415157,,,,Q64781790,Brosseau,Mike,Michael Dillon,,,,1994,3,15,,,,2016,2024,2019,2023,2013,2016,,,,,,,,,,
f0e5db8e,f0e5db8e-1984-4be5-a366-70520c056abf,468406,herrj002,herrejo03,herrer001jon,4182,,,,,Q3183386,Herrera,Jonathan,Jonathan Alejandro,,,,1984,11,3,,,,2003,2017,2008,2015,,,,,,,,,,,,
f0e8ad14,f0e8ad14-7f0f-4429-b045-5c716853adfe,676950,mackd001,mackida01,mackin000dav,19625,53055157,,,,,MacKinnon,David,David C.,,,,1994,12,15,,,,2017,2024,2022,2022,2014,2017,,,,,,,,,,
f0e8fd62,f0e8fd62-774b-401d-b8d3-17a69b517cff,514888,altuj001,altuvjo01,altuve001jos,5417,,,,,Q3186148,Altuve,José,José Carlos,,,Gigante,1990,5,6,,,,2007,2024,2011,2024,,,,,,,,,,,,
f0f360a6,f0f360a6-b07d-45e1-8348-e231ae388680,642528,loaij001,loaisjo01,loaisi002jon,19753,,,,,Q50810798,Loáisiga,Jonathan,Jonathan Stanley,,Estrada,,1994,11,2,,,,2013,2024,2018,2024,,,,,,,,,,,,
f0f73a87,f0f73a87-b27b-4748-bbf6-e505348e412b,475247,flahr001,flahery01,flaher001rya,7888,,,,,Q3453775,Flaherty,Ryan,Ryan Edward,,,,1986,7,27,,,,2008,2019,2012,2019,2006,2008,,,,,,,,,,
f10a73c3,f10a73c3-d560-4c7d-b9d4-830c945de865,663562,davin001,davisno01,davis-000noa,25862,,,,,,Davis,Noah,Noah D.,,,,1997,4,22,,,,2019,2024,2022,2024,2016,2018,,,,,,,,,,
f10c4e72,f10c4e72-db4c-4fc0-8552-e824f7775560,150359,burna001,burnea.01,burnet001all,512,,,,,Q278745,Burnett,A. J.,Allan James,,,,1977,1,3,,,,1995,2015,1999,2015,,,,,,,,,,,,
f125588e,f125588e-16f2-40a7-b420-11b0cef065c5,458681,lynnl001,lynnla01,lynn--001lan,2520,,,,,Q2356050,Lynn,Lance,Michael Lance,,,,1987,5,12,,,,2008,2024,2011,2024,2006,2008,,,,,,,,,,
f1427fc8,f1427fc8-0902-4fab-b693-36d162270e9c,514669,martr005,martira04,martin003raf,10258,,,,,Q19810369,Martín,Rafael,Rafael,,Romero,,1984,5,16,,,,2007,2020,2015,2016,,,,,,,,,,,,
f1435daa,f1435daa-5d51-4238-9ba9-5c32b361e17f,680118,bland001,blancda02,blanco000dai,19779,,,,,Q112116463,Blanco,Dairon,Dairon,,LaMadrid,,1993,4,26,,,,2012,2024,2022,2024,,,,,,,,,,,,
f143c214,f143c214-b7f5-4461-bc61-f11927f2bb4b,595956,gallc001,gallaca01,gallag000cam,12981,,,,,Q30094079,Gallagher,Cam,Cameron Joseph,,,,1992,12,6,,,,2011,2023,2017,2023,,,,,,,,,,,,
f14756d0,f14756d0-cb9e-4453-8fab-e2e04513d629,701643,hartg002,hartwgr01,hartwi000gra,29946,,,,,,Hartwig,Grant,Grant Alexander,,,,1997,12,18,,,,2021,2024,2023,2024,2017,2021,,,,,,,,,,
f1847c7c,f1847c7c-4514-4094-b70d-3404bda335e8,430681,johnd004,johnsda06,johnso006dan,2167,61865118,,,,Q3013125,Johnson,Dan,Daniel Ryan,,,,1979,8,10,,,,2001,2018,2005,2015,1998,2001,,,,,,,,,,
f1a7f234,f1a7f234-e6ca-4305-9b39-58e84592ff2a,542932,bertj001,bertijo01,berti-001jon,12037,,,,,Q18385669,Berti,Jon,Jonathon David,,,,1990,1,22,,,,2011,2024,2018,2024,2009,2011,,,,,,,,,,
f1a8f022,f1a8f022-b130-43dd-856b-67ac1bfccf1b,544759,schub001,schulbo02,schult001pat,5028,,,,,Q15978230,Schultz,Bo,Patrick Bowen,,,,1985,9,25,,,,2008,2018,2014,2016,2007,2008,,,,,,,,,,
f1a9abb6,f1a9abb6-ccb4-41d9-a29d-718f298c2d2b,676689,karcr001,karchri01,karche002ric,23449,,,,,,Karcher,Ricky,Richard Thomas,,,,1997,9,18,,,,2017,2024,2023,2023,2016,2016,,,,,,,,,,
f1cfe2e3,f1cfe2e3-fb79-4937-bdf4-5f9e58ccabd7,622065,youna002,youngal01,young-000ale,18333,,,,,Q64933236,Young,Alex,Alexander Edward,,,,1993,9,9,,,,2015,2024,2019,2024,2013,2015,,,,,,,,,,
f1ec57b4,f1ec57b4-a132-4e49-91ee-eb75175ebccc,429708,marta004,martean01,marte-001and,3203,,,,,Q154670,Marte,Andy,Andy Manuel,,,,1983,10,21,2017,1,22,2001,2016,2005,2014,,,,,,,,,,,,
f1fb8772,f1fb8772-b0ae-4f06-8f94-3c1c3086f8a2,459991,sancg001,sanchga01,sanche001gab,3361,33335130,,,,Q3094191,Sánchez,Gaby,Gabriel,,,,1983,9,2,,,,2005,2015,2008,2014,2003,2004,,,,,,,,,,
f1ffa9e8,f1ffa9e8-847d-426d-b750-fdb62ecd2e5e,554432,jenkc001,jenkich01,jenkin004cha,10326,,,,,Q2947441,Jenkins,Chad,Stephen Chadwick,,,,1987,12,22,,,,2010,2016,2012,2015,2007,2009,,,,,,,,,,
f20bf0d5,f20bf0d5-f44e-40c5-ae0e-034c96d79a95,668470,dannh001,danneha01,danner000hag,22116,,,,,,Danner,Hagen,Hagen Jarrell,,,,1998,9,30,,,,2017,2024,2023,2023,,,,,,,,,,,,
f20f40f2,f20f40f2-1d4a-4287-b000-cdc13a768006,547170,delmn001,delmoni01,delmon000nic,13157,,,,,Q34917807,Delmonico,Nick,Nicholas John,,,,1992,7,12,,,,2012,2021,2017,2020,,,,,,,,,,,,
f21d0d16,f21d0d16-4f4f-4d83-bf9d-5c3157a51022,641420,burdz001,burdiza01,burdi-000zac,19159,,,,,Q24572138,Burdi,Zack,Zachary M.,,,,1995,3,9,,,,2016,2023,2020,2023,2014,2016,,,,,,,,,,
f2307252,f2307252-e01f-4313-90cc-533cabb8e2cd,435400,mottj001,motteja01,motte-001jas,5861,,,,,Q2351140,Motte,Jason,Jason Louis,,,,1982,6,22,,,,2003,2017,2008,2017,2001,2003,,,,,,,,,,
f2529b97,f2529b97-c1c3-494a-b597-09ee0305865f,664852,flaaj001,flaaja01,flaa--000jay,18140,,,,,Q106628624,Flaa,Jay,Jay Thomas,,,,1992,6,10,,,,2015,2021,2021,2021,2011,2015,,,,,,,,,,
f265b378,f265b378-fe5e-454b-9faf-8ff445ade5a5,665862,chisj001,chishja01,chisho000jas,20454,,,,,Q59779771,Chisholm,Jazz,Jasrado Hermis Arrington,,Coakley,,1998,2,1,,,,2016,2024,2020,2024,,,,,,,,,,,,
f28db4d1,f28db4d1-a8f7-4852-b8ed-99c75ed0acf7,605143,blacr001,blackra01,black-000ray,14244,,,,,Q55432908,Black,Ray,Raymond Anthony,,,,1990,6,26,,,,2014,2020,2018,2020,2010,2011,,,,,,,,,,
f29d5567,f29d5567-ca38-4677-a617-c4d04421646f,573135,salat001,saladty01,saladi001tyl,10807,,,,,Q20667349,Saladino,Tyler,Tyler Artolo,,,,1989,7,20,,,,2010,2020,2015,2019,,,,,,,,,,,,
f2b1443f,f2b1443f-4ff3-410a-9a3e-a1d8d9d1466a,571917,markp001,markepa01,markel001par,12106,,,,,Q64009710,Markel,Parker,Parker Michael,,,,1990,9,15,,,,2010,2024,2019,2022,,,,,,,,,,,,
f2d2c0a4,f2d2c0a4-1752-4cb9-bea4-daef8e34ebad,465041,cervf001,cervefr01,cervel001fra,5275,,,,,Q1320678,Cervelli,Francisco,Francisco,,,,1986,3,6,,,,2005,2020,2008,2020,,,,,,,,,,,,
f2d58121,f2d58121-391e-4150-9587-e6ba5128a2c5,663731,kaisc001,kaiseco01,kaiser000con,21535,,,,,,Kaiser,Connor,Connor William,,,,1996,11,20,,,,2018,2024,2023,2023,2016,2018,,,,,,,,,,
f2dd2dd8,f2dd2dd8-0d78-4b16-a4fe-6ebb23d549a6,455755,stewc001,stewach01,stewar002chr,3878,,,,,Q902651,Stewart,Chris,Christopher David,,,,1982,2,19,,,,2002,2019,2006,2018,2001,2001,,,,,,,,,,
f2dea24e,f2dea24e-9610-4b37-8f80-310e068e7a89,656954,shefj001,sheffju01,sheffi000jus,17285,,,,,Q17180933,Sheffield,Justus,Justus Kane,,,,1996,5,13,,,,2014,2024,2018,2022,,,,,,,,,,,,
f2e4d67a,f2e4d67a-17e6-4610-9cd8-b933711f41b1,641585,franj006,francjp01,france000jp-,21212,,,,,,France,J. P.,Jonathan Patrick,,,,1995,4,4,,,,2018,2024,2023,2024,2014,2018,,,,,,,,,,
f2fb7bb4,f2fb7bb4-6ba4-475f-bdf5-a36ca2946162,605548,zimmb001,zimmebr01,zimmer000bra,16221,,,,,Q17181084,Zimmer,Bradley,Bradley Clarke,,,,1992,11,27,,,,2014,2023,2017,2022,2012,2014,,,,,,,,,,
f2fdec96,f2fdec96-09d4-4c69-8498-1ca14dfab77a,543017,cervh001,cervehu01,cerven001hun,10510,,,,,Q23799864,Cervenka,Hunter,Colby Hunter,,,,1990,1,3,,,,2009,2022,2016,2017,,,,,,,,,,,,
f2fec0cb,f2fec0cb-f02d-4e46-b445-d3c671b21d30,408042,lairg001,lairdge01,laird-001ger,1698,,,,,Q3103898,Laird,Gerald,Gerald Lee,,,,1979,11,13,,,,1999,2016,2003,2015,1999,1999,2017,2017,,,,,,,,
f2ff040f,f2ff040f-6234-4c92-a869-513d9ab092cb,657424,gagem001,gagema01,gage--002mat,17381,,,,,Q112259748,Gage,Matt,Matthew Robert,,,,1993,2,11,,,,2014,2024,2022,2023,2012,2014,,,,,,,,,,
f30f7a10,f30f7a10-b728-4dd8-adfb-bb3358c69f60,592685,robid003,robindr01,robins001dre,11761,,,,,Q24451669,Robinson,Drew,Drew Elliott,,,,1992,4,20,,,,2010,2021,2017,2019,,,,,,,,,,,,
f311a823,f311a823-0bef-4b7f-b0bd-6d03c3e9945b,473646,zeidj001,zeidjo01,zeid--001jos,6527,,,,,Q14624091,Zeid,Josh,Joshua Alexander,,,,1987,3,24,,,,2009,2017,2013,2014,2006,2009,,,,,,,,,,
f315617d,f315617d-6931-43c7-af32-4777dd23ab83,664842,kaczk001,kaczmke01,kaczma000kev,18146,,,,,Q55138557,Kaczmarski,Kevin,Kevin,,,,1991,12,31,,,,2015,2019,2018,2018,2012,2015,,,,,,,,,,
f315c84e,f315c84e-1f08-4d08-9c12-64e1678d0d96,471896,figup001,figuepe01,figuer001ped,6616,,,,,Q3374048,Figueroa,Pedro,Pedro Jose,,Vizcaino,,1985,11,23,,,,2006,2019,2012,2014,,,,,,,,,,,,
f322d40f,f322d40f-e103-4a4f-a17c-f1f69c3f1e40,545361,troum001,troutmi01,trout-001mik,10155,,,,,Q3090378,Trout,Mike,Michael Nelson,,,,1991,8,7,,,,2009,2024,2011,2024,,,,,,,,,,,,
f3375192,f3375192-909c-4252-a673-30e949884672,676265,abboc001,abbotco01,abbott000cor,20277,,,,,,Abbott,Cory,Cory James,,,,1995,9,20,,,,2017,2024,2021,2023,2015,2017,,,,,,,,,,
f347ed08,f347ed08-cbe9-4c38-910c-14f86fb2b30e,592166,bretr001,brettry01,brett-001rya,12138,,,,,Q18249354,Brett,Ryan,Ryan Duane,,,,1991,10,9,,,,2010,2020,2015,2015,,,,,,,,,,,,
f3549851,f3549851-0b50-4680-b54f-1d42d8f8e31b,444489,pinam001,pinama01,pina--001man,2829,,,,,Q265968,Piña,Manny,Manuel Elias,,Reyes,,1987,6,5,,,,2005,2023,2011,2023,,,,,,,,,,,,
f36c81d7,f36c81d7-b286-44c6-b00b-14896004091b,435044,bakes002,bakersc02,baker-001tim,6176,,,,,Q3476178,Baker,Scott,Timothy Scott,,,,1981,9,19,,,,2003,2015,2005,2015,2001,2003,,,,,,,,,,
f3702b98,f3702b98-1f5c-4f27-b77b-5c4a4c56a051,458731,gardb001,gardnbr01,gardne001bre,9927,,,,,Q910782,Gardner,Brett,Brett Michael,,,,1983,8,24,,,,2005,2021,2008,2021,2002,2005,,,,,,,,,,
f3726efa,f3726efa-a09c-4991-9f4b-61e4df78fa3d,451075,martd005,martida02,martin013dav,8893,,,,,Q15411249,Martínez,David,David José,,,,1987,8,4,,,,2005,2022,2013,2014,,,,,,,,,,,,
f3987d56,f3987d56-a044-4e27-8ea7-9f08bcf08b9d,643532,shars001,sharpst01,sharp-002ste,19671,,,,,Q78419486,Sharp,Sterling,Sterling Barksdale,,,,1995,5,30,,,,2016,2024,2020,2020,2014,2016,,,,,,,,,,
f3998f8d,f3998f8d-6688-4261-846f-c048dab82eff,457705,mccua001,mccutan01,mccutc001and,9847,,,,,Q574689,McCutchen,Andrew,Andrew Stefan,,,,1986,10,10,,,,2005,2024,2009,2024,,,,,,,,,,,,
f39d4a44,f39d4a44-92b5-4712-9e46-df7609ef2bad,663546,hjels001,hjellse01,hjelle000sea,21481,,,,,,Hjelle,Sean,Sean Anthony,,,,1997,5,7,,,,2018,2024,2022,2024,2016,2018,,,,,,,,,,
f39f20b5,f39f20b5-62dd-4b97-91ab-c59d369bf520,434778,morak001,moralke01,morale001ken,8610,,,,,Q1185217,Morales,Kendrys,Kendrys,,Rodríguez,,1983,6,20,,,,2001,2019,2006,2019,,,,,,,,,,,,
f3a0cc68,f3a0cc68-7d43-4489-98e4-e2d8fbe11895,605141,bettm001,bettsmo01,betts-000mar,13611,,,,,Q16226579,Betts,Mookie,Markus Lynn,,,,1992,10,7,,,,2011,2024,2014,2024,,,,,,,,,,,,
f3ad1637,f3ad1637-b172-4d21-9cbd-a503f64c8cf8,542436,adamc001,adamecr01,adames001cri,6013,,,,,Q17454497,Adames,Cristhian,Cristhian Pascual,,Mejia,,1991,7,26,,,,2008,2024,2014,2019,,,,,,,,,,,,
f3cebb9b,f3cebb9b-e720-43fd-90bf-4f658749eb8d,686554,dunno001,dunnol01,dunn--001oli,26295,,,,,,Dunn,Oliver,Oliver Harris,,,,1997,9,2,,,,2019,2024,2024,2024,2017,2019,,,,,,,,,,
f3e3c36d,f3e3c36d-c974-4a82-b1ec-683b52cd8129,605121,andej005,anderju01,anders002jus,16201,,,,,Q55615473,Anderson,Justin,Justin Charles,,,,1992,9,28,,,,2014,2024,2018,2024,2012,2014,,,,,,,,,,
f4077f73,f4077f73-10d9-467a-a290-ac69157f2746,656458,gilbl001,gilbrlu01,gilbre000luc,21290,,,,,Q106684757,Gilbreath,Lucas,Lucas Grant,,,,1996,3,5,,,,2017,2024,2021,2024,2015,2017,,,,,,,,,,
f41a4166,f41a4166-5a58-4e5c-94c8-c669f538dbb9,425560,laroa001,larocad01,laroch001dav,1904,,,,,Q2823972,LaRoche,Adam,David Adam,,,,1979,11,6,,,,2000,2015,2004,2015,1999,2000,,,,,,,,,,
f425a758,f425a758-6ec6-4635-a98c-8c71e92459db,544930,smitb006,smithbl01,smith-002bla,9780,,,,,Q26844390,Smith,Blake,Blake Matthew,,,,1987,12,9,,,,2009,2016,2016,2016,,,,,,,,,,,,
f42b039a,f42b039a-e724-46b2-83df-b2f6281fc02b,574831,choim001,choicmi01,choice001mic,11376,,,,,Q15055100,Choice,Michael,Michael Blair,,,,1989,11,10,,,,2010,2021,2013,2015,2008,2010,,,,,,,,,,
f42b32b0,f42b32b0-53f5-4fc2-b23a-45b49a3ff9f6,628450,herny002,hernaya01,hernan000yad,19334,,,,,Q99315551,Hernández,Yadiel,Yadiel,,González,,1987,10,9,,,,2009,2024,2020,2022,,,,,,,,,,,,
f44bd9c2,f44bd9c2-83aa-4a06-9caf-9f5a7f992a45,429780,narvc001,narvech01,narves001chr,2141,13115139,,,,Q528464,Narveson,Chris,Christopher Gregg,,,,1981,12,20,,,,2000,2017,2006,2016,,,,,,,,,,,,
f46e1c0e,f46e1c0e-c4bb-4c3c-b5bc-414f06b2c620,543606,odorj001,odorija01,odoriz001jac,6397,,,,,Q285777,Odorizzi,Jake,Jacob Todd,,,,1990,3,27,,,,2008,2024,2012,2022,,,,,,,,,,,,
f47dcdd9,f47dcdd9-e7bf-4676-8be8-8a5ccb305d03,682027,alldc001,alldrca01,alldre000cam,25078,,,,,Q111969515,Alldred,Cam,Cameron Mitchell,,,,1996,7,25,,,,2018,2024,2022,2022,2016,2018,,,,,,,,,,
f47f75b4,f47f75b4-dcbd-4eb5-bc09-7cfd8d5c850b,571735,haled001,haleda02,hale--001dav,9756,,,,,Q5234628,Hale,David,David Edward,,,,1987,9,27,,,,2009,2021,2013,2021,2007,2009,,,,,,,,,,
f48c91e3,f48c91e3-f97e-4688-aa8c-d60b1d03c444,593417,alcar001,alcanra01,alcant001rau,12790,03505153,,,,Q7073967,Alcántara,Raúl,Raúl,,,,1992,12,4,,,,2010,2024,2016,2017,,,,,,,,,,,,
f4be9120,f4be9120-f589-448d-a523-3619c1d108ce,663556,mccls003,mcclash01,mcclan000sha,21483,,,,,Q50356601,McClanahan,Shane,Shane,,,,1997,4,28,,,,2018,2023,2021,2023,2017,2018,,,,,,,,,,
f4e771ca,f4e771ca-01db-4372-90d9-4d74d7147d10,656305,chapm001,chapmma01,chapma000mat,16505,,,,,Q30121858,Chapman,Matt,Matt James,,,,1993,4,28,,,,2014,2024,2017,2024,2012,2014,,,,,,,,,,
f4eb2cb3,f4eb2cb3-04f2-4f33-ac3d-df7c5a70e2d9,666204,jimed002,jimenda01,jimene005dan,21170,,,,,Q97666355,Jiménez,Dany,Dany,,,,1993,12,23,,,,2015,2024,2020,2024,,,,,,,,,,,,
f4ec007f,f4ec007f-5d2e-44a5-8fba-4d12b3dbee57,628317,maedk001,maedake01,maeda-001ken,18498,51655114,,,,Q968290,Maeda,Kenta,Kenta,,,,1988,4,11,,,,2008,2024,2016,2024,,,,,,,,,,,,
f4f9ed74,f4f9ed74-3c9a-4750-acb1-c05daf0d19b3,457915,guerj002,guerrja01,guerra002lui,7407,,,,,Q1100188,Guerra,Javy,Luis Javier,,,,1985,10,31,,,,2004,2023,2011,2021,,,,,,,,,,,,
f50d07da,f50d07da-13d9-49cc-9262-eae875cb002d,572033,phegj001,phegljo01,phegle001jos,9308,,,,,Q13979620,Phegley,Josh,Joshua Aaron,,,,1988,2,12,,,,2009,2020,2013,2020,2007,2009,,,,,,,,,,
f530d51c,f530d51c-e29e-4b11-964b-483bbea64297,669397,allen002,allenni02,allen-003nic,22277,,,,,Q107418833,Allen,Nick,Nicholas Ryan,,,,1998,10,8,,,,2017,2024,2022,2024,,,,,,,,,,,,
f546f52f,f546f52f-0e8f-4d89-89fe-7bd4954dae62,450665,medlk001,medlekr01,medlen001kri,9417,,,,,Q3199730,Medlen,Kris,Kristopher Allen,,,,1985,10,7,,,,2006,2018,2009,2018,,,,,,,,,,,,
f573af5a,f573af5a-74d5-49ec-970f-7035d8bf5432,518490,brenb002,brentbr01,brentz001bry,10607,,,,,Q16232086,Brentz,Bryce,Bryce Everett,,,,1988,12,30,,,,2010,2022,2014,2016,,,,,,,,,,,,
f5a8ac07,f5a8ac07-b763-418b-85fe-5ef90d0baf3f,630111,tomay001,tomasya01,tomas-001yas,17171,,,,,Q16233626,Tomás,Yasmany,Yasmany,,Bacallao,,1990,11,14,,,,2008,2024,2015,2019,,,,,,,,,,,,
f5b2f9a3,f5b2f9a3-68ca-4b2f-a20b-1f7a017471ef,543647,phelc001,phelpco01,phelps001rob,8631,,,,,Q2997084,Phelps,Cord,Robert Cord,,,,1987,1,23,,,,2008,2015,2011,2014,2006,2008,,,,,,,,,,
f5c8f0f1,f5c8f0f1-5edf-496e-a457-4e874490c20a,542235,mercm001,merceme01,merced001mel,10181,,,,,Q17517216,Mercedes,Melvin,Melvin,,,,1990,11,2,,,,2008,2017,2014,2014,,,,,,,,,,,,
f5cbb98c,f5cbb98c-f428-40f4-9f03-ceaddf0e9e64,677649,durae002,duranez01,duran-000eze,23733,,,,,,Duran,Ezequiel,Ezequiel Alberto,,Zabala,,1999,5,22,,,,2017,2024,2022,2024,,,,,,,,,,,,
f5d92838,f5d92838-79da-49d2-918f-dfce93095cd4,455759,younc004,youngch04,young-001chr,3882,,,,,Q2964906,Young,Chris,Christopher Brandon,,,,1983,9,5,,,,2002,2018,2006,2018,,,,,,,,,,,,
f5dadbc8,f5dadbc8-71a6-41bf-9951-f5bc45a146a5,641312,andes002,andersh01,anders000sha,19453,,,,,Q33414107,Anderson,Shaun,Shaun,,,,1994,10,29,,,,2016,2024,2019,2024,2014,2016,,,,,,,,,,
f5dc3d90,f5dc3d90-cdc2-4bb1-85b0-c198faf64385,449082,paulx001,paulxa01,paul--001xav,5963,,,,,Q3570763,Paul,Xavier,Xavier Brooks,,,,1985,2,25,,,,2003,2018,2009,2014,,,,,,,,,,,,
f5e26c8f,f5e26c8f-3cfa-4c72-9633-6deef5e17cc9,666129,garrb001,garrebr01,garret004bra,21844,,,,,Q24090326,Garrett,Braxton,Braxton Lee,,,,1997,8,5,,,,2017,2024,2020,2024,,,,,,,,,,,,
f5e29f53,f5e29f53-f0ee-4a0b-abf8-d06b3aa6d1af,543281,harrj002,harrijo05,harris006jos,8202,,,,,Q3185972,Harrison,Josh,Joshua Isaiah,,,,1987,7,8,,,,2008,2023,2011,2023,2006,2008,,,,,,,,,,
f5ea3fd9,f5ea3fd9-3971-4893-aee3-1a5cc417ca4e,543321,hoesl001,hoeslj01,hoes--001jer,6656,,,,,Q3205898,Hoes,L. J.,Jerome O'Bryan,,,,1990,3,5,,,,2008,2017,2012,2015,,,,,,,,,,,,
f5fe2829,f5fe2829-0ed4-4709-ad63-9be7f6cf9a4e,605242,fulmm001,fulmemi01,fulmer002mic,13218,,,,,Q16578206,Fulmer,Michael,Michael Joseph,,,,1993,3,15,,,,2011,2023,2016,2023,,,,,,,,,,,,
f65593d4,f65593d4-b5c9-416f-979f-6b5288922056,675971,dohyk001,dohyky01,dohy--000kyl,20334,,,,,,Dohy,Kyle,Kyle Kent,,,,1996,9,17,,,,2017,2022,2021,2021,2015,2017,,,,,,,,,,
f6583331,f6583331-4880-46aa-9f2c-afb53b546b7b,686651,stoul001,stoudle01,stoudt000lev,25650,,,,,,Stoudt,Levi,Levi,,,,1997,12,4,,,,2021,2024,2023,2023,2017,2019,,,,,,,,,,
f673af2b,f673af2b-9a6e-4017-bbd3-9a6a8abb71dd,489334,stamc001,stammcr01,stamme001cra,7274,,,,,Q3002062,Stammen,Craig,Craig Nicholas,,,,1984,3,9,,,,2005,2022,2009,2022,2003,2005,,,,,,,,,,
f673c1a2,f673c1a2-f5e4-4049-b3f9-1894393cf1bc,669211,akink001,akinke01,akin--000kee,19362,,,,,Q98410217,Akin,Keegan,Keegan Lee,,,,1995,4,1,,,,2016,2024,2020,2024,2014,2016,,,,,,,,,,
f68ada62,f68ada62-9809-48ea-ac00-a143f09dbd19,599096,herrd002,herredi01,herrer000dil,14335,,,,,Q15051108,Herrera,Dilson,Dilson Jose,,Garcia,,1994,3,3,,,,2011,2024,2014,2020,,,,,,,,,,,,
f6927b25,f6927b25-b07d-4952-a035-764a5920dedd,666149,fitzt001,fitzgty01,fitzge000tyl,26208,,,,,Q122762916,Fitzgerald,Tyler,Tyler Joseph,,,,1997,9,15,,,,2019,2024,2023,2024,2017,2019,,,,,,,,,,
f6b8919a,f6b8919a-e936-4930-9956-b73295d6ed48,641584,fralj001,fraleja01,fraley000jak,19260,,,,,Q24572692,Fraley,Jake,Jake Arnold,,,,1995,5,25,,,,2016,2024,2019,2024,2014,2016,,,,,,,,,,
f6c76dc8,f6c76dc8-c2ad-4e37-8bc3-799bb1feed1d,593528,bonij002,bonifjo01,bonifa001jor,12174,,,,,Q18818095,Bonifacio,Jorge,Jorge Luis,,,,1993,6,4,,,,2010,2024,2017,2021,,,,,,,,,,,,
f6d1b033,f6d1b033-5fc2-4d9b-acfa-c1a4c6d01b10,518468,blazm001,blazemi01,blazek001mic,9654,,,,,Q13883885,Blazek,Michael,Michael Robert,,,,1989,3,16,,,,2007,2019,2013,2019,,,,,,,,,,,,
f6d4daec,f6d4daec-84d6-4683-a1da-14c0318f274d,621408,markm001,marksma01,marksb002mat,15089,,,,,Q20745022,Marksberry,Matt,Matthew Gates,,,,1990,8,25,,,,2013,2019,2015,2016,2010,2013,,,,,,,,,,
f6d9bced,f6d9bced-d1fd-4672-a412-c6f3d2b30e46,621450,bolts001,boltsk01,bolt--000sky,17723,,,,,Q63456275,Bolt,Skye,Skye Michael,,,,1994,1,15,,,,2015,2024,2019,2022,2013,2015,,,,,,,,,,
f6de307a,f6de307a-cff2-4482-9d8c-7ab8c4d54cc8,506997,sanct001,sanchto01,sanche001ton,6178,,,,,Q7823343,Sanchez,Tony,Jorge Anthony,,,,1988,5,20,,,,2009,2019,2013,2017,2007,2009,,,,,,,,,,
f6e0a3dd,f6e0a3dd-529b-4881-b440-bddd1a5055c8,607043,nimmb001,nimmobr01,nimmo-000bra,12927,,,,,Q4957002,Nimmo,Brandon,Brandon Tate,,,,1993,3,27,,,,2011,2024,2016,2024,,,,,,,,,,,,
f6e14c3b,f6e14c3b-31b7-4e43-86c0-452c6a20d729,664029,mathm002,mathima01,mathia000mar,18032,,,,,Q98091768,Mathias,Mark,Mark Andrew,,,,1994,8,2,,,,2015,2023,2020,2023,2013,2015,,,,,,,,,,
f7055dea,f7055dea-aedc-47c5-96bc-532e027e8973,686469,pasqv001,pasquvi01,pasqua000vin,27676,,,,,Q112761981,Pasquantino,Vinnie,Vincent Joseph,,,,1997,10,10,,,,2019,2024,2022,2024,2017,2019,,,,,,,,,,
f70d649e,f70d649e-a0ae-42a4-861b-d0d0ae3137c4,448801,davic003,davisch02,davis-003chr,9272,,,,,Q1046188,Davis,Chris,Christopher Lyn,,,Crush,1986,3,17,,,,2006,2020,2008,2020,2005,2006,,,,,,,,,,
f72443ea,f72443ea-b20f-456d-bbc4-3c193c203342,669288,johnd006,johnsda07,johnso013dan,19643,,,,,Q97704841,Johnson,Daniel,Daniel,,,,1995,7,11,,,,2016,2024,2020,2024,2015,2016,,,,,,,,,,
f74e2efe,f74e2efe-5edd-4b81-b945-a3cd2f58e48a,516910,friac001,friasca01,frias-001car,3547,,,,,Q17485785,Frías,Carlos,Carlos David,,,,1989,11,13,,,,2007,2019,2014,2016,,,,,,,,,,,,
f76307d1,f76307d1-6f19-4e5d-b422-1b7e2f6d4f4c,668678,gallz001,galleza01,gallen000zac,19291,,,,,Q64747742,Gallen,Zac,Zachary Peter,,,,1995,8,3,,,,2016,2024,2019,2024,2014,2016,,,,,,,,,,
f76d6ad8,f76d6ad8-b7bd-4305-9cae-b50062640a6a,462136,estrm001,estrama01,estrad002mar,1118,,,,,Q3290090,Estrada,Marco,Marco Rene,,,,1983,7,5,,,,2005,2019,2008,2019,2003,2005,,,,,,,,,,
f776177e,f776177e-3b53-47c1-a254-76300846e633,450260,kouzk001,kouzmke01,kouzma001kev,5995,,,,,Q2747243,Kouzmanoff,Kevin,Kevin,,,,1981,7,25,,,,2003,2014,2006,2014,2000,2003,,,,,,,,,,
f77e45e1,f77e45e1-57f9-4fbd-b7bc-1cf3f281f0ba,519412,wheez002,wheelze01,wheele001zel,8822,03105130,,,,Q16232029,Wheeler,Zelous,Zelous Lamar,,,,1987,1,16,,,,2007,2022,2014,2014,,,,,,,,,,,,
f7a7172c,f7a7172c-316e-4ecb-9314-05190682257a,641851,mcgok002,mcgowky01,mcgowi000kyl,15071,,,,,Q27995750,McGowin,Kyle,Kyle Keston,,,,1991,11,27,,,,2013,2024,2018,2021,2011,2013,,,,,,,,,,
f7c66cf0,f7c66cf0-188d-4c4e-9352-8946d8f84c7c,676974,meyem001,meyerma01,meyer-000max,27474,,,,,,Meyer,Max,Max Thomas,,,,1999,3,12,,,,2021,2024,2022,2024,2018,2020,,,,,,,,,,
f7d7ba27,f7d7ba27-6c79-4924-8843-1caecc02b6a2,570615,moyas001,moyast01,moya--001ste,11854,53755136,,,,Q17627801,Moya,Steven,Steven,,,,1991,8,9,,,,2009,2024,2014,2016,,,,,,,,,,,,
f7e1f34d,f7e1f34d-cb58-4a53-ad48-b7e658965619,457789,weekj001,weeksje01,weeks-001jem,2498,,,,,Q684577,Weeks,Jemile,Jemile Nykiwa,,,,1987,1,26,,,,2008,2018,2011,2016,2006,2008,,,,,,,,,,
f7f6af46,f7f6af46-36f4-4c53-a1d6-51047a358ae7,607430,andrj001,andrejo03,andreo000joh,13012,,,,,Q28561420,Andreoli,John,John Francis,,,,1990,6,9,,,,2011,2022,2018,2021,2009,2011,,,,,,,,,,
f80170fa,f80170fa-e5ec-4e9f-b29d-e01dacb22cb9,676604,zubet001,zuberty01,zuber-000tyl,20379,,,,,Q97666376,Zuber,Tyler,John Tyler,,,,1995,6,16,,,,2017,2024,2020,2024,2014,2017,,,,,,,,,,
f810c3bf,f810c3bf-db1f-4323-86cf-f22368a44932,460026,hundn001,hundlni01,hundle001nic,3376,,,,,Q3339759,Hundley,Nick,Nicholas John,,,,1983,9,8,,,,2005,2019,2008,2019,2003,2005,,,,,,,,,,
f83bf978,f83bf978-14d3-413c-9c3c-9a0fd24319fb,606992,haase001,haaseer01,haase-000eri,14111,,,,,Q43379538,Haase,Eric,Eric Michael,,,,1992,12,18,,,,2011,2024,2018,2024,,,,,,,,,,,,
f842e7ec,f842e7ec-9ad1-4efd-a282-a894782230a2,592647,pompd001,pompeda01,pompey001dal,12797,,,,,Q17476830,Pompey,Dalton,Dalton Kenrick,,,,1992,12,11,,,,2010,2021,2014,2018,,,,,,,,,,,,
f865ae63,f865ae63-ce89-43a8-b927-05c768333cfb,461856,pattt001,pattotr01,patton001tro,8368,,,,,Q3541034,Patton,Troy,Troy Jamieson,,,,1985,9,3,,,,2004,2015,2007,2014,,,,,,,,,,,,
f86799f3,f86799f3-66a4-49f8-8ea1-999339a7d500,461872,swara001,swarzan01,swarza001ant,7466,,,,,Q24164,Swarzak,Anthony,Anthony Ray,,,,1985,9,10,,,,2004,2021,2009,2021,,,,,,,,,,,,
f86d3ad9,f86d3ad9-fc75-4b32-a16c-1308e6c6aac9,646057,gonzm006,gonzami05,gonzal011mig,15675,,,,,Q11341946,González,Miguel,Miguel Alfredo,,Puebla,,1983,9,23,2017,11,23,2004,2015,2014,2014,,,,,,,,,,,,
f88becd3,f88becd3-6636-4fe3-bbc7-415f944d10a9,667373,ronda001,rondoan01,rondon002ang,22036,,,,,,Rondón,Angel,Angel Miguel,,Alvarez,,1997,12,1,,,,2016,2024,2021,2022,,,,,,,,,,,,
f88e93f1,f88e93f1-02fe-4dd9-a035-915ac0b1d750,650738,rosaa004,rosaad01,rosa--000ado,17942,,,,,Q66417322,Rosa,Adonis,Adonis Enmanuel,,Silverio,,1994,11,17,,,,2014,2021,2019,2019,,,,,,,,,,,,
f8b4b879,f8b4b879-2bd0-40fa-ae66-e96c92d14e57,468396,ogana001,ogandal01,ogando001ale,10261,,,,,Q1045981,Ogando,Alexi,Alexi,,,,1983,10,5,,,,2003,2020,2010,2018,,,,,,,,,,,,
f8b9feb3,f8b9feb3-dffb-4097-940e-b67b5e3f7b00,595777,profj001,profaju01,profar001jur,10815,,,,,Q3190182,Profar,Jurickson,Jurickson Barthelomeus,,,,1993,2,20,,,,2010,2024,2012,2024,,,,,,,,,,,,
f8d474ae,f8d474ae-c020-4c13-9ee4-92d44abfc5f1,676116,nodar001,nodary01,noda--000rya,23312,,,,,,Noda,Ryan,Ryan Anthony,,,,1996,3,30,,,,2017,2024,2023,2024,2015,2017,,,,,,,,,,
f90a5b7d,f90a5b7d-dcfe-4f78-81b9-87acac69a044,545064,diazj006,diazja01,diaz--003jai,12774,,,,,Q18011133,Díaz,Jairo,Jairo Jose,,Hernandez,,1991,5,27,,,,2008,2022,2014,2020,,,,,,,,,,,,
f9231d10,f9231d10-9b7c-41da-8803-1badceaa8d8d,663903,singb001,singebr01,singer000bra,25377,,,,,Q30833225,Singer,Brady,Brady Alan,,,,1996,8,4,,,,2019,2024,2020,2024,2016,2018,,,,,,,,,,
f92a01a7,f92a01a7-3a71-4947-98c8-a07959f2514a,621142,buttt001,buttrty01,buttre000ty-,14719,,,,,Q56248283,Buttrey,Ty,Ty Douglas,,,,1993,3,31,,,,2012,2024,2018,2020,,,,,,,,,,,,
f93cf5a6,f93cf5a6-4c64-4a61-b06e-531e672c20b7,285079,dickr001,dicker.01,dickey001rob,1245,,,,,Q1320688,Dickey,R. A.,Robert Allen,,,,1974,10,29,,,,1997,2017,2001,2017,1994,1996,,,,,,,,,,
f9533a23,f9533a23-c082-42c4-b166-a9f7106d1b69,607457,barrk002,barraky01,barrac000kyl,13713,,,,,Q20804475,Barraclough,Kyle,Kyle David,,,,1990,5,23,,,,2012,2024,2015,2023,2009,2012,,,,,,,,,,
f972015e,f972015e-4608-435f-a893-37fff8f47f43,572816,dickc002,dickeco01,dicker001mck,10762,,,,,Q13857788,Dickerson,Corey,McKenzie Corey,,,,1989,5,22,,,,2010,2023,2013,2023,,,,,,,,,,,,
f9854f9e,f9854f9e-d0e4-43a4-ad00-0c5b7aee5aae,642731,estrt001,estrath01,estrad000tha,16426,,,,,Q50813638,Estrada,Thairo,Thairo Jose,,Villegas,,1996,2,22,,,,2013,2024,2019,2024,,,,,,,,,,,,
f98adc50,f98adc50-0191-4e7b-820e-0da630978c6f,666720,rodry002,rodriye01,rodrig000yer,21955,,,,,,Rodríguez,Yerry,Yerry Manuel,,Garcia,,1997,10,15,,,,2016,2024,2022,2024,,,,,,,,,,,,
f994eb0f,f994eb0f-1e98-43be-9b88-425ab0a1614c,623352,hadej001,haderjo01,hader-000jos,14212,,,,,Q16236182,Hader,Josh,Josh Ronald,,,,1994,4,7,,,,2012,2024,2017,2024,,,,,,,,,,,,
f9b0e3c8,f9b0e3c8-a6d0-4641-abaf-e451b6742f12,673111,lopej006,lopezjo04,lopez-052jos,22982,,,,,,Lopez,José,José Alexander,,De Jesus,,1999,2,15,,,,2017,2024,2023,2023,,,,,,,,,,,,
f9b83ae5,f9b83ae5-5d95-4c46-be68-a3709831a019,663534,waltn001,waltena01,walter000nas,25413,,,,,,Walters,Nash,Nash Owen,,,,1997,5,18,,,,2015,2024,2022,2022,,,,,,,,,,,,
f9ba10b5,f9ba10b5-7290-4097-811b-5eaa1979e58a,660620,arauj001,arauzjo01,arauz-000jon,20275,,,,,Q97685830,Araúz,Jonathan,Jonathan Aldair,,Morales,,1998,8,3,,,,2015,2024,2020,2023,,,,,,,,,,,,
f9be3b60,f9be3b60-fda3-427b-a02a-5d104bff9328,593833,suerw002,suerowa01,suero-001wan,15855,,,,,Q45680171,Suero,Wander,Wander,,Montero,,1991,9,15,,,,2010,2024,2018,2024,,,,,,,,,,,,
f9c4a4a1,f9c4a4a1-8805-44cd-9153-7795b26c2087,661403,clase001,claseem01,clase-000emm,21032,,,,,Q66119491,Clase,Emmanuel,Emmanuel,,De La Cruz,,1998,3,18,,,,2015,2024,2019,2024,,,,,,,,,,,,
f9d4e4e2,f9d4e4e2-013f-40cb-97c2-4ebd1de8d1bc,518876,kellm002,kellyme01,kelly-003ken,11156,,,,,Q18621033,Kelly,Merrill,Kenneth Merrill,,,,1988,10,14,,,,2010,2024,2019,2024,2010,2010,,,,,,,,,,
fa0f9b5c,fa0f9b5c-3222-41dc-bf3f-f27a04001945,136860,beltc001,beltrca01,beltra001car,589,,,,,Q1042743,Beltrán,Carlos,Carlos Ivan,,,,1977,4,24,,,,1995,2017,1998,2017,,,,,,,,,,,,
fa203bae,fa203bae-5538-4ffb-9d60-590961c8ecd2,663837,vierm001,vierlma01,vierli000mat,21558,,,,,Q107301243,Vierling,Matt,Matthew Gregory,,,,1996,9,16,,,,2018,2024,2021,2024,2016,2018,,,,,,,,,,
fa23dec6,fa23dec6-b921-468d-973b-f60d95425cb8,456167,grifa002,griffaj01,griffi001aj-,11132,,,,,Q2818922,Griffin,A. J.,Arthur Joseph,,,,1988,1,28,,,,2010,2024,2012,2017,2007,2010,,,,,,,,,,
fa41214c,fa41214c-e09c-42ff-9b8f-2363c4f8bc6d,645305,sanca009,sanchal04,sanche002ali,18551,,,,,,Sánchez,Ali,Ali Miguel,,Marchan,,1997,1,20,,,,2014,2024,2020,2024,,,,,,,,,,,,
fa4d4814,fa4d4814-b09c-4552-94d4-ad0c57c51201,621008,degoa001,degotal01,degoti000ale,19477,,,,,Q106500956,De Goti,Alex,Alexander,,,,1994,8,19,,,,2016,2024,2021,2021,2013,2016,,,,,,,,,,
fa5ff213,fa5ff213-aa6c-4c30-b7af-38d9741f7a0d,456714,butlb003,butlebi03,butler001bil,7399,,,,,Q2747753,Butler,Billy,Billy Ray,,,Country Breakfast,1986,4,18,,,,2004,2016,2007,2016,,,,,,,,,,,,
fa627787,fa627787-f303-4ded-88a5-39eee4469410,543859,tonkm001,tonkimi01,tonkin001mic,10315,63565136,,,,Q13937650,Tonkin,Michael,Michael Harvey,,,,1989,11,19,,,,2008,2024,2013,2024,,,,,,,,,,,,
fa6dd181,fa6dd181-b91b-4402-89fe-26df14f8244a,670298,robek003,roberkr01,robert000kra,20022,,,,,,Robertson,Kramer,Kramer Reid,,,,1994,9,20,,,,2017,2023,2022,2022,2014,2017,,,,,,,,,,
fa71fa98,fa71fa98-ce13-4711-9741-daa062d87f7c,682622,martn004,marteno01,marte-000noe,26517,,,,,,Marte,Noelvi,Noelvi,,Diaz,,2001,10,16,,,,2019,2024,2023,2024,,,,,,,,,,,,
fa9b90fa,fa9b90fa-2fcf-45d0-aaaa-e1d8ce8fe40d,501245,marta005,marteal01,marte-001alf,5212,,,,,Q4723818,Marte,Alfredo,Alfredo,,,,1989,3,31,,,,2006,2024,2013,2015,,,,,,,,,,,,
fa9f6654,fa9f6654-90a3-49d4-a0ae-6e161f95f071,621348,clays001,claysa01,clay--000sam,16279,,,,,Q106419362,Clay,Sam,Samuel Thomas Hunter,,,,1993,6,21,,,,2014,2024,2021,2022,2013,2014,,,,,,,,,,
fab703ff,fab703ff-b2e2-40c6-8453-3e63fb4317cc,500902,olivl001,olivele01,oliver001les,9167,,,,,Q3236801,Oliveros,Lester,Lester Jesus,,Blanco,,1988,5,28,,,,2006,2023,2011,2014,,,,,,,,,,,,
fadda9d3,fadda9d3-f018-4eed-9b5c-641925f67ce2,571951,mitcb001,mitchbr01,mitche001bry,11479,,,,,Q2924956,Mitchell,Bryan,Bryan Bedford,,,,1991,4,19,,,,2010,2022,2014,2021,,,,,,,,,,,,
fae166f1,fae166f1-e464-46cd-88f5-f44412c1981d,643275,davij009,davisjo06,davis-026joh,15830,,,,,Q72701887,Davis,Johnny,Johnathan Lewis,,,,1990,4,26,,,,2013,2022,2019,2019,,,,,,,,,,,,
fb09baba,fb09baba-91b9-46d5-a97c-444c11903cf2,683003,jonej008,jonesja09,jones-008jar,27863,,,,,,Jones,Jared,Jared Keith,,,,2001,8,6,,,,2021,2024,2024,2024,,,,,,,,,,,,
fb1633db,fb1633db-44c1-4216-aedc-4b7566cabf0b,457732,baila001,bailean01,bailey001and,1368,,,,,Q1059981,Bailey,Andrew,Andrew Scott,,,,1984,5,31,,,,2006,2017,2009,2017,2003,2006,,,,,,,,,,
fb262eff,fb262eff-8f81-4403-aefa-c268198e0270,543213,giavj001,giavojo01,giavot001joh,6740,,,,,Q3182891,Giavotella,Johnny,Johnny Arthur,,,,1987,7,10,,,,2008,2018,2011,2017,2006,2008,,,,,,,,,,
fb729e33,fb729e33-f2b7-43bc-8ab9-96b761c987ef,656555,hoskr001,hoskirh01,hoskin000rhy,16472,,,,,Q29588795,Hoskins,Rhys,Rhys Dean,,,,1993,3,17,,,,2014,2024,2017,2024,2012,2014,,,,,,,,,,
fb781ccd,fb781ccd-dc10-44df-b05c-797796986231,671213,casat001,casastr01,casas-000tri,22514,,,,,Q54861363,Casas,Triston,Triston Ray,,,,2000,1,15,,,,2018,2024,2022,2024,,,,,,,,,,,,
fb7b8c27,fb7b8c27-6ae1-4111-9035-d67da60c6fad,605446,rodrd001,rodride01,rodrig004iva,14509,,,,,Q28911601,Rodríguez,Dereck,Ivan Dereck,,,,1992,6,5,,,,2011,2024,2018,2023,,,,,,,,,,,,
fb7fee18,fb7fee18-a3e7-4295-8613-aa6664817fa2,592609,olt-m001,oltmi01,olt---001mic,10698,,,,,Q3313487,Olt,Mike,Michael George,,,,1988,8,27,,,,2010,2019,2012,2015,2008,2010,,,,,,,,,,
fb82ca0b,fb82ca0b-31df-47d4-81de-ff8e00326c91,456124,krate001,kratzer01,kratz-001eri,4403,,,,,Q387606,Kratz,Erik,Erik Floyd,,,,1980,6,15,,,,2002,2020,2010,2020,2002,2002,,,,,,,,,,
fb8e00bc,fb8e00bc-1dba-4045-b927-3ee542589e1b,434633,bakej002,bakerjo01,baker-002joh,4756,,,,,Q3180978,Baker,John,John David,,,,1981,1,20,,,,2002,2015,2008,2014,2000,2002,,,,,,,,,,
fb919e94,fb919e94-a6e8-4101-bca3-d8b21cdad076,656541,hills005,hillisa01,hillia000sam,17954,,,,,Q66793669,Hilliard,Sam,Samuel Beauman,,,,1994,2,21,,,,2015,2024,2019,2024,2015,2015,,,,,,,,,,
fb9c36f4,fb9c36f4-be74-433d-be8a-ffd159cc1fcf,628356,kangj001,kangju01,kang--000jeo,17182,,,,,Q624024,Kang,Jung Ho,Jung Ho,,,,1987,4,5,,,,2006,2019,2015,2019,,,,,,,,,,,,
fbab510b,fbab510b-4032-4b3c-9956-91bc29afb73c,624431,trevj001,trevijo01,trevin001jos,16725,,,,,Q55615318,Trevino,Jose,Jose,,,,1992,11,28,,,,2014,2024,2018,2024,2012,2014,,,,,,,,,,
fbbbe030,fbbbe030-af2d-46db-b227-8cece859d320,669065,stowk001,stoweky01,stower000kyl,26151,,,,,Q112570190,Stowers,Kyle,Kyle Jacob,,,,1998,1,2,,,,2019,2024,2022,2024,2017,2019,,,,,,,,,,
fbc00dba,fbc00dba-b7c4-4fa0-a56e-737c244aed07,457759,turnj001,turneju01,turner001jus,5235,,,,,Q3190505,Turner,Justin,Justin Matthew,,,,1984,11,23,,,,2006,2024,2009,2024,2003,2006,,,,,,,,,,
fbcdfc5f,fbcdfc5f-fc26-4a9f-8061-4494d19de4b7,643335,granz001,graniza01,granit000zac,15343,,,,,Q30099789,Granite,Zach,Zachary Thomas,,,,1992,9,17,,,,2013,2021,2017,2017,2011,2013,,,,,,,,,,
fbd3cb7c,fbd3cb7c-8b20-4f89-93c1-e0dcf955348b,642397,sotog003,sotogr01,soto--001gre,19677,,,,,Q64009044,Soto,Gregory,Gregory,,,,1995,2,11,,,,2013,2024,2019,2024,,,,,,,,,,,,
fbd4e8fa,fbd4e8fa-ae99-44ab-be42-3ad53578108f,664334,whita002,whiteaa01,whitef000aar,19938,,,,,,Whitefield,Aaron,Aaron James,,,,1996,9,2,,,,2015,2024,2020,2022,,,,,,,,,,,,
fbd94e66,fbd94e66-6080-4fc4-8da5-da05df88ac73,656605,kellm003,kellemi03,keller000mit,17594,,,,,Q37992869,Keller,Mitch,Mitch Thomas,,,,1996,4,4,,,,2014,2024,2019,2024,,,,,,,,,,,,
fbde3192,fbde3192-9e8f-4227-b80f-06e3fb1cc593,458690,volsc001,volstch01,volsta001chr,9901,,,,,Q262221,Volstad,Chris,Christopher Kenneth,,,,1986,9,23,,,,2005,2018,2008,2018,,,,,,,,,,,,
fc11b0b5,fc11b0b5-e04a-4b9f-90ee-3f59584db866,621028,newmk001,newmake01,newman000kev,17696,,,,,Q20745104,Newman,Kevin,Kevin Bradley,,,,1993,8,4,,,,2015,2024,2018,2024,2013,2015,,,,,,,,,,
fc398f5b,fc398f5b-deee-46b6-bc7a-2b175b5274f0,606993,hagej001,hagerja01,hager-000jak,12198,,,,,,Hager,Jake,Jake William,,,,1993,3,4,,,,2011,2024,2021,2022,,,,,,,,,,,,
fc604156,fc604156-b972-49fb-9d5f-09c13338db5e,453343,melam001,melanma01,melanc001mar,4264,,,,,Q3294181,Melancon,Mark,Mark David,,,,1985,3,28,,,,2006,2023,2009,2022,2004,2006,,,,,,,,,,
fc8383d8,fc8383d8-3c24-432d-ad9f-5ee6f9e8065c,446395,browc003,brownco01,brown-002cor,2650,,,,,Q2997256,Brown,Corey,Corey Allen,,,,1985,11,26,,,,2007,2018,2011,2014,2005,2007,,,,,,,,,,
fc8bf38d,fc8bf38d-ffe7-44f4-a47f-a9691e5db826,460576,gomec002,gomezca01,gomez-003car,4881,,,,,Q2747238,Gómez,Carlos,Carlos Argelis,,Pena,,1985,12,4,,,,2004,2019,2007,2019,,,,,,,,,,,,
fc917363,fc917363-074a-4187-ae04-ae1a25f38476,457449,romaj003,romakja01,romak-001jam,5552,73975132,,,,Q16223921,Romak,Jamie,James Robert,,,,1985,9,30,,,,2003,2021,2014,2015,,,,,,,,,,,,
fc941eaa,fc941eaa-b8e7-4244-82e5-0709ee6ec40a,664848,sandd004,sandsdo01,sands-000don,18603,,,,,,Sands,Donny,Donny,,,,1996,5,16,,,,2015,2024,2022,2022,,,,,,,,,,,,
fcad53a8,fcad53a8-50f6-4442-871b-65d984aa54f5,682998,carrc005,carroco02,carrol000cor,25878,,,,,,Carroll,Corbin,Corbin Franklin,,,,2000,8,21,,,,2019,2024,2022,2024,,,,,,,,,,,,
fcbf3d6f,fcbf3d6f-e237-4120-8164-c5e537d8e736,469134,rogee002,rogeres01,rogers001esm,6317,,,,,Q3058090,Rogers,Esmil,Esmil Antonio,,Vasquez,,1985,8,14,,,,2006,2024,2009,2015,,,,,,,,,,,,
fccf4b32,fccf4b32-ab73-4de7-8a07-e9f6881edcc5,656494,gusht001,gushuta01,gushue000tay,16098,,,,,Q70832356,Gushue,Taylor,Taylor Stone,,,,1993,12,19,,,,2014,2022,2021,2021,2012,2014,,,,,,,,,,
fcfe0b93,fcfe0b93-a580-4ddc-82f8-20ea9a0bcf96,457935,dalem002,daleyma01,daley-001mat,7952,,,,,Q3299424,Daley,Matt,Matthew Thomas,,,,1982,6,23,,,,2004,2014,2009,2014,2001,2004,,,,,,,,,,
fd0461d8,fd0461d8-ff21-4049-8907-726492991c99,664202,cyr-t001,cyrty01,cyr---000tyl,18421,,,,,Q113677891,Cyr,Tyler,Tyler O'Neil,,,,1993,5,5,,,,2015,2023,2022,2023,,,,,,,,,,,,
fd05d2d4,fd05d2d4-c1a2-4ab3-be9e-907a9c43483c,400284,utlec001,utleych01,utley-002cha,1679,,,,,Q1152810,Utley,Chase,Chase Cameron,,,,1978,12,17,,,,2000,2018,2003,2018,1998,2000,,,,,,,,,,
fd0e1db0,fd0e1db0-4324-4cd0-ac90-29d4411e7059,476205,wallj002,walljo02,wall--006jos,4436,,,,,Q3186008,Wall,Josh,Joshua Michael,,,,1987,1,21,,,,2005,2016,2012,2014,,,,,,,,,,,,
fd18ef3b,fd18ef3b-53a0-4738-99f9-f43373542d90,547943,ryu-h001,ryuhy01,ryu---000hye,14444,,,,,Q50604,Ryu,Hyun Jin,Hyun Jin,,,,1987,3,25,,,,2006,2024,2013,2023,,,,,,,,,,,,
fd199cdb,fd199cdb-9210-43d2-bbe2-f8a3a0829ef2,455369,penar002,penara02,pena--001ram,8841,03905134,,,,Q1139775,Peña,Ramiro,Ramiro Gauna,,,,1985,7,18,,,,2005,2024,2009,2016,,,,,,,,,,,,
fd1b7e5d,fd1b7e5d-1422-4982-948e-73687de62f01,346874,uribj002,uribeju01,uribe-002jua,454,,,,,Q1710659,Uribe,Juan,Juan C.,,Tena,,1979,3,22,,,,1998,2016,2001,2016,,,,,,,,,,,,
fd1ce1e4,fd1ce1e4-6122-4add-9d9e-593f41db8744,407812,hollm001,hollima01,hollid001mat,1873,,,,,Q1185423,Holliday,Matt,Matthew Thomas,,,,1980,1,15,,,,1998,2018,2004,2018,,,,,,,,,,,,
fd4a3ce6,fd4a3ce6-444d-406f-a606-f816e31a76ec,656448,garrs003,garrest01,garret000sto,19273,,,,,,Garrett,Stone,Gregory Stone,,,,1995,11,22,,,,2014,2024,2022,2024,,,,,,,,,,,,
fd577ee4,fd577ee4-02d1-4b93-9bdb-ae76f9da3fc4,657745,rossb001,rossmbu01,rossma000bub,17179,,,,,,Rossman,Bubby,Charles Irvin,,,,1992,6,29,,,,2014,2024,2022,2022,,,,,,,,,,,,
fd799b07,fd799b07-78db-460b-9e3d-df89e21c1e7d,642231,yacaj001,yacabji01,yacabo000jim,15157,,,,,Q30234281,Yacabonis,Jimmy,James Allin,,,,1992,3,21,,,,2013,2024,2017,2023,2011,2013,,,,,,,,,,
fd9cd488,fd9cd488-dab6-462d-924f-849d56b59c8c,623913,wangw001,wangwe01,wang--002wei,14382,,,,,Q15954609,Wang,Wei-Chung,Wei-Chung,,,,1992,4,25,,,,2013,2024,2014,2019,,,,,,,,,,,,
fda48ce8,fda48ce8-c271-4861-ae9e-7215816a1f42,543357,jankj001,jankojo01,jankow001jor,13313,,,,,Q30055988,Jankowski,Jordan,Jordan Jacob,,,,1989,5,17,,,,2012,2020,2017,2017,2011,2012,,,,,,,,,,
fdb19ad6,fdb19ad6-fedc-495e-b9c9-a2b641e9ad9f,595281,kierk001,kiermke01,kierma001kev,11038,,,,,Q16233297,Kiermaier,Kevin,Kevin James,,,,1990,4,22,,,,2010,2024,2013,2024,,,,,,,,,,,,
fdc7ab96,fdc7ab96-5301-4f55-ad6c-01260dfe53fb,571466,barnt001,barnhtu01,barnha001tuc,10200,,,,,Q16225969,Barnhart,Tucker,Tucker Jackson,,,,1991,1,7,,,,2009,2024,2014,2024,,,,,,,,,,,,
fdd8af79,fdd8af79-112d-4fb8-ad54-4b2e781cd0ec,677551,franw002,francwa01,franco002wan,23667,,,,,Q65030220,Franco,Wander,Wander Samuel,,Aybar,,2001,3,1,,,,2018,2023,2021,2023,,,,,,,,,,,,
fde58414,fde58414-2cc4-49b6-802a-e2d730480091,573185,strad003,straida01,strail001dan,9460,,,,,Q3013224,Straily,Dan,Daniel Steven,,,,1988,12,1,,,,2009,2024,2012,2019,2007,2009,,,,,,,,,,
fe5b3f72,fe5b3f72-6834-447e-b5be-79a589a63580,680977,donob001,donovbr01,donova002bre,24679,,,,,Q111738219,Donovan,Brendan,Brendan Michael,,,,1997,1,16,,,,2018,2024,2022,2024,2016,2018,,,,,,,,,,
fe70c3aa,fe70c3aa-a0de-4646-940e-140f148b8eba,518953,lougd001,loughda01,lough-001dav,7215,,,,,Q3018317,Lough,David,David Dennis,,,,1986,1,20,,,,2007,2017,2012,2016,2005,2007,,,,,,,,,,
fe90fca8,fe90fca8-16cb-410d-a30b-18bc082306e9,643377,jax-g001,jaxgr01,jax---000gri,20253,,,,,Q107178255,Jax,Griffin,James Griffin,,,,1994,11,22,,,,2016,2024,2021,2024,2014,2016,,,,,,,,,,
fea2f131,fea2f131-127c-4809-9546-d0aa65a95c13,443558,cruzn002,cruzne02,cruz--002nel,2434,,,,,Q1133784,Cruz,Nelson,Nelson Ramon,,Martinez,,1980,7,1,,,,2001,2023,2005,2023,,,,,,,,,,,,
fea442d3,fea442d3-1e0f-4558-933f-07bc0971d6dd,329092,choar001,choatra01,choate001ran,813,,,,,Q3029171,Choate,Randy,Randol Doyle,,,,1975,9,5,,,,1997,2016,2000,2015,1995,1997,,,,,,,,,,
fec0fb04,fec0fb04-7f3d-4a90-b401-296190b81989,656629,kopem001,kopecmi01,kopech000mic,17282,,,,,Q17183086,Kopech,Michael,Michael Talbert,,,,1996,4,30,,,,2014,2024,2018,2024,,,,,,,,,,,,
fee581a4,fee581a4-aefc-4327-a3ea-b9ee71094181,518703,furbc001,furbuch01,furbus001cha,1370,,,,,Q261994,Furbush,Charlie,Charles Roderick,,,,1986,4,11,,,,2007,2016,2011,2015,2005,2007,,,,,,,,,,
fef94ec4,fef94ec4-1f4e-4ebc-a1cb-f0329a0e2063,628708,marty001,marteyu01,marte-000yun,14416,,,,,Q111606597,Marte,Yunior,Yunior,,,,1995,2,2,,,,2013,2024,2022,2024,,,,,,,,,,,,
fefff655,fefff655-093b-4f9a-b579-3baeab9da959,642203,widet001,widenta01,widene000tay,19266,,,,,,Widener,Taylor,Taylor Browning,,,,1994,10,24,,,,2016,2024,2020,2022,2014,2016,,,,,,,,,,
ff04bc4f,ff04bc4f-df9b-4b8c-bd3b-c7f838d574c1,572128,shafr001,shaffri01,shaffe002ric,13271,,,,,Q20801605,Shaffer,Richie,Richard Michael,,,,1991,3,15,,,,2012,2019,2015,2016,2010,2012,,,,,,,,,,
ff0508b6,ff0508b6-cdff-4ea9-8084-da1fbd1144f5,450172,volqe001,volqued01,volque001edi,3990,,,,,Q3047610,Vólquez,Edinson,Edinson,,,,1983,7,3,,,,2003,2020,2005,2020,,,,,,,,,,,,
ff1bf792,ff1bf792-6865-4e28-ba66-c0c529d09b14,681526,lavab001,lavasbr01,lavast000bry,24765,,,,,Q111530433,Lavastida,Bryan,Bryan,,,,1998,11,27,,,,2018,2024,2022,2022,,,,,,,,,,,,
ff2e44f7,ff2e44f7-1989-4145-b2eb-f475a85f0e99,663959,iveyt001,iveyty01,ivey--000tyl,20237,,,,,Q106939261,Ivey,Tyler,Tyler Cade,,,,1996,5,12,,,,2017,2022,2021,2021,2016,2016,,,,,,,,,,
ff30631d,ff30631d-252e-4a14-8784-f2a206e3d1fa,650959,diplm001,diplama01,diplan000mar,17583,,,,,Q107936588,Diplán,Marcos,Marcos Antonio,,Guzman,,1996,9,18,,,,2014,2024,2021,2022,,,,,,,,,,,,
ff3ec4a7,ff3ec4a7-1ee2-49fd-b95b-32e6605ea990,594809,eatoa002,eatonad02,eaton-002ada,11205,,,,,Q2823936,Eaton,Adam,Adam Cory,,,,1988,12,6,,,,2010,2021,2012,2021,2008,2010,,,,,,,,,,
ff594270,ff594270-80d4-4cac-8ca7-35e9043ac2d8,543867,turln001,turleni01,turley001nik,5530,13015155,,,,Q13566954,Turley,Nik,Nikolas Carlyle,,,,1989,9,11,,,,2008,2024,2017,2020,,,,,,,,,,,,
ff778cee,ff778cee-159c-4134-8494-ab62f70f6e51,685133,meckw001,mecklwa01,meckle000wad,31490,,,,,,Meckler,Wade,Wade Jameson,,,,2000,4,21,,,,2022,2024,2023,2023,2019,2022,,,,,,,,,,
ff97e680,ff97e680-1612-46a5-b327-d05824e117e1,664747,diaza004,diazal03,diaz--015ale,21132,,,,,Q111962684,Díaz,Alexis,Alexis Omar,,Laboy,,1996,9,28,,,,2015,2024,2022,2024,,,,,,,,,,,,
ff986269,ff986269-6fd3-47f9-b33c-e506d2d2a599,542946,bleij001,bleicje01,bleich001jer,9069,,,,,Q17232811,Bleich,Jeremy,Jeremy Michael,,,,1987,6,18,,,,2008,2019,2018,2018,,,,,,,,,,,,
ff9ff465,ff9ff465-a623-465a-a6bf-14c9345a5069,453385,richc002,richacl01,richar001cla,3551,,,,,Q2978735,Richard,Clayton,Clayton Colby,,,,1983,9,12,,,,2005,2019,2008,2019,2005,2005,,,,,,,,,,
ffa6d9cc,ffa6d9cc-c82f-4ced-a4b1-f50a1fd3bd43,115629,hawkl001,hawkila01,hawkin001lat,729,,,,,Q3206278,Hawkins,LaTroy,LaTroy,,,,1972,12,21,,,,1991,2015,1995,2015,,,,,,,,,,,,
ffb78a56,ffb78a56-2c74-4391-9f8c-20c35d82557b,519168,ranaa001,ranauan01,ranaud001ant,11424,,,,,Q4773334,Ranaudo,Anthony,Anthony Ronald,,,,1989,9,9,,,,2011,2017,2014,2016,,,,,,,,,,,,
ffcd89b2,ffcd89b2-f0f6-40d9-ade7-81a86071ff82,622259,wingt001,wingetr01,wingen000ant,17793,,,,,Q56043256,Wingenter,Trey,Anthony James,,,,1994,4,15,,,,2015,2024,2018,2024,2013,2015,,,,,,,,,,
