key_person,key_uuid,key_mlbam,key_retro,key_bbref,key_bbref_minors,key_fangraphs,key_npb,key_sr_nfl,key_sr_nba,key_sr_nhl,key_wikidata,name_last,name_first,name_given,name_suffix,name_matrilineal,name_nick,birth_year,birth_month,birth_day,death_year,death_month,death_day,pro_played_first,pro_played_last,mlb_played_first,mlb_played_last,col_played_first,col_played_last,pro_managed_first,pro_managed_last,mlb_managed_first,mlb_managed_last,col_managed_first,col_managed_last,pro_umpired_first,pro_umpired_last,mlb_umpired_first,mlb_umpired_last
2005572c,2005572c-0d74-4fe8-aaee-42c55fd347c7,623205,velaa001,velazan01,velazq000and,14196,,,,,Q18159034,Velazquez,Andrew,Andrew,,,,1994,7,14,,,,2012,2024,2018,2023,,,,,,,,,,,,
20235e72,20235e72-414c-4747-8cd3-c5e77ca0b574,499107,buenf001,buenofr01,bueno-001fra,5980,,,,,Q493200,Bueno,Francisley,Francisley,,Trueba,,1981,3,5,,,,1999,2019,2008,2014,,,,,,,,,,,,
2033a51c,2033a51c-21ea-4447-a620-d32508ad9cf1,670869,sotol001,sotoli01,soto--000liv,22471,,,,,,Soto,Livan,Livan Enrique,,Flores,,2000,6,22,,,,2017,2024,2022,2024,,,,,,,,,,,,
204251d8,204251d8-07fb-4b15-b2c4-72c23826ac93,643269,craiw001,craigwi01,craig-003wil,19267,,,,,Q24248312,Craig,Will,William Isaac,,,,1994,11,16,,,,2016,2021,2020,2021,2014,2016,,,,,,,,,,
204bb1da,204bb1da-07fb-4503-9d31-c7b7907e5b60,691016,sodet001,soderty01,soders000tyl,27467,,,,,,Soderstrom,Tyler,Tyler Christian,,,,2001,11,24,,,,2021,2024,2023,2024,,,,,,,,,,,,
205d5c4c,205d5c4c-3c2b-40f3-9330-43a183fbddb0,650556,abreb002,abreubr01,abreu-000bry,16609,,,,,Q66085269,Abreu,Bryan,Bryan Enrique,,Jimenez,,1997,4,22,,,,2014,2024,2019,2024,,,,,,,,,,,,
2065b967,2065b967-38e4-4f33-9880-ff778e69bc60,630105,cronj001,croneja01,cronen000jac,18036,,,,,Q70833756,Cronenworth,Jake,Jacob John,,,,1994,1,21,,,,2015,2024,2020,2024,2013,2015,,,,,,,,,,
206f23f0,206f23f0-4139-4b6d-92e0-7807603d2a73,491708,camia001,caminar01,camine001arq,8992,13515134,,,,Q15345901,Caminero,Arquimedes,Arquimedes Euclides,,,,1987,6,16,,,,2006,2021,2013,2016,,,,,,,,,,,,
20805448,20805448-d749-4bcb-a344-cc8145844751,460003,teagt001,teagata01,teagar001tay,5199,,,,,Q1046140,Teagarden,Taylor,Taylor Hill,,,,1983,12,21,,,,2005,2015,2008,2015,2003,2005,,,,,,,,,,
209ea554,209ea554-629e-4e76-b078-9812d95ab0f5,543054,cosaj001,cosarja01,cosart001jar,10304,,,,,Q6160968,Cosart,Jarred,Jarred Lynn,,,,1990,5,25,,,,2009,2017,2013,2017,,,,,,,,,,,,
20a51a22,20a51a22-894e-4376-abf0-cd983ece711f,643400,knigd001,knighdu01,knight003dus,16537,,,,,Q107882677,Knight,Dusten,Dusten Devoil,,,,1990,9,2,,,,2013,2022,2021,2022,2012,2013,,,,,,,,,,
20af2ca1,20af2ca1-790c-4a6b-8f1f-f480bbf862fb,579328,kikuy001,kikucyu01,kikuch000yus,20633,51755131,,,,Q8061867,Kikuchi,Yusei,Yusei,,,,1991,6,17,,,,2010,2024,2019,2024,,,,,,,,,,,,
20b78af4,20b78af4-f0fa-4815-ab8e-d9d3f359ff8d,547348,lee-c004,leech01,lee---001che,5177,83385132,,,,Q5969953,Lee,C. C.,Chen-Chang,,,,1986,10,21,,,,2009,2024,2013,2015,,,,,,,,,,,,
20f10e1e,20f10e1e-365e-4d27-86e4-d0497f2ddfb5,446386,guyeb001,guyerbr01,guyer-001bra,2636,,,,,Q948376,Guyer,Brandon,Brandon Eric,,,,1986,1,28,,,,2007,2019,2011,2018,2005,2007,,,,,,,,,,
210156b0,210156b0-d83e-41a3-934b-c64b81b4b706,425786,atchs001,atchisc01,atchis001sco,2642,01685116,,,,Q1085380,Atchison,Scott,Scott Barham,,,,1976,3,29,,,,1999,2015,2004,2015,1995,1999,,,,,,,,,,
210431f3,210431f3-9978-42d9-845a-3576dc58cb25,454975,iribh001,iribahe01,iribar001her,4177,,,,,Q3134290,Iribarren,Hernán,Hernán Alcides,,Rodriguez,,1984,6,29,,,,2004,2018,2008,2016,,,,,,,,,,,,
21046554,21046554-0916-4a10-9471-2f1002dc1a67,572971,keucd001,keuchda01,keuche001dal,9434,63265159,,,,Q401892,Keuchel,Dallas,Dallas,,,,1988,1,1,,,,2009,2024,2012,2024,2007,2009,,,,,,,,,,
21100405,21100405-40bd-4d86-873d-a9845cf4cf96,643615,zeuct001,zeuchtj01,zeuch-002tim,19269,,,,,Q24452246,Zeuch,T. J.,Timothy James,,,,1995,8,1,,,,2016,2024,2019,2022,2014,2016,,,,,,,,,,
211d6962,211d6962-e458-4f38-8923-0f573d6ca4e7,434567,sotog001,sotoge01,soto--001geo,3707,,,,,Q3103815,Soto,Geovany,Geovany,,Ponce,,1983,1,20,,,,2001,2017,2005,2017,,,,,,,,,,,,
2125fe7b,2125fe7b-f8fc-46d0-9eb0-8b5522996c1c,641360,bickp001,bickfph01,bickfo000phi,18519,,,,,Q16226653,Bickford,Phil,Phillip Roger,,,,1995,7,10,,,,2015,2024,2020,2024,2014,2014,,,,,,,,,,
212a6e25,212a6e25-e5b3-45e5-b938-b0eab9383162,624522,thomk002,thompke02,thomps000kee,19795,,,,,Q106690736,Thompson,Keegan,Keegan Cole,,,,1995,3,13,,,,2017,2024,2021,2024,2014,2017,,,,,,,,,,
2138ea0d,2138ea0d-c5a6-4a6a-a19e-b596b6ceb15e,502457,hayed001,hayesdr01,hayes-001and,10528,,,,,Q24004994,Hayes,Drew,Andrew Trent,,,,1987,9,3,,,,2010,2017,2016,2016,,,,,,,,,,,,
21393e70,21393e70-3cc1-48a4-9579-af132c7ba56a,608652,farrl001,farrelu01,farrel000luk,15101,,,,,Q32342453,Farrell,Luke,Luke Thomas,,,,1991,6,7,,,,2013,2024,2017,2022,2010,2013,,,,,,,,,,
21411783,21411783-728d-4a3b-b5b7-5ab9e18267a6,668684,tullt001,tullyta01,tully-000tan,19518,,,,,Q111668088,Tully,Tanner,Tanner Paul,,,,1994,11,30,,,,2016,2024,2022,2022,2014,2016,,,,,,,,,,
216a2ac5,216a2ac5-5e81-431f-9da6-aadeb31e21be,503437,berej003,beresja01,beresf001jam,4626,,,,,Q6129695,Beresford,James,James Richard,,,,1989,1,19,,,,2007,2016,2016,2016,,,,,,,,,,,,
216e5d91,216e5d91-de5f-4094-9c06-39bbd9ae6a0d,434378,verlj001,verlaju01,verlan001jus,8700,,,,,Q981788,Verlander,Justin,Justin Brooks,,,,1983,2,20,,,,2005,2024,2005,2024,2002,2004,,,,,,,,,,
216e75db,216e75db-5be9-4613-9339-f7ba92f544fc,592743,simma001,simmoan01,simmon002and,10847,,,,,Q2846523,Simmons,Andrelton,Andrelton Alexander,,,,1989,9,4,,,,2010,2023,2012,2022,,,,,,,,,,,,
217f5ad5,217f5ad5-5287-4f2f-8146-5fead9b45c4d,660896,alcaj001,alcaljo01,alcala000jor,19459,,,,,Q67594382,Alcalá,Jorge,Jorge Luis,,,,1995,7,28,,,,2015,2024,2019,2024,,,,,,,,,,,,
2180da04,2180da04-8b56-4d57-abd4-832204d90c6a,656638,langa001,langeal01,lange-000ale,19883,,,,,Q20707853,Lange,Alex,Alexander Craig,,,,1995,10,2,,,,2017,2024,2021,2024,2015,2017,,,,,,,,,,
21a415e3,21a415e3-2fe8-4a77-bd7a-11a76a5107ae,465674,cirip001,ciriape01,ciriac001ped,5278,,,,,Q3053030,Ciriaco,Pedro,Pedro Joel,,,,1985,9,27,,,,2005,2017,2010,2015,,,,,,,,,,,,
21a733cc,21a733cc-3beb-49be-90bd-35772827a2f4,607216,krehj001,krehbjo01,krehbi000jos,13707,,,,,Q55356997,Krehbiel,Joey,Joseph Roland,,,,1992,12,20,,,,2011,2024,2018,2023,,,,,,,,,,,,
21cf12a8,21cf12a8-b4ad-4ed9-9b34-e35920bf8b2a,542289,corcd001,corcida01,corcin001dan,9266,,,,,Q5216855,Corcino,Daniel,Daniel,,,,1990,8,26,,,,2008,2024,2014,2018,,,,,,,,,,,,
21eb8625,21eb8625-b07d-4e7f-a818-302fd07ac917,686610,waldk003,waldike01,waldic000ken,27681,,,,,,Waldichuk,Ken,Kenneth Dieter,,,,1998,1,8,,,,2019,2023,2022,2023,2017,2019,,,,,,,,,,
21fb5c2d,21fb5c2d-8068-495b-8d0d-dac1e7bc600c,681190,vasqr001,vasqura02,vasque001ran,24719,,,,,,Vásquez,Randy,Randy Marcelino,,Martinez,,1998,11,3,,,,2018,2024,2023,2024,,,,,,,,,,,,
220301cf,220301cf-28d4-4a56-b811-c58d00e1650d,592705,rumbn001,rumbeni01,rumbel000nic,14867,,,,,Q18157592,Rumbelow,Nick,Nicholas Bruno,,,,1991,9,6,,,,2013,2019,2015,2019,2011,2013,,,,,,,,,,
2206880e,2206880e-2cba-4c9a-9d99-ef764e85ac02,571718,goodb001,goodwbr01,goodwi001bri,12858,,,,,Q4963862,Goodwin,Brian,Brian Christopher,,,,1990,11,2,,,,2012,2023,2016,2021,,,,,,,,,,,,
2206bd20,2206bd20-0393-4371-ba92-71bb470e1e55,664350,sancs001,sanchsi01,sanche000six,19680,,,,,Q50345059,Sánchez,Sixto,Sixto,,Encarnacion,,1998,7,29,,,,2015,2024,2020,2024,,,,,,,,,,,,
221e22a4,221e22a4-a65c-468a-9c80-8ec8f3e21f6a,430935,hamec001,hamelco01,hamels001col,4972,,,,,Q1107989,Hamels,Cole,Colbert Michael,,,,1983,12,27,,,,2003,2020,2006,2020,,,,,,,,,,,,
222a5e04,222a5e04-cfeb-4859-bbb0-28a354ea5478,693304,gonzn001,gonzani01,gonzal004nic,27490,,,,,,Gonzales,Nick,Nicholas Joseph,,,,1999,5,27,,,,2021,2024,2023,2024,2018,2020,,,,,,,,,,
22485f80,22485f80-0310-4a18-8859-1660591a5aec,627894,gohal001,goharlu01,gohara000lui,15166,,,,,Q38801381,Gohara,Luiz,Luiz Henrique,,,,1996,7,31,,,,2013,2018,2017,2018,,,,,,,,,,,,
224d251f,224d251f-820e-4f09-a1b6-fe736eadc821,425532,willj003,willije01,willia003jer,1137,,,,,Q288735,Williams,Jerome,Jerome Lee,,,,1981,12,4,,,,1999,2018,2003,2016,,,,,,,,,,,,
2253e177,2253e177-ba6a-4edb-83da-da3bc28fbc61,660546,diazy002,diazye01,diaz--000yen,20218,,,,,,Díaz,Yennsy,Yennsy Manuel,,Santana,,1996,11,15,,,,2015,2024,2019,2021,,,,,,,,,,,,
22573072,22573072-18b7-43fc-b228-cb50f7de26c3,623465,phile001,phillev01,philli000eva,17734,,,,,,Phillips,Evan,Evan John,,,,1994,9,11,,,,2015,2024,2018,2024,2013,2015,,,,,,,,,,
2257b502,2257b502-728a-43e6-b9c7-2261b1e7cdac,502082,chisl001,chiselo01,chisen001lon,7571,,,,,Q3259208,Chisenhall,Lonnie,Lonnie David,,,,1988,10,4,,,,2008,2019,2011,2018,2007,2007,,,,,,,,,,
2258baaf,2258baaf-8d73-4540-9f69-639698724851,491696,sucrj001,sucreje01,sucre-001jes,5942,,,,,Q13417043,Sucre,Jesús,Jesús Marcelo,,Medina,,1988,4,30,,,,2006,2024,2013,2019,,,,,,,,,,,,
22599c54,22599c54-de5c-4358-8b16-470fe9edc8bc,623993,santa003,santaan02,santan000ant,14551,,,,,Q30029669,Santander,Anthony,Anthony Roger,,,,1994,10,19,,,,2012,2024,2017,2024,,,,,,,,,,,,
226b1877,226b1877-6aa9-4bee-94b5-e44aaf41bb72,543343,hultd001,hultzda01,hultze001dan,12874,,,,,Q5220459,Hultzen,Danny,Daniel Alexander,,,,1989,11,28,,,,2011,2019,2019,2019,2009,2011,,,,,,,,,,
2284d386,2284d386-e7fc-49a6-82d1-9144f2b7c730,642211,willj006,williju02,willia004jus,15490,,,,,Q50819484,Williams,Justin,Justin Paul,,,,1995,8,20,,,,2013,2024,2018,2021,,,,,,,,,,,,
2297f3e5,2297f3e5-3840-4310-bf26-1a4038faf2f4,501822,hatcc002,hatchch02,hatche001dav,3299,,,,,Q2964730,Hatcher,Chris,David Christopher,,,,1985,1,12,,,,2006,2018,2010,2018,2004,2006,,,,,,,,,,
229b0106,229b0106-c31c-45d6-9131-60c1a0fc7c51,460092,leroc001,lerouch01,leroux001chr,7645,63165137,,,,Q2964783,Leroux,Chris,Christopher Adam,,,,1984,4,14,,,,2006,2016,2009,2014,2003,2005,,,,,,,,,,
229e81c6,229e81c6-80d6-4818-a8d7-27ebb3a2af0b,471822,diazj005,diazju03,diaz--007jos,3397,,,,,Q17276315,Díaz,Jumbo,Jose Rafael,,Rodriguez,,1984,2,27,,,,2002,2024,2014,2017,,,,,,,,,,,,
22ba5e74,22ba5e74-8238-43b8-9bb4-50de49ff35c6,608422,godoj001,godoyjo01,godoy-000jos,15808,,,,,Q106988413,Godoy,José,José Alberto,,,,1994,10,13,,,,2012,2024,2021,2022,,,,,,,,,,,,
22c50209,22c50209-030e-4f3c-8922-24169d33a4bf,408252,philb001,phillbr01,philli001bra,791,,,,,Q2923776,Phillips,Brandon,Brandon Emil,,,,1981,6,28,,,,1999,2022,2002,2018,,,,,,,,,,,,
22d2e3a9,22d2e3a9-dc33-41c0-ad2c-d7164c1cc245,456696,hernd002,hernada01,hernan002dav,4259,,,,,Q3018065,Hernandez,David,David Jose,,,DHern,1985,5,13,,,,2005,2019,2009,2019,,,,,,,,,,,,
22d62cf9,22d62cf9-532e-411d-8af8-d85d065dbd37,425496,rossc001,rossco01,ross--001cod,1760,,,,,Q1106567,Ross,Cody,Cody Joseph,,,,1980,12,23,,,,1999,2015,2003,2015,,,,,,,,,,,,
22dde1b7,22dde1b7-6631-4944-88f9-ceb6d0c3aa07,676882,seagc002,seaglch01,seagle000cha,23552,,,,,,Seagle,Chandler,Chandler Mackenzie,,,,1996,5,23,,,,2017,2024,2023,2023,2015,2017,,,,,,,,,,
2307104a,2307104a-f6a7-4934-9a98-296a91a91006,430668,hairs001,hairssc01,hairst001sco,1926,,,,,Q3476232,Hairston,Scott,Scott Alexander,,,,1980,5,25,,,,2001,2014,2004,2014,2000,2001,,,,,,,,,,
232fbbaa,232fbbaa-31e5-4499-9835-dc9a682d7da3,458913,youne003,younger03,young-001eri,7158,,,,,Q3056444,Young,Eric,Eric Orlando,Jr.,,,1985,5,25,,,,2004,2019,2009,2018,,,,,,,,,,,,
2332a304,2332a304-9971-4fc1-b0d4-8d9233446232,572703,bardl001,bardlu01,bard--001luk,14288,,,,,Q51903943,Bard,Luke,Luke Francis,,,,1990,11,13,,,,2012,2023,2018,2022,2010,2012,,,,,,,,,,
233b23a2,233b23a2-7aa8-43fb-a262-ecdb736756ad,677595,maurr002,mauriro01,mauric000ron,23698,,,,,,Mauricio,Ronny,Ronny,,Martinez,,2001,4,4,,,,2018,2023,2023,2023,,,,,,,,,,,,
23474b93,23474b93-5385-41c0-8d45-af23a516f64e,542642,lirir001,liriary01,lirian001rym,4779,,,,,Q17232962,Liriano,Rymer,Rymer Omar,,,,1991,6,20,,,,2008,2022,2014,2017,,,,,,,,,,,,
2349f5e7,2349f5e7-447e-476d-91aa-dbe82476aec8,621294,hellb001,hellebe01,heller000ben,15100,,,,,Q26678255,Heller,Ben,Benjamin,,,,1991,8,5,,,,2013,2024,2016,2024,,,,,,,,,,,,
235fda21,235fda21-1609-41fa-b7fc-151fcd462af8,622703,herrr001,herrero01,herrer000ron,15688,,,,,Q30307430,Herrera,Ronald,Ronald Jose,,Aular,,1995,5,3,,,,2012,2023,2017,2017,,,,,,,,,,,,
23707edc,23707edc-c0df-4f5f-ad5e-7828a5f459b2,642350,sirij001,sirijo01,siri--000jos,17452,,,,,Q50838940,Siri,José,José Alexander,,,,1995,7,22,,,,2013,2024,2021,2024,,,,,,,,,,,,
237a8887,237a8887-b955-45bf-9b10-136b1dc26427,543045,conla001,conlead01,conley001ada,14457,,,,,Q20081446,Conley,Adam,Adam Michael,,,,1990,5,24,,,,2011,2021,2015,2021,2009,2011,,,,,,,,,,
23813a97,23813a97-fccd-4925-961d-0b2f1a44a2b0,657209,deetd001,deetzde01,deetz-000dea,16687,,,,,Q56513180,Deetz,Dean,Dean Arthur,,,,1993,11,29,,,,2014,2022,2018,2018,,,,,,,,,,,,
238295ab,238295ab-1b32-4f1a-a3a6-a886fd1f7620,641513,demet001,demertr01,demeri000tra,15958,,,,,Q66095804,Demeritte,Travis,Travis Timothy,,,,1994,9,30,,,,2013,2024,2019,2022,,,,,,,,,,,,
23861c87,23861c87-3cb2-406f-893d-9c2bd87253de,657140,wrigk001,wrighky01,wright003kyl,19665,,,,,Q28017372,Wright,Kyle,Kyle Hardy,,,,1995,10,2,,,,2017,2023,2018,2023,2015,2017,,,,,,,,,,
23acd425,23acd425-ffb3-420b-9508-80bcafd973ba,592848,weisz001,weissza01,weiss-001zac,15444,,,,,Q50829081,Weiss,Zack,Zachary D.,,,,1992,6,16,,,,2013,2024,2018,2023,2011,2013,,,,,,,,,,
23c2099a,23c2099a-c48c-41f7-9edb-e5aecdd106b0,676775,winnk001,winnke01,winn--000kea,23499,,,,,,Winn,Keaton,Keaton Eugene,,,,1998,2,20,,,,2018,2024,2023,2024,,,,,,,,,,,,
23c6f1dc,23c6f1dc-082d-45fd-ad39-34bc0d8604f3,670764,wallt003,wallsta01,walls-000tay,22458,,,,,Q106939281,Walls,Taylor,Davis Taylor,,,,1996,7,10,,,,2017,2024,2021,2024,2015,2017,,,,,,,,,,
23c76d3f,23c76d3f-9e7b-471c-abd3-7ac4bb20b11d,656467,gittc001,gittech01,gitten000chr,18482,33935155,,,,Q107124900,Gittens,Chris,Christopher Ryan,,,,1994,2,4,,,,2014,2024,2021,2021,,,,,,,,,,,,
23c9de77,23c9de77-5981-4101-833e-627738da2a61,664285,valdf001,valdefr01,valdez005fra,17295,,,,,Q56224192,Valdez,Framber,Framber,,Pinales,,1993,11,19,,,,2015,2024,2018,2024,,,,,,,,,,,,
23ec003c,23ec003c-d816-4f0e-ad02-eef2779bbc97,642137,thomc003,thomaco01,thomas000cod,19828,53955159,,,,,Thomas,Cody,Cody Ryan,,,,1994,10,8,,,,2016,2024,2022,2023,2014,2016,,,,,,,,,,
242898e9,242898e9-9a74-47fd-8856-bd63b17b7c3b,435078,ariaj001,ariasjo01,arias-001joa,3817,,,,,Q3051092,Arias,Joaquín,Joaquín,,,,1984,9,21,,,,2002,2016,2006,2015,,,,,,,,,,,,
2444f667,2444f667-358e-441e-aaf8-2cc0072e9d62,571616,dermm001,dermoma01,dermod001mat,14844,43745153,,,,Q26775205,Dermody,Matt,Matthew Phillip,,,,1990,7,4,,,,2013,2024,2016,2023,2010,2013,,,,,,,,,,
2454964b,2454964b-f9a2-411e-b173-3ecedffe0dbf,451216,wilsb001,wilsobr01,wilson001bri,6485,,,,,Q913269,Wilson,Brian,Brian Patrick,,,,1982,3,16,,,,2004,2014,2006,2014,2001,2002,,,,,,,,,,
24a484db,24a484db-9481-44ec-9ff7-49fbaea98c80,346847,beimj001,beimejo01,beimel001jos,979,,,,,Q2402277,Beimel,Joe,Joseph Ronald,,,,1977,4,19,,,,1998,2021,2001,2015,1998,1998,,,,,,,,,,
24b152bb,24b152bb-3a42-4149-94e9-f2f9773127aa,554431,matzt001,matzety01,matzek001tyl,10058,,,,,Q17183249,Matzek,Tyler,Tyler Alexander,,,,1990,10,19,,,,2010,2024,2014,2024,,,,,,,,,,,,
24b6bbe3,24b6bbe3-e79b-441d-98b9-05702ab0c3d1,805673,mattz001,matthze01,matthe000zeb,31827,,,,,,Matthews,Zebby,Daniel Zebulon,,,,2000,5,22,,,,2022,2024,2024,2024,2020,2022,,,,,,,,,,
24ba25d2,24ba25d2-9b6d-4927-b34a-baedb8ffe158,624419,ciufn001,ciuffni01,ciuffo000nic,16291,,,,,Q16236704,Ciuffo,Nick,Nicholas Anthony,,,,1995,3,7,,,,2013,2022,2018,2021,,,,,,,,,,,,
24bf4355,24bf4355-52a7-492d-a1dd-46b3001874ef,656775,mullc002,mullice01,mullin000ced,17929,,,,,Q56063045,Mullins,Cedric,Boyce Cedric,,,,1994,10,1,,,,2015,2024,2018,2024,2015,2015,,,,,,,,,,
24c6be6d,24c6be6d-534d-4667-a5fd-023bfbc9d30a,621261,oswac001,oswalco01,oswalt000cor,13677,,,,,Q16545048,Oswalt,Corey,Corey Edward,,,,1993,9,3,,,,2012,2022,2018,2021,,,,,,,,,,,,
24d0505e,24d0505e-ef77-448f-a83e-e6b843c7bfc7,690993,keitc001,keithco01,keith-000col,27899,,,,,,Keith,Colt,Colten Thomas,,,,2001,8,14,,,,2021,2024,2024,2024,,,,,,,,,,,,
24d7b813,24d7b813-5c7f-4310-8ce8-b8919e0cff91,676395,garcr008,garciro04,garcia010rob,23363,,,,,,Garcia,Robert,Robert Christopher,,,,1996,6,14,,,,2017,2024,2023,2024,2016,2017,,,,,,,,,,
24f48d69,24f48d69-7a9a-4ec9-b50d-3afc9d952e04,457918,happj001,happja01,happ--001jam,7410,,,,,Q3113176,Happ,J. A.,James Anthony,,,,1982,10,19,,,,2004,2021,2007,2021,2002,2004,,,,,,,,,,
24f4c798,24f4c798-4953-4c38-bb7d-42a11b517776,446367,putkl001,putkolu01,putkon001luk,6736,,,,,Q3267106,Putkonen,Luke,Luke Webber,,,,1986,5,10,,,,2007,2015,2012,2014,2006,2007,,,,,,,,,,
250718a8,250718a8-84d1-4f9e-9de3-3cd7b9c4f9cd,605195,crick001,crickky01,crick-000kyl,13182,,,,,Q6451111,Crick,Kyle,Kyle Daniel,,,,1992,11,30,,,,2011,2024,2017,2022,,,,,,,,,,,,
252f581b,252f581b-9ea8-4a76-84a7-a0d2c2a403b6,467070,herre001,herreel01,herrer001eli,5432,13015132,,,,Q3050905,Herrera,Elián,Elián,,Ramirez,,1985,2,1,,,,2006,2018,2012,2015,,,,,,,,,,,,
254e6cdf,254e6cdf-b08c-46bf-9b49-5e1e30d3e326,605182,clevm001,clevimi01,clevin000mic,12808,,,,,Q24084733,Clevinger,Mike,Michael Anthony,,,,1990,12,21,,,,2011,2024,2016,2024,,,,,,,,,,,,
25527130,25527130-9f65-48ac-87b2-f8cbdda59c2a,433579,dankj001,danksjo01,danks-001joh,6329,,,,,Q772611,Danks,John,John William,,,,1985,4,15,,,,2003,2016,2007,2016,,,,,,,,,,,,
258dc18b,258dc18b-6b2f-4ff6-9556-0960a3aaa1cf,671131,rutlj002,rutleja01,rutled002jac,26215,,,,,,Rutledge,Jackson,Jackson Christian,,,,1999,4,1,,,,2019,2024,2023,2024,2018,2018,,,,,,,,,,
25ab6f6a,25ab6f6a-28b5-4de9-9970-dcbf2319e8a4,534576,schlg001,schlogu01,schlos000aug,12321,,,,,Q16232404,Schlosser,Gus,August Carl,,,,1988,10,20,,,,2011,2016,2014,2014,2011,2011,,,,,,,,,,
25c591cb,25c591cb-45a7-4ebc-a849-216ce977bc5b,663799,terrc001,terrycu01,terry-000cur,18881,,,,,Q107626139,Terry,Curtis,Curtis Marquis,,,,1996,10,6,,,,2015,2024,2021,2021,,,,,,,,,,,,
25c782bb,25c782bb-0b73-49f4-963b-e64b42f14360,519144,porcr001,porceri01,porcel001ric,2717,,,,,Q3431596,Porcello,Rick,Frederick Alfred,,,,1988,12,27,,,,2008,2020,2009,2020,,,,,,,,,,,,
25db2c9b,25db2c9b-3efa-4c77-954a-17430300de29,445590,stule002,stulter01,stults001eri,8011,83185131,,,,Q3056413,Stults,Eric,Eric William,,,,1979,12,9,,,,2002,2015,2006,2015,,,,,,,,,,,,
25f568db,25f568db-3684-4202-9e7e-8325022a18a8,607068,reedc001,reedch01,reed--000chr,12801,,,,,Q18631479,Reed,Chris,Christopher William,,,,1990,5,20,,,,2011,2021,2015,2015,2009,2011,,,,,,,,,,
260e21bb,260e21bb-e7bc-444a-8404-a0fd11b16ea2,435263,mccab002,mccanbr01,mccann001bri,4810,,,,,Q1059152,McCann,Brian,Brian Michael,,,,1984,2,20,,,,2002,2019,2005,2019,,,,,,,,,,,,
26592069,26592069-cfd0-436f-be43-9a55649e8d85,543334,houst002,housetj01,house-001tj-,9121,,,,,Q15961713,House,T. J.,Glenn Anthony,,,,1989,9,29,,,,2009,2020,2014,2017,,,,,,,,,,,,
2664d467,2664d467-87e5-4a05-b3e0-1ab18b5bc1bc,663738,lyncd001,lynchda02,lynch-005dan,21537,,,,,,Lynch,Daniel,Daniel Aloysius,,,,1996,11,17,,,,2018,2024,2021,2024,2016,2018,,,,,,,,,,
267bc077,267bc077-2fb5-4fa9-851d-a1e3ae0382a0,543518,mcgos001,mcgousc01,mcgoug001sco,12056,43345138,,,,Q20858101,McGough,Scott,Scott Thomas,,,,1989,10,31,,,,2011,2024,2015,2024,2009,2011,,,,,,,,,,
26a79c89,26a79c89-92b6-490c-9dde-73923380ab87,608577,mazan001,mazarno01,mazara000nom,14553,,,,,Q17486577,Mazara,Nomar,Nomar Shamir,,Jiminian,,1995,4,26,,,,2012,2024,2016,2022,,,,,,,,,,,,
26c27709,26c27709-8ec6-4b97-9a94-3294148dfef2,519043,moorm003,moorema02,moore-001mat,1890,83785151,,,,Q1101172,Moore,Matt,Matthew Cody,,,,1989,6,18,,,,2007,2024,2011,2024,,,,,,,,,,,,
27077dd2,27077dd2-3490-4675-84b4-fb2ea0195828,607680,pillk001,pillake01,pillar000kev,12434,,,,,Q15911906,Pillar,Kevin,Kevin Andrew,,,,1989,1,4,,,,2011,2024,2013,2024,2008,2011,,,,,,,,,,
27087048,27087048-acf4-4377-96ee-2feea3fc49e9,656509,harrm003,harrimo01,harris000mon,17216,,,,,Q16843842,Harrison,Monte,Monte Fitzgerald,,,,1995,8,10,,,,2014,2023,2020,2022,,,,,,,,,,,,
270bfa31,270bfa31-f65b-4d2b-a54a-09dca16198c9,660271,ohtas001,ohtansh01,otani-000sho,19755,01305137,,,,Q4391858,Ohtani,Shohei,Shohei,,,,1994,7,5,,,,2013,2024,2018,2024,,,,,,,,,,,,
2710642c,2710642c-bfad-4b25-a6b7-903f31a8d8d7,666922,aguir002,aguilry01,aguila000rya,19967,,,,,Q113644509,Aguilar,Ryan,Ryan Scott,,,,1994,9,11,,,,2016,2024,2022,2022,2015,2016,,,,,,,,,,
27150d7f,27150d7f-cc14-465a-be16-04337d3f4485,519208,robic001,robincl01,robins001cli,6908,,,,,Q2979336,Robinson,Clint,Clinton Michael,,,,1985,2,16,,,,2007,2017,2012,2016,2004,2007,,,,,,,,,,
27314b6c,27314b6c-b7c4-412e-bc3f-84322852e3f1,669127,langs001,langesh01,langel000she,25816,,,,,,Langeliers,Shea,Shea Ryan,,,,1997,11,18,,,,2019,2024,2022,2024,2017,2019,,,,,,,,,,
27334e0b,27334e0b-3a31-4ee6-b57b-5870a6e6c13b,676130,buttj001,buttojo01,butto-000jos,23313,,,,,,Buttó,José,José Alejandro,,Salazar,,1998,3,19,,,,2017,2024,2022,2024,,,,,,,,,,,,
2782d1c8,2782d1c8-95d5-4b68-8771-099a747bfce2,474521,tolls002,tollesh01,tolles001sha,10481,,,,,Q3481635,Tolleson,Shawn,Shawn Mark,,,,1988,1,19,,,,2010,2016,2012,2016,2008,2010,,,,,,,,,,
279825cc,279825cc-a89b-4999-ada4-6c04bd65072a,571697,genns001,gennesc01,gennet001rya,10339,,,,,Q13561014,Gennett,Scooter,Ryan Joseph,,,,1990,5,1,,,,2010,2019,2013,2019,,,,,,,,,,,,
279d226b,279d226b-8c4e-47e7-9606-95787ea1cf2b,607111,wilsj005,wilsoja04,wilson010jac,13254,,,,,,Wilson,Jacob,Jacob Clinton,,,,1990,7,29,,,,2012,2021,2021,2021,2009,2012,,,,,,,,,,
27e2c2db,27e2c2db-4929-45a0-b8d8-f319458d3df9,592254,delej003,deleojo03,deleon008jos,15463,,,,,Q5224129,De León,José,José Eugenio,,,,1992,8,7,,,,2013,2024,2016,2023,2011,2013,,,,,,,,,,
27e8922a,27e8922a-1c23-4a82-8a62-0d9c976a67f3,489119,milew001,mileywa01,miley-001wad,8779,,,,,Q3564996,Miley,Wade,Wade Allen,,,,1986,11,13,,,,2008,2024,2011,2024,2006,2008,,,,,,,,,,
27edd3f7,27edd3f7-e434-4857-89fd-e35ccacaa0d1,607968,rucid001,rucindr01,rucins000dre,12499,,,,,Q17341915,Rucinski,Drew,Andrew James,,,,1988,12,30,,,,2011,2023,2014,2023,2008,2011,,,,,,,,,,
2803496e,2803496e-d1b6-4aea-b8de-cd995cf2f485,150116,wolfr001,wolfra02,wolf--001ran,976,,,,,Q1064771,Wolf,Randy,Randall Christopher,,,,1976,8,22,,,,1997,2015,1999,2015,1995,1997,,,,,,,,,,
281e6ea5,281e6ea5-d756-468f-9c3f-821251a92768,518568,coloc002,colonch01,colon-001chr,11145,,,,,Q5109445,Colón,Christian,Christian Anthony,,,,1989,5,14,,,,2010,2021,2014,2020,,,2024,2024,,,,,,,,
2837ec12,2837ec12-5a66-4b39-a663-977b115dc040,545338,frann001,frankni01,frankl001nic,10166,,,,,Q7027144,Franklin,Nick,Nicholas Edward,,,,1991,3,2,,,,2009,2022,2013,2018,,,,,,,,,,,,
283dfd57,283dfd57-8e58-4547-bfbf-11707c1d0bf5,676637,sandp003,sandeph01,sander000pho,20541,,,,,Q111601677,Sanders,Phoenix,Phoenix Clark,,,,1995,6,5,,,,2017,2024,2022,2022,2016,2017,,,,,,,,,,
283f24ed,283f24ed-fdaa-4d6d-a897-b1f668b2f8ea,664849,yound005,youngda02,young-003dan,18439,,,,,,Young,Danny,Daniel Alexander,,,,1994,5,27,,,,2015,2024,2022,2024,2013,2015,,,,,,,,,,
28500428,28500428-d98e-4793-bda4-0e4f9e34b795,672578,hernc006,hernaca04,hernan026car,22713,,,,,Q99312312,Hernández,Carlos,Carlos Eduardo,,Pino,,1997,3,11,,,,2017,2024,2020,2024,,,,,,,,,,,,
285a9036,285a9036-adc4-4bd7-9e0e-7d54055bcff7,573109,ramoa001,ramosaj01,ramos-002ale,8350,,,,,Q2818921,Ramos,AJ,Alejandro,,Hinjos,,1986,9,20,,,,2009,2021,2012,2021,2006,2009,,,,,,,,,,
28762b64,28762b64-a7a3-43cb-a2cb-9b724a5ed1fa,621112,blacp001,blackpa01,blackb000pau,14739,,,,,Q30042385,Blackburn,Paul,Paul Cady,,,,1993,12,4,,,,2012,2024,2017,2024,,,,,,,,,,,,
288c5e69,288c5e69-e841-4bb1-8180-7fb91d7a7f43,594985,roweb001,rowenbe01,rowen-001ben,10983,,,,,Q15846548,Rowen,Ben,Benjamin Ramon,,,,1988,11,15,,,,2010,2021,2014,2021,2009,2010,,,,,,,,,,
289b3b24,289b3b24-6dba-48f6-b3e4-c2936b37e8dc,519381,vendp001,vendipa01,vendit001pat,7108,,,,,Q7144091,Venditte,Pat,Patrick Michael,,,,1985,6,30,,,,2008,2020,2015,2020,,,,,,,,,,,,
28afea79,28afea79-7210-48f3-936f-6ce62b1e64b0,672279,sianm001,sianimi01,siani-001mik,22557,,,,,,Siani,Michael,Michael,,,,1999,7,16,,,,2018,2024,2022,2024,,,,,,,,,,,,
28b3d53d,28b3d53d-850f-4a3a-a00b-5db79239e820,570560,sancc001,sanchca01,sanche008car,11602,,,,,Q16234982,Sánchez,Yolmer,Yolmer Carlos,,,,1992,6,29,,,,2009,2024,2014,2022,,,,,,,,,,,,
28b48f5c,28b48f5c-d27a-4ceb-8cf6-eafd58c476d4,150229,piera001,pierza.01,pierzy001ant,746,,,,,Q278305,Pierzynski,A. J.,Anthony John,,,,1976,12,30,,,,1994,2016,1998,2016,,,,,,,,,,,,
28bebbd7,28bebbd7-dcac-494a-a057-d79aad999bf0,519184,reveb001,reverbe01,revere001ben,4712,,,,,Q2895541,Revere,Ben,Ben Daniel,,,,1988,5,3,,,,2007,2021,2010,2017,,,,,,,,,,,,
28e3fc08,28e3fc08-66bb-4e6a-848f-7350ecf56c86,641583,fowld002,fowledu01,fowler000dus,17098,,,,,Q29446186,Fowler,Dustin,Dustin Ryan,,,,1994,12,29,,,,2013,2021,2017,2021,,,,,,,,,,,,
28e5a9c8,28e5a9c8-6862-49ff-954c-43d760038cac,689690,jacoa001,jacobal01,jacob-001ale,29628,,,,,,Jacob,Alek,Alek Scott,,,,1998,6,16,,,,2021,2024,2023,2024,2018,2021,,,,,,,,,,
290e2ca1,290e2ca1-e345-463d-8b63-c405c346c987,518863,jordt001,jordata01,jordan001tay,10466,,,,,Q13939687,Jordan,Taylor,Taylor Joseph,,,,1989,1,17,,,,2009,2019,2013,2015,,,,,,,,,,,,
2928af2b,2928af2b-53fb-4d6c-9065-b2d47972f1a0,606115,arcio002,arciaor01,arcia-000orl,13185,,,,,Q21620758,Arcia,Orlando,Orlando Jesus,,,,1994,8,4,,,,2011,2024,2016,2024,,,,,,,,,,,,
295265e9,295265e9-0ea9-4d3c-bf75-4a548e781433,430637,johnk003,johnske05,johnso001kel,2234,,,,,Q3194896,Johnson,Kelly,Kelly Andrew,,,,1982,2,22,,,,2000,2016,2005,2016,,,,,,,,,,,,
29550caa,29550caa-fb66-4893-892b-9b68951c2661,592656,ramoh001,ramoshe01,ramos-001hen,11481,,,,,Q108421770,Ramos,Henry,Henry,,,,1992,4,15,,,,2010,2024,2021,2023,,,,,,,,,,,,
295c29d9,295c29d9-9b25-4c4b-a806-55e458879cf8,606213,mercy001,merceye01,merced000yer,17423,,,,,,Mercedes,Yermín,Yermín Francisco,,de la Cruz,,1993,2,14,,,,2011,2024,2020,2022,,,,,,,,,,,,
2965388a,2965388a-dcd6-4b4d-8ea4-7d581869972a,667427,jackz002,jacksza02,jackso002zac,19493,,,,,Q111530417,Jackson,Zach,Zachary Garrett,,,,1994,12,25,,,,2016,2024,2022,2023,2014,2016,,,,,,,,,,
29862b25,29862b25-d3ca-413f-8eb1-95dfaec98a19,607555,guilt001,guilbta01,guilbe000tay,18306,,,,,Q66501553,Guilbeau,Taylor,Taylor Michael,,,,1993,5,12,,,,2015,2020,2019,2020,2012,2015,,,,,,,,,,
2989801e,2989801e-4e2d-4960-840d-6367c7759a1d,462480,cruzr001,cruzrh01,cruz--001rhi,711,33535139,,,,Q3429396,Cruz,Rhiner,Rhiner Allen,,Montero,,1986,11,1,,,,2004,2023,2012,2018,,,,,,,,,,,,
298c5bf9,298c5bf9-18d2-484a-b503-7546fae71744,683002,hendg002,hendegu01,hender000gun,26289,,,,,,Henderson,Gunnar,Gunnar Randal,,,,2001,6,29,,,,2019,2024,2022,2024,,,,,,,,,,,,
2991936b,2991936b-134d-43ce-ba7b-6e0ddcc9c334,571479,bella001,bellaan01,bellat001and,10657,,,,,Q19873269,Bellatti,Andrew,Andrew James,,,,1991,8,5,,,,2009,2024,2015,2023,,,,,,,,,,,,
29a03f08,29a03f08-f67d-46bc-99df-75515d63185b,657757,sheeg001,sheetga01,sheets000gav,19901,,,,,,Sheets,Gavin,Gavin Crawford,,,,1996,4,23,,,,2017,2024,2021,2024,2015,2017,,,,,,,,,,
29bfdcc3,29bfdcc3-d7b1-447f-8d3b-7981b9277bc3,571476,beckc002,beckch02,beck--002chr,13418,,,,,Q16256357,Beck,Chris,Christopher Michael,,,,1990,9,4,,,,2012,2019,2015,2018,2010,2012,,,,,,,,,,
29c83147,29c83147-0a81-4a21-8a17-03483ce19bc4,607391,mazzc002,mazzach01,mazza-000chr,14151,,,,,Q64853141,Mazza,Chris,Christopher James,,,,1989,10,17,,,,2012,2023,2019,2022,,,,,,,,,,,,
29dc31b8,29dc31b8-c8a6-42b2-b9cd-ae40f24b3eb3,518418,aumop001,aumonph01,aumont001phi,5362,,,,,Q3381102,Aumont,Phillippe,Phillippe,,,,1989,1,7,,,,2008,2019,2012,2015,,,,,,,,,,,,
29f8b660,29f8b660-9a49-4fba-99c3-01d576beba0a,571875,lambj001,lambja01,lamb--002jac,13329,,,,,Q17489367,Lamb,Jake,Jacob Ryan,,,,1990,10,9,,,,2012,2024,2014,2023,2010,2012,,,,,,,,,,
2a069007,2a069007-0522-4001-986e-13cfb25c54c6,434665,massn001,masseni01,masset001nic,7267,,,,,Q3339772,Masset,Nick,Nicholas Allen,,,,1982,5,17,,,,2001,2016,2006,2015,2001,2001,,,,,,,,,,
2a2ae7a0,2a2ae7a0-ea70-45d7-b56d-fb717503a48c,572019,paulb001,paulsbe01,paulse001ben,9741,,,,,Q17401045,Paulsen,Ben,Benjamin Michael,,,,1987,10,27,,,,2009,2017,2014,2016,,,,,,,,,,,,
2a3a5c08,2a3a5c08-3593-48c1-9921-59d4ae03899c,664196,andet003,anderta01,anders000tan,18029,,,,,Q55634693,Anderson,Tanner,Tanner Ackley,,,,1993,5,27,,,,2015,2024,2018,2021,2012,2015,,,,,,,,,,
2a41539c,2a41539c-ee7e-4325-955f-d2bfa78403ea,573204,thiec001,thielca01,thielb001cal,10078,,,,,Q13417049,Thielbar,Caleb,Caleb John,,,,1987,1,31,,,,2009,2024,2013,2024,2006,2009,,,,,,,,,,
2a4cbc9c,2a4cbc9c-fd1e-44c4-a612-7fa32fec8625,444935,hagan001,hagadni01,hagado001nic,1351,,,,,Q3339754,Hagadone,Nick,Nicholas Michael,,,,1986,1,1,,,,2007,2017,2011,2015,2005,2007,,,,,,,,,,
2a54e253,2a54e253-c75b-400c-a48e-f55c9be3d4be,641778,lauee001,lauerer01,lauer-000eri,19316,,,,,Q24248310,Lauer,Eric,Eric Lance,,,,1995,6,3,,,,2016,2024,2018,2023,2014,2016,,,,,,,,,,
2a62c2cb,2a62c2cb-0384-4720-b1d0-494e7d27bef9,664714,newsl001,newsolj01,newson000lja,19942,,,,,,Newsome,Ljay,Ljay Wyatt,,,,1996,11,8,,,,2015,2024,2020,2021,,,,,,,,,,,,
2a658101,2a658101-fded-4ed6-be2c-cd61bf2c43e7,518595,darnt001,darnatr01,darnau001tra,7739,,,,,Q5470905,d'Arnaud,Travis,Travis E.,,,,1989,2,10,,,,2007,2024,2013,2024,,,,,,,,,,,,
2a670ae7,2a670ae7-e2eb-4837-9821-465da12e81a8,430603,kelld001,kellydo01,kelly-002don,2216,,,,,Q590502,Kelly,Don,Donald Thomas,,,,1980,2,15,,,,2001,2016,2007,2016,1999,2001,,,,,,,,,,
2a829552,2a829552-9e6b-4a93-8220-7fe143d1b663,571858,klinb001,klinebr01,kline-001bra,14101,,,,,Q18385515,Kline,Branden,Branden Alexander,,,,1991,9,29,,,,2012,2020,2019,2020,2010,2012,,,,,,,,,,
2a82d8dc,2a82d8dc-3d4a-4547-9c6d-a15999b2a975,656941,schwk001,schwaky01,schwar001kyl,16478,,,,,Q16980697,Schwarber,Kyle,Kyle Joseph,,,,1993,3,5,,,,2014,2024,2015,2024,2012,2014,,,,,,,,,,
2a9e6764,2a9e6764-369f-4ca5-9ba0-a477262d61db,641941,pagae001,paganem01,pagan-000emi,14771,,,,,Q28736640,Pagán,Emilio,Emilio Enrique,,,,1991,5,7,,,,2013,2024,2017,2024,2010,2013,,,,,,,,,,
2a9fd3d8,2a9fd3d8-8935-485b-ada2-96c169774c86,669330,wellt003,wellsty01,wells-002tyl,20000,,,,,Q106328324,Wells,Tyler,Tyler Austin,,,,1994,8,26,,,,2016,2024,2021,2024,2014,2016,,,,,,,,,,
2aaa9958,2aaa9958-af57-48dd-ac1e-6fe7620b7dce,693433,woo-b001,woobr01,woo---000bry,30279,,,,,,Woo,Bryan,Bryan Joseph,,,,2000,1,30,,,,2022,2024,2023,2024,2019,2021,,,,,,,,,,
2aab13bf,2aab13bf-96fd-4fbd-a162-2fc5c9af53ec,465784,cabre001,cabreev01,cabrer001eve,8155,,,,,Q3061496,Cabrera,Everth,Everth,,,,1986,11,17,,,,2006,2018,2009,2015,,,,,,,,,,,,
2ad89df7,2ad89df7-aa3b-4855-b08b-4d681915a89d,596056,nogoj001,nogowjo01,nogows000joh,16852,,,,,Q98380988,Nogowski,John,John Francis,,,,1993,1,5,,,,2014,2024,2020,2021,2012,2014,,,,,,,,,,
2ae6ef98,2ae6ef98-ebe2-41d7-80d8-dc93ccd544d8,519222,romia002,rominau01,romine001aus,5491,,,,,Q901725,Romine,Austin,Austin Allen,,,,1988,11,22,,,,2007,2022,2011,2022,,,,,,,,,,,,
2ae80f94,2ae80f94-929b-495f-9c47-b05debc99215,640444,croww001,crowewi01,crowe-000wil,19800,,,,,Q62393055,Crowe,Wil,William Chandler,,,,1994,9,9,,,,2017,2024,2020,2023,2014,2017,,,,,,,,,,
2af12b64,2af12b64-c7be-4be7-84ae-1f70cebd4a95,605253,goret001,gorete01,gore--000ter,13658,,,,,Q17811616,Gore,Terrance,Terrance Jamar,,,,1991,6,8,,,,2011,2022,2014,2022,,,,,,,,,,,,
2affeb81,2affeb81-d653-4b8e-a016-652a992f0f6e,664057,steva001,stevean01,steven002and,17932,63765159,,,,Q27995818,Stevenson,Andrew,Andrew Patrick,,,,1994,6,1,,,,2015,2024,2017,2023,2013,2015,,,,,,,,,,
2b00b13b,2b00b13b-84e9-4919-9ce7-b9fe6f80537b,682990,prieq001,priesqu01,priest000cha,25977,,,,,,Priester,Quinn,Charles Quinn,,,,2000,9,16,,,,2019,2024,2023,2024,,,,,,,,,,,,
2b037a1b,2b037a1b-7f72-452a-9e61-db7b565898f5,656981,solop001,solompe01,solomo000pet,20476,,,,,,Solomon,Peter,Peter Joseph,,,,1996,8,16,,,,2017,2024,2021,2023,2015,2017,,,,,,,,,,
2b0b2304,2b0b2304-b5db-40a0-ad43-b5d649f90010,449104,hendj001,hendeji01,hender004jam,6653,,,,,Q3178828,Henderson,Jim,James Duffy,,,,1982,10,21,,,,2003,2017,2012,2016,,,,,,,,,,,,
2b28fca0,2b28fca0-3a93-4e09-b898-de9d77f83379,593334,germd001,germado01,german001dom,17149,,,,,Q25751879,Germán,Domingo,Domingo,,Polanco,,1992,8,4,,,,2010,2024,2017,2024,,,,,,,,,,,,
2b2c7589,2b2c7589-72e6-434b-833e-0aeffa327dba,592808,tolea001,tolesan01,toles-001alv,13414,,,,,Q25713987,Toles,Andrew,Alvin Andrew,,,,1992,5,24,,,,2012,2018,2016,2018,2011,2011,,,,,,,,,,
2b76ce9a,2b76ce9a-27fd-4760-a4f3-bf2d6e386142,592710,rutlj001,rutlejo01,rutled001jos,11167,,,,,Q3185999,Rutledge,Josh,Joshua Alan,,,,1989,4,21,,,,2010,2018,2012,2017,2008,2010,,,,,,,,,,
2b801388,2b801388-b6b2-4b57-960a-1368d1780f68,464416,pinoy001,pinoyo01,pino--001yoh,6955,,,,,Q17300354,Pino,Yohan,Yohan Jose,,Alana,,1983,12,26,,,,2005,2021,2014,2015,,,,,,,,,,,,
2bb45956,2bb45956-e0ed-4fc8-8497-d93daaf4dcc8,686730,spiec001,spierca01,spiers000car,27685,,,,,,Spiers,Carson,William Carson,,,,1997,11,11,,,,2021,2024,2023,2024,2017,2020,,,,,,,,,,
2bb8a047,2bb8a047-9819-46ed-80c2-bdd35f4724fa,676272,millb005,millebo06,miller003bob,27483,,,,,,Miller,Bobby,Robert Anthony,,,,1999,4,5,,,,2021,2024,2023,2024,2018,2020,,,,,,,,,,
2bc6f0da,2bc6f0da-2f02-4ee1-ae88-6caf5ba4dfa9,677941,adamj003,adamsjo03,adams-002jor,23788,,,,,Q53377616,Adams,Jordyn,Jordyn Bradley,,,,1999,10,18,,,,2018,2024,2023,2024,,,,,,,,,,,,
2c1db666,2c1db666-9ecf-488a-99c1-8472a582fd0e,502624,andec001,anderch01,anders011cha,6895,,,,,Q16861718,Anderson,Chase,Robert Chase,,,,1987,11,30,,,,2009,2024,2014,2024,,,,,,,,,,,,
2c28236a,2c28236a-0920-4721-8ca9-3dbf9b6a48bc,650331,diazl001,diazle01,diaz--000lew,18365,,,,,Q98439703,Díaz,Lewin,Lewin Jose,,Heredia,,1996,11,19,,,,2014,2024,2020,2022,,,,,,,,,,,,
2c66b3f7,2c66b3f7-ab9b-48ca-8bf8-40d167f3b855,518692,freef001,freemfr01,freema002fre,5361,,,,,Q3087003,Freeman,Freddie,Frederick Charles,,,,1989,9,12,,,,2007,2024,2010,2024,,,,,,,,,,,,
2c8fa6a2,2c8fa6a2-2d8f-492f-b608-de5cca755698,519345,terdj001,terdojo01,terdos001jos,10593,,,,,Q13977827,Terdoslavich,Joey,Joseph Thomas,,,,1988,9,9,,,,2010,2023,2013,2015,2008,2010,,,,,,,,,,
2ca6fdbb,2ca6fdbb-6d43-4a8c-813f-63740f06326d,543766,shawb001,shawbr01,shaw--001bry,8110,,,,,Q969769,Shaw,Bryan,Bryan Anthony,,,,1987,11,8,,,,2008,2024,2011,2024,2006,2008,,,,,,,,,,
2cadbadb,2cadbadb-d0b4-4b2f-a95b-257bcc2273cb,502582,schal001,schaflo01,schafe001log,7937,,,,,Q3257853,Schafer,Logan,Logan Edward,,,,1986,9,8,,,,2008,2017,2011,2016,2007,2008,,,,,,,,,,
2cbf3bc4,2cbf3bc4-3b5e-403f-9b5d-fc9b82a2b5f7,545357,purkm001,purkema01,purke-001mat,12831,,,,,Q6789210,Purke,Matt,Matthew Taylor,,,,1990,7,17,,,,2011,2019,2016,2016,2010,2011,,,,,,,,,,
2cea04fb,2cea04fb-0021-4380-a8af-1ab6a473fa85,691026,winnm001,winnma01,winn--000mas,27479,,,,,,Winn,Masyn,Masyn Blaze,,,,2002,3,21,,,,2021,2024,2023,2024,,,,,,,,,,,,
2d08d287,2d08d287-2c02-41fa-9e33-dd3980efd001,650907,pintr003,pintore02,pinto-003ren,19859,,,,,,Pinto,René,René Rafael,,Escobar,,1996,11,2,,,,2014,2024,2022,2024,,,,,,,,,,,,
2d0eb0df,2d0eb0df-f25a-40e6-a4ab-677d34ad106b,461865,romia001,rominan01,romine001and,1159,,,,,Q787110,Romine,Andrew,Andrew James,,,,1985,12,24,,,,2007,2021,2010,2021,2005,2007,,,,,,,,,,
2d1df72a,2d1df72a-e946-45ea-a2c9-c8219135e846,678692,henrr001,henriro01,henriq000ron,24094,,,,,,Henriquez,Ronny,Ronny,,Aquino,,2000,6,20,,,,2018,2024,2022,2024,,,,,,,,,,,,
2d215172,2d215172-e676-4cb1-b3d6-a3ed3a4c0b28,605240,fry-j001,fryja01,fry---000jac,16159,,,,,Q17182821,Fry,Jace,Jace Hayden,,,,1993,7,9,,,,2014,2023,2017,2021,2012,2014,,,,,,,,,,
2d283f92,2d283f92-0fab-4595-bff1-f67f5eed5f6d,572000,ohlmm001,ohlmami01,ohlman001mic,10347,,,,,Q29872703,Ohlman,Mike,Michael Livingston,,,,1990,12,14,,,,2009,2019,2017,2017,,,,,,,,,,,,
2d2878ff,2d2878ff-8bf4-43df-ae12-86e526560542,519322,stord001,storedr01,storen001dre,6983,,,,,Q1087986,Storen,Drew,Drew Patrick,,,,1987,8,11,,,,2009,2019,2010,2017,2008,2009,,,,,,,,,,
2d2c9b96,2d2c9b96-3ecd-4d5c-b895-972a5423c6e4,455009,broxj001,broxtjo01,broxto001jon,4759,,,,,Q1046147,Broxton,Jonathan,Jonathan Roy,,,,1984,6,16,,,,2002,2017,2005,2017,,,,,,,,,,,,
2d40f3ac,2d40f3ac-d87b-44b2-a1f3-6a56a1218f33,656793,nelsn001,nelsoni01,nelson003nic,20153,,,,,Q98070838,Nelson,Nick,Nicholas Benjamin,,,,1995,12,5,,,,2016,2024,2020,2024,,,,,,,,,,,,
2d414dd5,2d414dd5-8159-4e10-80c0-dbf4d9001d11,641962,pelhc001,pelhacd01,pelham000cd-,19820,,,,,Q56485375,Pelham,CD,Christian Devont'a,,,,1995,2,21,,,,2015,2024,2018,2018,,,,,,,,,,,,
2d4d1bc6,2d4d1bc6-d3c9-4831-93b1-d3a8fa386643,641958,pattj005,pattejo03,patter000jor,15119,,,,,Q26837139,Patterson,Jordan,Jordan Andrew,,,,1992,2,12,,,,2013,2020,2016,2016,2011,2013,,,,,,,,,,
2d528d35,2d528d35-561e-48ed-9097-8629634f1d3f,424144,pereo002,perezol01,perez-001oli,1514,,,,,Q848275,Pérez,Óliver,Óliver,,Martínez,,1981,8,15,,,,1999,2023,2002,2022,,,,,,,,,,,,
2d691f94,2d691f94-6659-4d2f-815f-bd01da69a046,623166,millm003,millemi01,miller012mic,13891,,,,,Q25190524,Miller,Mike,Michael Ryan,,,,1989,9,27,,,,2012,2019,2016,2016,2010,2012,,,,,,,,,,
2d8a123e,2d8a123e-9f32-405b-9ad8-3f4c1eecd04a,624513,nuned001,nunezdo01,nunez-003dom,15055,,,,,Q66459236,Nuñez,Dom,Dominic Manuel,,,,1995,1,17,,,,2013,2024,2019,2022,,,,,,,,,,,,
2d8e2236,2d8e2236-267a-4f58-b6c2-4362eeafe99c,684007,imans001,imanash01,imanag000sho,33829,01305132,,,,,Imanaga,Shota,Shota,,,,1993,9,1,,,,2016,2024,2024,2024,,,,,,,,,,,,
2dacd9df,2dacd9df-57b9-4d1f-b4b8-0960da357229,623402,petet001,peterti01,peters004tim,13946,,,,,Q55635872,Peterson,Tim,Timothy Louis,,,,1991,2,22,,,,2012,2023,2018,2019,2012,2012,,,,,,,,,,
2dd2ecf2,2dd2ecf2-12ad-4d49-9054-9b1c1ad170d4,665804,amaym001,amayami01,amaya-000mig,21693,,,,,Q118139338,Amaya,Miguel,Miguel Antonio,,Oro,,1999,3,9,,,,2016,2024,2023,2024,,,,,,,,,,,,
2dda886c,2dda886c-f061-435a-bc7e-a5dd8d861d9a,643217,benia002,beninan01,benint000and,17901,,,,,Q19956121,Benintendi,Andrew,Andrew Sebastian,,,,1994,7,6,,,,2015,2024,2016,2024,2014,2015,,,,,,,,,,
2de614ef,2de614ef-05c6-422a-b8e7-de660ae8c0fc,592387,healr001,healyry01,healy-000ryo,15447,,,,,Q25915720,Healy,Ryon,Ryon Christopher,,,,1992,1,10,,,,2013,2021,2016,2020,2011,2013,,,,,,,,,,
2dff0c01,2dff0c01-65cb-4986-ad22-2101b984e102,641682,hendr003,hendrry01,hendri002rya,19535,,,,,Q106613047,Hendrix,Ryan,Ryan Matthew,,,,1994,12,16,,,,2016,2023,2021,2022,2014,2016,,,,,,,,,,
2e08a75f,2e08a75f-eabe-4349-b6b8-be2b96b8370e,407819,thorm001,thornma01,thornt001mat,1918,,,,,Q2747889,Thornton,Matt,Matthew J.,,,,1976,9,15,,,,1998,2016,2004,2016,1998,1998,,,,,,,,,,
2e0b8473,2e0b8473-5a7a-445b-925a-afe0a17a2389,641871,middk001,middlke01,middle000key,15264,,,,,Q30031328,Middleton,Keynan,Keynan Anthony,,,,1993,9,12,,,,2013,2024,2017,2023,,,,,,,,,,,,
2e129121,2e129121-b445-4ee5-a363-5953973f994d,596049,moris001,morimsh01,morima000sha,13606,,,,,Q25320568,Morimando,Shawn,Shawn Peter,,,,1992,11,20,,,,2011,2024,2016,2021,,,,,,,,,,,,
2e2243f8,2e2243f8-e615-45a6-9807-34c2fe1f3596,622097,thomj007,thompja03,thomps000jak,14371,,,,,Q16762421,Thompson,Jake,Jacob Keith,,,,1994,1,31,,,,2012,2024,2016,2018,,,,,,,,,,,,
2e260c33,2e260c33-57d7-4d48-b13a-0d6fc8ecef1c,605254,gossd001,gosseda01,gosset000dan,16164,,,,,Q30307431,Gossett,Daniel,Daniel James,,,,1992,11,13,,,,2014,2022,2017,2018,2012,2014,,,,,,,,,,
2e30844c,2e30844c-1408-4917-98e6-66b30bd38ff7,124604,wrigj001,wrighja01,wright012jam,715,,,,,Q3161512,Wright,Jamey,Jamey Alan,,,,1974,12,24,,,,1993,2014,1996,2014,,,,,,,,,,,,
2e3bfa3d,2e3bfa3d-c92d-48ab-97f7-06554642a60a,502304,carpd001,carpeda01,carpen001dar,3959,,,,,Q3017622,Carpenter,David,Darrell David,,,,1985,7,15,,,,2006,2019,2011,2019,2004,2006,,,,,,,,,,
2e4c164f,2e4c164f-6d49-4b93-b2a6-ebb12d250470,683011,volpa001,volpean01,volpe-000ant,27647,,,,,,Volpe,Anthony,Anthony Michael,,,,2001,4,28,,,,2019,2024,2023,2024,,,,,,,,,,,,
2e627856,2e627856-cb46-4c36-ad1e-604f35414565,607455,banda001,bandaan01,banda-000ant,14706,,,,,Q29032291,Banda,Anthony,Frank Anthony,,,,1993,8,10,,,,2012,2024,2017,2024,,,,,,,,,,,,
2eabb657,2eabb657-1dd2-4f88-a331-f9a90dd4051d,663704,mcarj001,mcartja01,mcarth000jam,21527,,,,,,McArthur,James,James Leonard,,,,1996,12,11,,,,2018,2024,2023,2024,2016,2018,,,,,,,,,,
2ead3b85,2ead3b85-cc49-4c35-b883-18df93057270,506703,sanca007,sanchad01,sanche002adr,11338,,,,,Q28935580,Sánchez,Adrián,Adrián Arturo,,Tomas,,1990,8,16,,,,2007,2023,2017,2021,,,,,,,,,,,,
2eafd367,2eafd367-6257-4fcd-8bd5-ac57d231cc09,656627,kolom001,kolozma01,kolozs000mar,21304,,,,,Q107406365,Kolozsvary,Mark,Mark Daniel,,,,1995,9,4,,,,2017,2024,2022,2023,2015,2017,,,,,,,,,,
2eb9427b,2eb9427b-accb-4f5a-a896-e8f0217f2502,671111,peras001,peralsa01,peralt000sam,25589,,,,,,Peralta,Sammy,Samuel Felipe,,,,1998,5,10,,,,2019,2024,2023,2024,2019,2019,,,,,,,,,,
2ebb6c80,2ebb6c80-19ab-4047-9dda-a3f6695e8005,664062,gonst001,gonsoto01,gonsol000ant,19388,,,,,Q64853364,Gonsolin,Tony,Anthony D.,,,,1994,5,14,,,,2016,2024,2019,2023,2013,2016,,,,,,,,,,
2ee778f1,2ee778f1-a7cf-44be-aefd-0fd166caf3ce,622694,herne002,hernael01,hernan002eli,16933,,,,,Q50807865,Hernández,Elieser,Elieser Alexis,,,,1995,5,3,,,,2012,2024,2018,2024,,,,,,,,,,,,
2f052518,2f052518-e219-48ee-aff4-095a63b6a8d5,502202,boxbb001,boxbebr01,boxber001bra,10133,,,,,Q2923381,Boxberger,Brad,Bradley George,,,,1988,5,27,,,,2009,2023,2012,2023,2007,2009,,,,,,,,,,
2f10357e,2f10357e-a37a-46c7-8e5f-d6018f252f4d,501647,rosaw001,rosarwi01,rosari001wil,8002,23725136,,,,Q3068421,Rosario,Wilin,Wilin Arismendy,,,Baby Bull,1989,2,23,,,,2006,2024,2011,2015,,,,,,,,,,,,
2f2ce03b,2f2ce03b-f9c2-45cb-acdd-c9ae962b0874,520471,galvf001,galvifr01,galvis001fre,6609,83785155,,,,Q3087031,Galvis,Freddy,Freddy Jose,,,,1989,11,14,,,,2007,2024,2012,2021,,,,,,,,,,,,
2f51c7ab,2f51c7ab-0b2e-4ce5-b3af-6eb941a93b6e,663623,irvij001,irvinja01,irvin-000jak,21504,,,,,,Irvin,Jake,Jacob David,,,,1997,2,18,,,,2018,2024,2023,2024,2016,2018,,,,,,,,,,
2f5c6a9a,2f5c6a9a-7a69-4184-a3f3-ebf2ab8025b4,592644,pluta001,plutkad01,plutko001ada,15846,,,,,Q16234112,Plutko,Adam,Adam Gregory,,,,1991,10,3,,,,2014,2024,2016,2021,2011,2013,,,,,,,,,,
2f6c00af,2f6c00af-26e8-455e-a2f4-79a4207a1eeb,606983,glovk001,gloveko01,glover000kod,17695,,,,,Q25999417,Glover,Koda,Koda James,,,,1993,4,13,,,,2015,2018,2016,2018,2015,2015,,,,,,,,,,
2f998dea,2f998dea-841d-4bb1-8b3e-268d0827590b,518420,axeld001,axelrdy01,axelro001dyl,9303,,,,,Q3041928,Axelrod,Dylan,Dylan Davis Haines,,,,1985,7,30,,,,2007,2016,2011,2015,2006,2007,,,,,,,,,,
2fa40a59,2fa40a59-6594-4465-940e-52b41989b95d,668723,vilar001,viladry01,vilade000rya,22165,,,,,,Vilade,Ryan,Ryan James,,,,1999,2,18,,,,2017,2024,2021,2024,,,,,,,,,,,,
2fa668cf,2fa668cf-78b5-4cb1-a175-6886ff8ec817,666168,thomm005,thompma02,thomps000mas,21850,,,,,Q107337888,Thompson,Mason,Mason Lane,,,,1998,2,20,,,,2016,2023,2021,2023,,,,,,,,,,,,
2fdf1ac2,2fdf1ac2-b2e9-4d41-ac35-73abc96c2c8f,552640,kitta001,kittran01,kittre001and,12828,,,,,Q33093251,Kittredge,Andrew,Andrew Michael,,,,1990,3,17,,,,2011,2024,2017,2024,,,,,,,,,,,,
2ff552c3,2ff552c3-c301-45c9-b11f-9022b604bea7,669256,solan001,solakni01,solak-000nic,19294,,,,,Q24572707,Solak,Nick,Nicholas Blake,,,,1995,1,11,,,,2016,2024,2019,2023,2014,2016,,,,,,,,,,
2ff9d9fb,2ff9d9fb-5744-47ac-95fc-d5103cca9dbb,605151,brada001,bradlar01,bradle000arc,12918,,,,,Q4786625,Bradley,Archie,Archie Newell,,,,1992,8,10,,,,2011,2023,2015,2023,,,,,,,,,,,,
