key_person,key_uuid,key_mlbam,key_retro,key_bbref,key_bbref_minors,key_fangraphs,key_npb,key_sr_nfl,key_sr_nba,key_sr_nhl,key_wikidata,name_last,name_first,name_given,name_suffix,name_matrilineal,name_nick,birth_year,birth_month,birth_day,death_year,death_month,death_day,pro_played_first,pro_played_last,mlb_played_first,mlb_played_last,col_played_first,col_played_last,pro_managed_first,pro_managed_last,mlb_managed_first,mlb_managed_last,col_managed_first,col_managed_last,pro_umpired_first,pro_umpired_last,mlb_umpired_first,mlb_umpired_last
8002f150,8002f150-abd6-437c-9f92-e6658ad5aac1,458669,pricb001,pricebr10,price-002bry,8436,,,,,Q17811880,Price,Bryan,Bryan Cole,,,,1986,11,13,,,,2008,2015,2014,2014,,,,,,,,,,,,
802c3a6f,802c3a6f-9222-4f2f-b415-4ceeb579cfe2,592614,overd001,overtdi01,overto001dil,15627,,,,,Q24809691,Overton,Dillon,Dillon Ray,,,,1991,8,17,,,,2014,2022,2016,2017,2011,2013,,,,,,,,,,
802ecc1a,802ecc1a-4dfb-4e22-ae35-b37fda3d4519,572191,taylm002,taylomi02,taylor011mic,11489,,,,,Q17161464,Taylor,Michael,Michael Anthony,,,,1991,3,26,,,,2010,2024,2014,2024,,,,,,,,,,,,
80404b28,80404b28-9b61-422a-83e4-bebc30ea7d8d,593525,calio001,calixor01,caxito001orl,11905,93795157,,,,Q18701084,Calixte,Orlando,Orlando,,Calixte,,1992,2,3,,,,2010,2024,2015,2017,,,,,,,,,,,,
8044d8a1,8044d8a1-572c-4839-9af7-13e5cdfe6480,656257,brigj002,brighje01,brigha000jef,16631,,,,,Q56433767,Brigham,Jeff,Jeff John,,,,1992,2,16,,,,2014,2024,2018,2023,2011,2014,,,,,,,,,,
80615d07,80615d07-8442-414d-bb51-aefef24adf40,542609,burge002,burgoen02,burgos002enr,3895,,,,,Q19844534,Burgos,Enrique,Enrique,,Arosemena,,1990,11,23,,,,2008,2024,2015,2016,,,,,,,,,,,,
807bcbd5,807bcbd5-7fb7-4a75-865b-b2f154128c1b,607481,bumma001,bummeaa01,bummer000aar,16258,,,,,Q33524089,Bummer,Aaron,Aaron James,,,,1993,9,21,,,,2014,2024,2017,2024,2012,2014,,,,,,,,,,
8080aa83,8080aa83-65fb-4cd9-b971-8677892fdbee,547004,ruizr002,ruizri01,ruiz--001rio,14103,,,,,Q17403410,Ruiz,Rio,Rio Noble,,,,1994,5,22,,,,2012,2024,2016,2021,,,,,,,,,,,,
808d3c82,808d3c82-0833-407b-a4c7-e3b01dbe3601,516949,sanch002,sanchhe01,sanche001hec,10289,,,,,Q3129284,Sánchez,Héctor,Héctor Enrique,,,,1989,11,17,,,,2007,2024,2011,2017,,,,,,,,,,,,
80a7fa21,80a7fa21-bba8-4b0a-b185-8e336ab9f3c6,667755,sorij002,soriajo02,sorian003jos,22100,,,,,,Soriano,José,José Joaquin,,Santana,,1998,10,20,,,,2016,2024,2023,2024,,,,,,,,,,,,
80aea907,80aea907-97ec-4a08-a6b3-748310a152e2,622761,matej003,mateojo01,mateo-000jor,17273,,,,,Q23901570,Mateo,Jorge,Jorge Luis,,,,1995,6,23,,,,2012,2024,2020,2024,,,,,,,,,,,,
80bb364b,80bb364b-9d47-4bc5-8560-15b6fef2b61a,488810,cruzt002,cruzto03,cruz--001arn,2802,,,,,Q2355671,Cruz,Tony,Arnoldi Anthony,,,,1986,8,18,,,,2007,2018,2011,2018,,,,,,,,,,,,
80d9ab7c,80d9ab7c-f130-4de4-b55a-796b8239c46c,501955,chamj002,chambjo03,chambe001job,2692,,,,,Q1189644,Chamberlain,Joba,Justin Louis,,,,1985,9,23,,,,2006,2016,2007,2016,2004,2006,,,,,,,,,,
80de5342,80de5342-0dd0-417c-9923-a37aacec8278,553902,astuw001,astudwi01,astudi001wil,15608,63565157,,,,Q55314883,Astudillo,Willians,Willians Jose,,,,1991,10,14,,,,2009,2024,2018,2022,,,,,,,,,,,,
80e000fe,80e000fe-eeae-4358-8641-8d9ec040e1ed,502023,tartt001,tartatr01,tartam001tra,6748,,,,,Q21011392,Tartamella,Travis,Travis Scott,,,,1987,12,17,,,,2009,2015,2015,2015,,,,,,,,,,,,
80fd4897,80fd4897-9d7c-4069-9e22-b811667eb86d,543216,gillc001,gillaco01,gillas001con,9009,,,,,Q2993550,Gillaspie,Conor,Conor Michael,,,,1987,7,18,,,,2008,2017,2008,2017,2006,2008,,,,,,,,,,
812c9b21,812c9b21-cb72-423f-b63a-b31d52bfbd1e,691176,domij003,dominja01,doming002jas,28080,,,,,,Domínguez,Jasson,Jasson,,Gonzalez,,2003,2,7,,,,2021,2024,2023,2024,,,,,,,,,,,,
81348e23,81348e23-75bf-49bc-8e47-e4c648a216dd,571787,holmd002,holmbda01,holmbe001dav,7725,,,,,Q15875146,Holmberg,David,David Andrew,,,,1991,7,19,,,,2009,2023,2013,2017,,,,,,,,,,,,
813d7d3c,813d7d3c-d421-4d6b-a0fc-9dc7d9f16007,499864,jimel002,jimenlu02,jimene006lui,6341,43545138,,,,Q11689842,Jiménez,Luis,Luis Domingo,,Rodriguez,Lucho,1988,1,18,,,,2006,2024,2013,2015,,,,,,,,,,,,
815b81ae,815b81ae-810d-434d-bc56-af3dd2da2ed6,572947,irwip001,irwinph01,irwin-001phi,9489,,,,,Q12151758,Irwin,Phil,Phillip Andrew,,,,1987,2,25,,,,2009,2015,2013,2014,2007,2009,,,,,,,,,,
817140c4,817140c4-8a21-48b1-b033-bd548e3b16df,503569,dolir001,dolisra01,dolis-001raf,4185,03505132,,,,Q653484,Dolis,Rafael,Rafael Jose,,,,1988,1,10,,,,2006,2024,2011,2021,,,,,,,,,,,,
8177caac,8177caac-5714-4035-a39d-fd8a640d5d38,545358,stasm001,stassma01,stassi001max,10059,,,,,Q15303353,Stassi,Max,Max Robert,,,,1991,3,15,,,,2009,2024,2013,2022,,,,,,,,,,,,
81797929,81797929-3890-40e9-9f73-13ecdba175da,501213,sierm001,sierrmo01,sierra001moi,6050,33535151,,,,Q3079143,Sierra,Moisés,Moisés,,,,1988,9,24,,,,2006,2023,2012,2018,,,,,,,,,,,,
818131ee,818131ee-fdda-43a0-98aa-81592a05d293,596117,stubg001,stubbga01,stubbs000gar,18067,,,,,Q21063352,Stubbs,Garrett,Garrett Patrick,,,,1993,5,26,,,,2015,2024,2019,2024,2012,2015,,,,,,,,,,
8188888f,8188888f-ba72-419b-b822-5863c327614d,665926,gimea001,gimenan01,gimene000and,19950,,,,,Q76280965,Giménez,Andrés,Andrés Alfonso,,Osorio,,1998,9,4,,,,2016,2024,2020,2024,,,,,,,,,,,,
818f50a3,818f50a3-3ea4-4dd9-ade1-44d4ef72c488,596144,cuthc001,cuthbch01,cuthbe001che,10473,,,,,Q11317747,Cuthbert,Cheslor,Cheslor Jesly,,,,1992,11,16,,,,2010,2023,2015,2020,,,,,,,,,,,,
8195b39a,8195b39a-75ff-4f0b-b6bd-38fc352bb372,607536,freek001,freelky01,freela000kyl,16256,,,,,Q16843101,Freeland,Kyle,Kyle Richard,,,,1993,5,14,,,,2014,2024,2017,2024,2012,2014,,,,,,,,,,
81a8de23,81a8de23-b5d6-41b4-8395-8e567c34ca25,667463,kingj002,kingjo01,king--012joh,22051,,,,,Q104839573,King,John,John Edward,,,,1994,9,14,,,,2018,2024,2020,2024,2016,2017,,,,,,,,,,
81b7050a,81b7050a-c9ce-4572-9722-4f1ec6609070,675921,howas003,howarsp01,howard000spe,23252,,,,,Q70832941,Howard,Spencer,Spencer Lee,,,,1996,7,28,,,,2017,2024,2020,2024,2016,2017,,,,,,,,,,
81e203bb,81e203bb-ad56-4cea-b7d1-95ca8b18d7f7,518625,domim001,dominma01,doming001mat,4903,43545136,,,,Q578319,Dominguez,Matt,Matthew Scott,,,,1989,8,28,,,,2007,2018,2011,2016,,,,,,,,,,,,
820474ec,820474ec-74ea-4d0c-8b6f-8311239f71ea,676051,heuec001,heuerco01,heuer-000cod,23293,,,,,Q97685788,Heuer,Codi,Codi Dalton,,,,1996,7,3,,,,2018,2023,2020,2021,2016,2018,,,,,,,,,,
82184487,82184487-7925-4e9d-9ad3-3e1194774f41,452655,spand001,spande01,span--001kei,8347,,,,,Q1046176,Span,Denard,Keiunta Denard,,,,1984,2,27,,,,2003,2018,2008,2018,,,,,,,,,,,,
821aa596,821aa596-f5dc-4621-8eaf-ae229f2ac06c,594742,ashea001,asheral01,asher-001ale,13560,,,,,Q16149250,Asher,Alec,Alec Edward,,,,1991,10,4,,,,2012,2019,2015,2018,,,,,,,,,,,,
822a6014,822a6014-fec2-4780-ac80-d62bdbc9accc,594902,liveb001,livelbe01,lively001edw,14932,,,,,Q16929690,Lively,Ben,Edward Bennett,,,,1992,3,5,,,,2013,2024,2017,2024,2011,2013,,,,,,,,,,
822e8fd1,822e8fd1-6dba-4df9-b8f5-57681b71116f,668930,turab002,turanbr02,turang002bri,22186,,,,,,Turang,Brice,Brice Craig,,,,1999,11,21,,,,2018,2024,2023,2024,,,,,,,,,,,,
82618b9e,82618b9e-c5d2-472f-b56d-5e82517b263a,676103,joned003,jonesda07,jones-002dam,23310,,,,,Q108084654,Jones,Damon,Damon,,,,1994,9,30,,,,2017,2024,2021,2022,2016,2017,,,,,,,,,,
8261a415,8261a415-167f-45df-86a7-e79c27c0d830,666201,manoa001,manoaal01,manoah000ale,26410,,,,,Q63154297,Manoah,Alek,Alek Isaac,,,,1998,1,9,,,,2019,2024,2021,2024,2017,2019,,,,,,,,,,
828d14cc,828d14cc-042d-4490-b59e-69d32894ec26,542669,mendr002,mendero01,mendez001rom,10307,53955134,,,,Q17332704,Méndez,Román,Román Junior,,Pérez,,1990,7,25,,,,2008,2024,2014,2015,,,,,,,,,,,,
828fca73,828fca73-8b4d-47c8-9391-234b80b79d50,657136,wongc001,wongco01,wong--000con,19896,,,,,Q107327634,Wong,Connor,Connor Sun-Han,,,,1996,5,19,,,,2017,2024,2021,2024,2015,2017,,,,,,,,,,
82ac92a8,82ac92a8-1e46-4ba7-960a-d81c4a72cdac,456051,noesh001,noesihe01,noesi-001hec,3292,,,,,Q3065940,Noesí,Héctor,Héctor,,,,1987,1,26,,,,2006,2019,2011,2019,,,,,,,,,,,,
82eb9d9a,82eb9d9a-fa9b-412a-acab-4475319471e1,657709,papim001,papiemi01,papier000mic,21386,,,,,Q112116293,Papierski,Michael,Michael John,,,,1996,2,26,,,,2017,2024,2022,2022,2015,2017,,,,,,,,,,
82f12c0d,82f12c0d-7ff3-41d1-a2cb-feb5171dfe4c,622256,weigp001,weigepa01,weigel000pat,17792,,,,,Q65682508,Weigel,Patrick,Patrick Charles,,,,1994,7,8,,,,2015,2024,2020,2021,2013,2015,,,,,,,,,,
82fb57c3,82fb57c3-6e9c-4c28-9c90-d7fb682443be,434563,ruizc001,ruizca01,ruiz--002car,2579,,,,,Q441052,Ruiz,Carlos,Carlos Joaquin,,,,1979,1,22,,,,2000,2017,2006,2017,,,,,,,,,,,,
830910a2,830910a2-d4d3-4ae0-8f10-b412f65de625,642207,willd004,willide03,willia002dev,15816,,,,,Q66336465,Williams,Devin,Devin Terran,,,,1994,9,21,,,,2013,2024,2019,2024,,,,,,,,,,,,
830f8bd8,830f8bd8-d4c6-469b-8cbf-659e6f9e470f,643493,pruia001,pruitau01,pruitt000aus,15290,,,,,Q29107751,Pruitt,Austin,Austin Daniel,,,,1989,8,31,,,,2013,2024,2017,2024,2012,2013,,,,,,,,,,
832887f7,832887f7-7b02-42bd-adbe-828a65a4153b,429719,jacke001,jacksed01,jackso004edw,1841,,,,,Q1057311,Jackson,Edwin,Edwin,,,,1983,9,9,,,,2001,2021,2003,2019,,,,,,,,,,,,
832a7134,832a7134-bd78-4503-ae09-6364eac7f1f6,677800,abrew002,abreuwi02,abreu-002wil,23772,,,,,,Abreu,Wilyer,Wilyer David,,Villalobos,,1999,6,24,,,,2017,2024,2023,2024,,,,,,,,,,,,
833b9ba9,833b9ba9-6a54-464a-8b0d-ccb909c656e1,667674,krugj001,krugeja01,kruger000jac,19634,,,,,Q106766473,Kruger,Jack,Timothy John,,,,1994,10,26,,,,2016,2022,2021,2021,2014,2016,,,,,,,,,,
8347f316,8347f316-0611-4a6f-9d25-27ddc0b23ff8,474319,snydb003,snydebr03,snyder002bra,9856,,,,,Q2923782,Snyder,Brandon,Brandon Roger,,,,1986,11,23,,,,2005,2021,2010,2018,,,,,,,,,,,,
835f0340,835f0340-1094-4d2c-b921-112d1356273f,576397,gyorj001,gyorkje01,gyorko001jed,10816,,,,,Q6172679,Gyorko,Jedd,Jedd Lindon,,,,1988,9,23,,,,2010,2020,2013,2020,2008,2010,,,,,,,,,,
8390a56e,8390a56e-aef8-4cca-8bd6-43a6405324c1,461858,plout001,plouftr01,plouff001tre,7462,,,,,Q3538600,Plouffe,Trevor,Trevor Patrick,,,,1986,6,15,,,,2004,2018,2010,2018,,,,,,,,,,,,
839241db,839241db-fd70-4543-830b-91da9b64e4c8,676660,soloj001,solomja01,solomo001jar,23425,,,,,Q111916205,Solomon,Jared,Jared R.,,,,1997,6,10,,,,2017,2024,2022,2022,2016,2016,,,,,,,,,,
8396598e,8396598e-966e-4775-84c7-8f4d710ce7f1,518526,carpd002,carpeda02,carpen001dav,9244,,,,,Q3017624,Carpenter,David,David Lee,,,,1987,9,1,,,,2009,2015,2012,2015,,,,,,,,,,,,
83b759fc,83b759fc-da3e-4f20-90cc-d95cca22e191,694813,stong001,stonega01,stone-000gav,27792,,,,,,Stone,Gavin,Gavin Blaine,,,,1998,10,15,,,,2021,2024,2023,2024,2018,2020,,,,,,,,,,
83e3e806,83e3e806-e051-4526-8d1e-6592d82daf73,543877,vazqc001,vazquch01,vazque001chr,9774,,,,,Q17334320,Vázquez,Christian,Christian Rafael,,,,1990,8,21,,,,2008,2024,2014,2024,,,,,,,,,,,,
83fcb24b,83fcb24b-07af-4b03-a10c-be91985fdf26,675649,millb003,millebr03,miller006bri,20047,,,,,Q107736804,Miller,Brian,Brian Christopher,,,,1995,8,20,,,,2017,2023,2021,2021,2015,2017,,,,,,,,,,
84569f8f,84569f8f-9633-467a-a862-6159d98f719c,650828,sante002,santaed01,santan000edg,17355,,,,,Q30275927,Santana,Edgar,Edgar,,Familia,,1991,10,16,,,,2014,2024,2017,2021,,,,,,,,,,,,
845adace,845adace-ba35-4f10-9d9f-0adf884fd655,502273,freem002,freemmi01,freema001mic,11241,,,,,Q26436766,Freeman,Mike,Michael Barrett,,,,1987,8,4,,,,2010,2021,2016,2021,,,2023,2023,,,,,,,,
846922fa,846922fa-2f4a-4a08-a7b7-679e182694f6,669699,shewb001,shewmbr01,shewma000bra,25817,,,,,,Shewmake,Braden,Braden Jack,,,,1997,11,19,,,,2019,2024,2023,2024,2017,2019,,,,,,,,,,
848106a1,848106a1-3e8a-4872-b618-3170886f2c86,656420,feyej001,feyerjo01,feyere000jp-,16610,,,,,,Feyereisen,J. P.,Jonathon Paul,,,,1993,2,7,,,,2014,2024,2020,2024,2012,2014,,,,,,,,,,
848c8cfa,848c8cfa-fbd4-4ab3-b83b-2f6fdd0b26c2,573127,rossz001,rosscza01,rosscu001zac,9419,,,,,Q16232389,Rosscup,Zac,Zachary M.,,,,1988,6,9,,,,2009,2024,2013,2021,,,,,,,,,,,,
848dec11,848dec11-cf2f-4eac-a96e-767b65123828,592731,selss001,selskst01,selsky002ste,12957,,,,,Q24248315,Selsky,Steve,Steven Garth,,,,1989,7,20,,,,2011,2018,2016,2017,2009,2011,,,,,,,,,,
84a26bd2,84a26bd2-17f3-4dc8-aedd-c87c996f3d6e,521655,fontw001,fontwi01,font--001wil,5257,,,,,Q3569204,Font,Wilmer,Wilmer,,Gomez,,1990,5,24,,,,2007,2022,2012,2020,,,,,,,,,,,,
84b8f7d9,84b8f7d9-1ab6-40ba-a46b-351bafb3af6f,473724,mcbrm002,mcbrima02,mcbrid001mat,9373,,,,,Q3299527,McBride,Matt,Matthew Hagerty,,,,1985,5,23,,,,2006,2019,2012,2016,2004,2006,,,,,,,,,,
84bc8b34,84bc8b34-a440-4e3d-b1be-3fa41d0ad940,445163,jansc001,janssca01,jansse001rob,7355,,,,,Q2940982,Janssen,Casey,Robert Casey,,,,1981,9,17,,,,2004,2017,2006,2015,2001,2004,,,,,,,,,,
84c727f7,84c727f7-8873-4bcc-9dbc-c4e6b1906f52,594056,gudur001,guduare01,guduan001rey,13058,,,,,Q30015836,Guduan,Reymin,Reymin Yojairo,,,,1992,3,16,,,,2010,2024,2017,2021,,,,,,,,,,,,
84de629b,84de629b-5c79-4cdc-bf7a-504393650b88,573046,morim002,morinmi01,morin-001mic,13442,,,,,Q16732867,Morin,Mike,Michael William,,,,1991,5,3,,,,2012,2023,2014,2020,2010,2012,,,,,,,,,,
84e035aa,84e035aa-2b4a-4f11-a8d9-7662b2e8f2b6,592419,hoyij001,hoyinja01,hoying001jar,10882,,,,,Q24228419,Hoying,Jared,Jared William,,,,1989,5,18,,,,2010,2021,2016,2021,,,,,,,,,,,,
84e6b91b,84e6b91b-876b-4cbe-a2dd-9a41f71f7341,672391,ort-k001,ortka01,ort---000kal,20061,,,,,Q108544595,Ort,Kaleb,Kaleb James,,,,1992,2,5,,,,2016,2024,2021,2024,,,,,,,,,,,,
84f5900d,84f5900d-2f3c-4495-a027-17571ea59188,592341,gofod001,goforda01,gofort001dav,12166,,,,,Q16232120,Goforth,David,David Paul,,,,1988,10,11,,,,2011,2018,2015,2017,2009,2011,,,,,,,,,,
84f74f49,84f74f49-4335-4d44-8fc7-be91eaf0e93e,429711,gutif001,gutiefr01,gutier002fra,3255,,,,,Q2746255,Gutiérrez,Franklin,Franklin Rafael,,,,1983,2,21,,,,2001,2018,2005,2017,,,,,,,,,,,,
85034516,85034516-a554-488b-af99-63e33609ef52,669707,trioj001,triolja01,triolo000jar,25807,,,,,,Triolo,Jared,Jared Robert,,,,1998,2,8,,,,2019,2024,2023,2024,2017,2019,,,,,,,,,,
8506064a,8506064a-9580-45e6-a43f-70429bfe5de8,541640,ramie004,ramirer02,ramire002era,10314,,,,,Q3055980,Ramírez,Erasmo,Erasmo Jose,,Olivera,,1990,5,2,,,,2008,2024,2012,2024,,,,,,,,,,,,
850a4667,850a4667-df45-4c8f-8511-815591b14ba8,571446,appem001,appelma01,appel-001mar,14823,,,,,Q6766580,Appel,Mark,Mark Stewart,,,,1991,7,15,,,,2013,2022,2022,2022,2010,2013,,,,,,,,,,
85189d60,85189d60-4942-48c1-b44c-d4cba7755709,605795,sanca008,sanchan03,sanche008ang,11776,83385151,,,,Q37965926,Sánchez,Ángel,Ángel Luis,,Suares,,1989,11,28,,,,2011,2024,2017,2017,,,,,,,,,,,,
856092e1,856092e1-fbaf-48df-af3f-f685409903f9,663158,suarr002,suarero01,suarez002rob,30115,53555132,,,,Q28113211,Suarez,Robert,Robert Alexander,,Subero,,1991,3,1,,,,2015,2024,2022,2024,,,,,,,,,,,,
8561fb03,8561fb03-9174-42f7-bbd3-6eb20cea5765,664789,tom-k001,tomka01,tom---000kaa,18136,,,,,Q106328303,Tom,Ka'ai,Blaze Ka'ai,,,,1994,5,29,,,,2015,2022,2021,2022,2014,2015,,,,,,,,,,
8566f716,8566f716-9310-443b-9158-ea65b2b820cc,150302,marqj001,marquja01,marqui001jas,105,,,,,Q1060777,Marquis,Jason,Jason Scott,,,,1978,8,21,,,,1996,2015,2000,2015,,,,,,,,,,,,
856b3948,856b3948-f178-4ae1-a927-035ea80eb8c8,663462,campi001,campbis01,campbe000isa,25551,,,,,Q113567635,Campbell,Isaiah,Isaiah Lyn,,,,1997,8,15,,,,2021,2024,2023,2024,2016,2019,,,,,,,,,,
857dc25e,857dc25e-9d6f-4aa6-a62c-f86272c6b583,516970,maris001,marimsu01,marimo001sug,6027,,,,,Q19803094,Marimón,Sugar Ray,Sugar Ray,,Meza,,1988,9,30,,,,2007,2022,2015,2015,,,,,,,,,,,,
8589540e,8589540e-f58e-4580-9128-adfe1dcbc753,570714,vargc002,vargace01,vargas001ces,14099,63065153,,,,Q24005069,Vargas,César,César,,,,1991,12,30,,,,2009,2023,2016,2016,,,,,,,,,,,,
85add48a,85add48a-c3b4-4b9d-acc5-ae71ffef1562,430611,hartc001,hartco01,hart--001jon,1945,,,,,Q2997264,Hart,Corey,Jon Corey,,,,1982,3,24,,,,2000,2015,2004,2015,,,,,,,,,,,,
85cab842,85cab842-1298-49d7-a03f-52a0fbf6d055,624586,hoytj001,hoytja01,hoyt--000jam,14605,,,,,Q26436449,Hoyt,James,James Allen,,,,1986,9,30,,,,2011,2024,2016,2021,,,,,,,,,,,,
85f0b4be,85f0b4be-04e8-4b7c-98b3-a6628d61892b,600944,pauld002,paulida01,paulin002dav,17418,,,,,Q26856930,Paulino,David,David Confesor,,,,1994,2,6,,,,2011,2021,2016,2021,,,,,,,,,,,,
85f3b9a9,85f3b9a9-e021-44b5-972f-8da8f3b0891b,668904,lewir003,lewisro02,lewis-002roy,20437,,,,,,Lewis,Royce,Royce Oliver,,,,1999,6,5,,,,2017,2024,2022,2024,,,,,,,,,,,,
85f53f9c,85f53f9c-fcf8-438d-a2ef-6923d062a6ab,641739,kamir001,kaminro01,kamins000rob,15792,,,,,Q17306123,Kaminsky,Rob,Robert Harris,,,,1994,9,2,,,,2013,2024,2020,2020,,,,,,,,,,,,
8605b494,8605b494-14f2-4400-8e78-f020b48da728,682985,greer003,greenri03,greene000ril,25976,,,,,,Greene,Riley,Riley Alan,,,,2000,9,28,,,,2019,2024,2022,2024,,,,,,,,,,,,
861cbeaa,861cbeaa-a014-4ae6-ad4d-d97808cf2eca,687231,hernd006,hernada04,hernai000dar,26224,,,,,,Hernaiz,Darell,Darell Giovan,,Rivera,,2001,8,3,,,,2019,2024,2024,2024,,,,,,,,,,,,
86311a26,86311a26-4685-4389-a112-424c471af9d5,592091,achta001,achteaj01,achter001ada,11387,,,,,Q17496321,Achter,A. J.,Adam Joseph,,,,1988,8,27,,,,2010,2017,2014,2016,2008,2010,,,,,,,,,,
864d6c07,864d6c07-5d4d-4158-a3b2-ac4f35d7e663,641929,odomj001,odomjo01,odom--002jos,15535,,,,,Q97933337,Odom,Joseph,Joseph Caleb,,,,1992,1,9,,,,2013,2022,2020,2021,2011,2013,,,,,,,,,,
8651c006,8651c006-bf66-460a-93c2-00a644855cca,676701,treja001,trejoal01,trejo-000ala,20056,,,,,Q106454043,Trejo,Alan,Alan Ray,,,,1996,5,30,,,,2017,2024,2021,2024,2015,2017,,,,,,,,,,
86568b4b,86568b4b-9b9a-49d9-bb91-376ec64ed2fe,663770,evand003,evansde01,evans-000dem,21087,,,,,Q99390486,Evans,Demarcus,Demarcus Malik,,,,1996,10,22,,,,2015,2024,2020,2021,,,,,,,,,,,,
8657c56c,8657c56c-056a-4c63-9a25-74a73b2e650b,608061,rivet001,rivertj01,rivera000tj-,12495,,,,,Q26689653,Rivera,T. J.,Thomas Javier,,,,1988,10,27,,,,2011,2021,2016,2017,2010,2011,2023,2023,,,,,,,,
866336d2,866336d2-5b86-465f-a421-ced1acddac3c,434181,leagb001,leagubr01,league001bra,3731,,,,,Q2923765,League,Brandon,Brandon Paul,,,,1983,3,16,,,,2001,2017,2004,2014,,,,,,,,,,,,
867149fc,867149fc-fac9-47da-80b8-0168dd1c7602,448159,parrm001,parrama01,parra-001man,4279,,,,,Q3286088,Parra,Manny,Manuel Alex,,,,1982,10,30,,,,2002,2021,2007,2015,2001,2002,,,,,,,,,,
869305cd,869305cd-b303-4df6-b890-425cc63b5d3a,518886,kimbc001,kimbrcr01,kimbre001cra,6655,,,,,Q2760861,Kimbrel,Craig,Craig Michael,,,,1988,5,28,,,,2008,2024,2010,2024,,,,,,,,,,,,
8699e9a8,8699e9a8-6248-4af7-954f-e99ade741d4c,276519,rollj001,rolliji01,rollin001jam,971,,,,,Q601982,Rollins,Jimmy,James Calvin,,,,1978,11,27,,,,1996,2016,2000,2016,,,,,,,,,,,,
86bf17ee,86bf17ee-c87a-4fa8-a71d-14ab151ba3da,429400,loewa001,loewead01,loewen001ada,2134,,,,,Q2823976,Loewen,Adam,Adam Alexander,,,,1984,4,9,,,,2003,2018,2006,2016,2003,2003,,,,,,,,,,
86c5549c,86c5549c-816c-4f30-9778-e42065ad7d1f,681799,robee001,roberet01,robert000eth,24930,,,,,Q111112040,Roberts,Ethan,Ethan Michael,,,,1997,7,4,,,,2018,2024,2022,2024,2016,2018,,,,,,,,,,
86cb2ff7,86cb2ff7-8678-4f30-9b92-84924c0c1628,519301,solis001,solissa01,solis-001sam,11457,73775138,,,,Q19844548,Solís,Sammy,Samuel Robert,,,,1988,8,10,,,,2010,2021,2015,2018,,,,,,,,,,,,
86e361de,86e361de-4526-4e5a-9aa0-96126c83ca61,598264,barnm001,barnema01,barnes001mat,12863,,,,,Q6788312,Barnes,Matt,Matthew David,,,,1990,6,17,,,,2012,2024,2014,2024,2009,2011,,,,,,,,,,
86f92b2c,86f92b2c-61e3-47b8-af5b-f095250f1c4d,519263,schua001,schugaj01,schuge001and,11432,,,,,Q19801565,Schugel,A. J.,Andrew Jeffrey,,,,1989,6,27,,,,2010,2024,2015,2017,,,,,,,,,,,,
8707a87b,8707a87b-65cf-4d3c-8e7a-f2bc2d63c160,502010,brigj001,brighja01,brigha001jac,2851,53755132,,,,Q6118410,Brigham,Jake,Jacob Daniel,,,,1988,2,10,,,,2006,2023,2015,2015,,,,,,,,,,,,
8723f0e4,8723f0e4-0e6c-4e4b-9187-a6f7c61c0365,666374,brasm001,brashma01,brash-001mat,25756,,,,,Q108743597,Brash,Matt,Matthew Aurel,,,,1998,5,12,,,,2019,2023,2022,2023,2017,2019,,,,,,,,,,
872e89bc,872e89bc-25bd-4e05-871b-6bb6ab721a67,658791,huanw001,huangwe01,huang-002wei,17508,,,,,Q30944484,Huang,Wei-Chieh,Wei-Chieh,,,,1993,9,26,,,,2015,2022,2019,2019,,,,,,,,,,,,
87574107,87574107-6097-4829-b7bc-bdb0fa7753d2,593934,sanom001,sanomi01,sano--001mig,12164,,,,,Q6844797,Sanó,Miguel,Miguel Angel,,Jean,,1993,5,11,,,,2010,2024,2015,2024,,,,,,,,,,,,
875b102c,875b102c-90b9-4159-ab12-55a155c722fb,641384,bosta001,bostiak01,bostic000ake,15979,,,,,Q107713938,Bostick,Akeem,Akeem Maurice,,,,1995,5,4,,,,2013,2023,2021,2021,,,,,,,,,,,,
8767088d,8767088d-115f-4f24-a7c9-4c60138ec6e9,430634,burns001,burnese01,burnet001sea,1886,,,,,Q3476704,Burnett,Sean,Sean Richard,,,,1982,9,17,,,,2000,2019,2004,2016,,,,,,,,,,,,
87817a23,87817a23-9f33-4303-ae39-b756d0f6c096,430957,snydb002,snydebr02,snyder001bra,6052,,,,,Q2923437,Snyder,Brad,Bradley Michael,,,,1982,5,25,,,,2003,2017,2010,2014,2002,2003,,,,,,,,,,
878c025c,878c025c-b8ce-4688-9e17-f450c6a43e02,696285,younj004,youngja03,young-001jac,29931,,,,,,Young,Jacob,Jacob Samuel,,,,1999,7,27,,,,2021,2024,2023,2024,2019,2021,,,,,,,,,,
8791d571,8791d571-dc8c-4efc-a5f9-13119b2d6cbd,467094,doubf001,doubrfe01,doubro001fel,1478,,,,,Q3062541,Doubront,Félix,Félix Antonio,,,,1987,10,23,,,,2005,2024,2010,2015,,,,,,,,,,,,
8798f71d,8798f71d-3fe4-43fd-9388-153e0d7cbc77,474668,surke001,surkaer01,surkam001eri,2540,,,,,Q3056412,Surkamp,Eric,Eric Michael,,,,1987,7,16,,,,2008,2016,2011,2016,2006,2008,,,,,,,,,,
879f639d,879f639d-653c-4099-8abd-eb3dad39356b,621098,hanhe001,hanhoer01,hanhol000eri,18332,,,,,Q56485360,Hanhold,Eric,Eric Dru,,,,1993,11,1,,,,2015,2024,2018,2021,2013,2015,,,,,,,,,,
87dee7d5,87dee7d5-2117-4820-974f-1b587fe078c8,600917,leclj001,leclejo01,lecler000jos,14524,,,,,Q25683039,Leclerc,José,José Ramon,,,,1993,12,19,,,,2011,2024,2016,2024,,,,,,,,,,,,
87f6986b,87f6986b-786f-464a-bbf6-068b51cf1ecf,519317,stanm004,stantmi03,stanto003mic,4949,,,,,Q3105192,Stanton,Giancarlo,Giancarlo Cruz-Michael,,,Bigfoot,1989,11,8,,,,2007,2024,2010,2024,,,,,,,,,,,,
87ff6af1,87ff6af1-ff21-4aaa-9dd8-2397f0937243,543900,webbd001,webbda01,webb--001rob,10558,,,,,Q16233006,Webb,Daniel,Robert Wyatt McDaniel,,,,1989,8,18,2017,10,14,2010,2016,2013,2016,,,,,,,,,,,,
880f2c44,880f2c44-ab36-4e8a-aee3-a5944630c82d,628336,fernj004,fernajo03,fernan018jos,19254,,,,,Q11337706,Fernández,José,José Miguel,,Díaz,,1988,4,27,,,,2007,2023,2018,2018,,,,,,,,,,,,
88154183,88154183-770b-484e-a96e-cfcde0c26475,664314,flore001,flories01,floria000est,19151,,,,,Q50345071,Florial,Estevan,Estevan Haniel,,,,1997,11,25,,,,2015,2024,2020,2024,,,,,,,,,,,,
881fe25e,881fe25e-830d-4b93-9bdf-1e07cc0e0027,606944,carrc004,carroco01,carrol000cod,17664,,,,,Q56043257,Carroll,Cody,Cody Mark,,,,1992,10,15,,,,2015,2022,2018,2020,2013,2015,,,,,,,,,,
8838ac84,8838ac84-b473-464e-8223-13a7ea1ca100,425557,bakej001,bakerje03,baker-002jef,2073,,,,,Q331064,Baker,Jeff,Jeffrey Glen,,,,1981,6,21,,,,2003,2015,2005,2015,2000,2002,,,,,,,,,,
88397c2a,88397c2a-9873-4656-a55b-ca4da8b1670b,656371,diazi001,diazis01,diaz--000isa,17922,,,,,Q27663650,Díaz,Isan,Isan Xavier,,,,1996,5,27,,,,2014,2024,2019,2023,,,,,,,,,,,,
8846c5ec,8846c5ec-ff48-4f29-9b32-97f216d33d05,407878,valvj001,valvejo01,valver001jos,1726,,,,,Q3112768,Valverde,José,José Rafael,,,,1978,3,24,,,,1999,2019,2003,2014,,,,,,,,,,,,
8849af46,8849af46-d503-4bad-85ca-9d7ef1c46e05,571862,kobej001,koberje01,kobern002jef,9591,,,,,Q13417041,Kobernus,Jeff,Jeffrey Gilbert,,,,1988,6,30,,,,2009,2017,2013,2014,2007,2009,,,,,,,,,,
886e9477,886e9477-be47-41fe-ac49-018cf2303568,656731,megit002,megilty01,megill000tyl,21318,,,,,,Megill,Tylor,Tylor J,,,,1995,7,28,,,,2018,2024,2021,2024,2015,2018,,,,,,,,,,
88874cc0,88874cc0-3ecc-477b-b3f9-0164167829ea,644433,tromc001,trompch01,tromp-000cha,16953,,,,,,Tromp,Chadwick,Chadwick Chandler,,,,1995,3,21,,,,2013,2024,2020,2024,,,,,,,,,,,,
889294fd,889294fd-229b-4896-ae8b-9ed57f8d4d0b,407822,delaj001,rosajo01,delaro001jor,2047,,,,,Q3183906,De La Rosa,Jorge,Jorge Alberto,,Gonzalez,,1981,4,5,,,,1999,2018,2004,2018,,,,,,,,,,,,
88a397c4,88a397c4-4e5d-44ad-b71a-e9420f9ed7e4,571804,jackb002,jacksbr01,jackso003bre,9632,,,,,Q287003,Jackson,Brett,Brett Elliott,,,,1988,8,2,,,,2009,2015,2012,2014,2007,2009,,,,,,,,,,
88ade777,88ade777-2e35-40fc-9752-529f296fb4c2,682016,woodw001,woodswi02,woods-007wil,25075,,,,,Q111948021,Woods,William,William,,,,1998,12,29,,,,2018,2023,2022,2022,,,,,,,,,,,,
88b22abb,88b22abb-1dbc-4b15-9560-3be789c90e50,674003,bradc003,bradfco01,bradfo000cod,27597,,,,,,Bradford,Cody,Cody Daniel,,,,1998,2,22,,,,2021,2024,2023,2024,2017,2019,,,,,,,,,,
88b9f743,88b9f743-b926-4baa-878e-c82774984e19,543408,koeht001,koehlto01,koehle001tom,6570,,,,,Q3530765,Koehler,Tom,Thomas Rolf,,,,1986,6,29,,,,2008,2019,2012,2017,2005,2008,,,,,,,,,,
88c26294,88c26294-bdaf-4d5b-8514-6c09f473fdc6,621094,callj001,callaja01,callah006jam,14711,,,,,Q38458191,Callahan,Jamie,James Douglas,,,,1994,8,24,,,,2012,2022,2017,2017,,,,,,,,,,,,
88d33450,88d33450-6605-4be2-9c31-4948167bb172,624641,sosae001,sosaed01,sosa--000edm,17022,,,,,Q50812739,Sosa,Edmundo,Edmundo Israel,,,,1996,3,6,,,,2013,2024,2018,2024,,,,,,,,,,,,
88ec45d3,88ec45d3-3b0c-4f20-823e-5b0a62f5f454,642456,barrl001,barrelu01,barrer000lui,19615,,,,,,Barrera,Luis,Luis Rafael,,Herrera,,1995,11,15,,,,2013,2024,2021,2022,,,,,,,,,,,,
88f40ffa,88f40ffa-c443-4b42-a7d4-79f6f6b14e78,668948,mccak003,mccarki01,mccart000kir,20555,,,,,Q111721134,McCarty,Kirk,Kirkland Morgan,,,,1995,10,12,,,,2017,2024,2022,2022,2015,2017,,,,,,,,,,
88fe1e27,88fe1e27-c56b-4f1b-a40d-444d355b5681,136767,chave001,chaveer01,chavez001eri,906,,,,,Q1139125,Chavez,Eric,Eric Cesar,,,,1977,12,7,,,,1997,2014,1998,2014,,,,,,,,,,,,
89048053,89048053-0955-462f-aa28-8b2bb4c3fa7c,578428,iglej001,iglesjo01,iglesi001jos,10231,,,,,Q3186330,Iglesias,Jose,Jose Antonio,,Aleman,,1990,1,5,,,,2006,2024,2011,2024,,,,,,,,,,,,
89435f0f,89435f0f-94f3-4bd3-b0dd-a4201ba41aed,656403,ellid002,ellisdr01,ellis-001dre,19873,,,,,,Ellis,Drew,Drew Mitchell,,,,1995,12,1,,,,2017,2024,2021,2023,2016,2017,,,,,,,,,,
8952b4f5,8952b4f5-ba45-45e5-b25f-ff9dded9a776,656252,bradb002,bradlbo01,bradle000bob,17278,,,,,Q64821099,Bradley,Bobby,Bobby,,,,1996,5,29,,,,2014,2024,2019,2022,,,,,,,,,,,,
89993d7d,89993d7d-d277-49be-be03-21a171c1d66d,666139,lowej002,lowejo01,lowe--000jos,19953,,,,,,Lowe,Josh,Joshua Edward,,,,1998,2,2,,,,2016,2024,2021,2024,,,,,,,,,,,,
89997407,89997407-f215-47b2-8c48-2dd7d38af9b4,687014,aviln001,avilani01,avila-002nic,25667,,,,,,Avila,Nick,Nicholas Paul,,,,1997,7,25,,,,2019,2024,2024,2024,2019,2019,,,,,,,,,,
89c1afab,89c1afab-8a66-497b-ae53-6fee4442295b,572827,dunnj001,dunnija01,dunnin001jak,10803,,,,,Q13582729,Dunning,Jake,Jake Austin,,,,1988,8,12,,,,2009,2018,2013,2014,2009,2009,,,,,,,,,,
89cc0c28,89cc0c28-a6a1-4311-a63c-f8d37659db70,547379,perer003,perezro02,perez-008rob,2900,,,,,Q17341458,Pérez,Roberto,Roberto Andres,,,,1988,12,23,,,,2009,2024,2014,2023,,,,,,,,,,,,
89ef8304,89ef8304-11c2-41ff-91e3-99541bc606b5,600965,rodrr007,rodriri04,rodrig014ric,15458,,,,,Q36917881,Rodríguez,Ricardo,Ricardo Jose,,,,1992,8,31,,,,2011,2024,2017,2018,,,,,,,,,,,,
8a041303,8a041303-4ccc-49cd-870f-2c3f96d570b1,642003,reedc002,reedco01,reed--002cod,15232,,,,,Q24851448,Reed,Cody,Cody Austin,,,,1993,4,15,,,,2013,2024,2016,2021,,,,,,,,,,,,
8a17dcbc,8a17dcbc-f157-4f12-9a76-09ed4fb132cc,467008,strop001,stroppe01,strop-001ped,4070,,,,,Q1045999,Strop,Pedro,Pedro Angel,,,,1985,6,13,,,,2003,2024,2009,2021,,,,,,,,,,,,
8a1da0aa,8a1da0aa-e8fb-4fe4-aea7-f27fb207e489,656212,barnc002,barnech01,barnes006cha,19865,,,,,Q107580229,Barnes,Charlie,Charles Segars,,,,1995,10,1,,,,2017,2024,2021,2021,2015,2017,,,,,,,,,,
8a21153d,8a21153d-a43c-4676-8e93-26110880d304,656322,coons001,coonrsa01,coonro000sam,17264,,,,,Q64747211,Coonrod,Sam,Samuel Timothy,,,,1992,9,22,,,,2014,2023,2019,2023,2012,2014,,,,,,,,,,
8a21b2ba,8a21b2ba-f96a-4c97-b4df-fb9463f09425,571539,caram001,carasma01,carasi001mat,13276,13515136,,,,Q6788438,Carasiti,Matt,Matthew Joseph,,,,1991,7,23,,,,2012,2024,2016,2024,2010,2012,,,,,,,,,,
8a6afdc7,8a6afdc7-3074-4c0f-bece-23b1ab375660,642232,yarbr001,yarbrry01,yarbro000rya,16502,,,,,Q50818808,Yarbrough,Ryan,Ryan Christian,,,,1991,12,31,,,,2014,2024,2018,2024,2013,2014,,,,,,,,,,
8a829ca6,8a829ca6-6cdc-462b-805a-5c8fbf801088,685493,yamas001,yamagsh01,yamagu001shu,27460,51855112,,,,Q5366727,Yamaguchi,Shun,Shun,,,,1987,7,11,,,,2006,2022,2020,2020,,,,,,,,,,,,
8a8f1711,8a8f1711-cf94-4a5b-9994-2cbd08421423,672356,ariag002,ariasga01,arias-002gab,22563,,,,,Q111441023,Arias,Gabriel,Gabriel Alejandro,,Gomez,,2000,2,27,,,,2017,2024,2022,2024,,,,,,,,,,,,
8a997df1,8a997df1-7a93-43b1-9762-169c96293aac,641786,lewik001,lewisky01,lewis-000kyl,19508,,,,,Q6451269,Lewis,Kyle,Kyle Alexander,,,,1995,7,13,,,,2016,2023,2019,2023,2014,2016,,,,,,,,,,
8aa73287,8aa73287-35a6-4e24-8f3e-482f303094d3,457788,schaj002,schafjo02,schafe001jor,9883,,,,,Q1037339,Schafer,Jordan,Jordan James,,,,1986,9,4,,,,2005,2018,2009,2015,,,,,,,,,,,,
8aa8fe68,8aa8fe68-8811-44ec-9b48-ce05301510b2,519151,presr001,pressry01,pressl002rya,7005,,,,,Q12714887,Pressly,Ryan,Thomas Ryan,,,,1988,12,15,,,,2008,2024,2013,2024,,,,,,,,,,,,
8ab05d8d,8ab05d8d-5c23-4284-819c-6fa869aefee0,621368,heart001,hearnta01,hearn-000tay,18325,73975159,,,,Q64980616,Hearn,Taylor,Taylor Lynn,,,,1994,8,30,,,,2015,2024,2019,2023,,,,,,,,,,,,
8abe043b,8abe043b-266d-4192-b11d-094e40ae547a,542255,incie001,inciaen01,inciar001end,4922,,,,,Q16233241,Inciarte,Ender,Ender David,,Montiel,,1990,10,29,,,,2008,2022,2014,2022,,,,,,,,,,,,
8abea27c,8abea27c-0781-4e9c-9022-6197a60c1338,502260,pestv001,pestavi01,pestan001vin,4782,,,,,Q2370149,Pestano,Vinnie,Vincent William,,,,1985,2,20,,,,2007,2018,2010,2015,2004,2006,,,,,,,,,,
8acacbbd,8acacbbd-4656-433b-8cc9-d494ae868877,656641,latzj001,latzja01,latz--000jak,21306,,,,,Q108286910,Latz,Jacob,Jacob Eugene,,,,1996,4,8,,,,2017,2024,2021,2024,2016,2016,,,,,,,,,,
8ad06f47,8ad06f47-8102-4c84-b279-15034cf4c140,628318,makik001,makitka01,makita000kaz,19757,41445133,,,,Q5251358,Makita,Kazuhisa,Kazuhisa,,,,1984,11,10,,,,2011,2022,2018,2018,,,,,,,,,,,,
8adcc53a,8adcc53a-088e-465b-ad81-cb2f18d7f7b9,475857,cookr001,cookry01,cook--001rya,8855,23125138,,,,Q3277329,Cook,Ryan,Ryan William,,,,1987,6,30,,,,2008,2019,2011,2018,2006,2008,,,,,,,,,,
8b081ee2,8b081ee2-f332-41b1-b569-182b57831791,656820,padin001,padilni01,padill002nic,21327,,,,,Q113631847,Padilla,Nicholas,Nicholas Gilbert,,Mosquera,,1996,12,24,,,,2016,2024,2022,2023,,,,,,,,,,,,
8b0ef2c7,8b0ef2c7-2f8a-43f3-a3ca-a17a86f1eeff,641313,andet001,anderti01,anders003tim,15172,,,,,Q16150286,Anderson,Tim,Timothy Devon,,,,1993,6,23,,,,2013,2024,2016,2024,,,,,,,,,,,,
8b1eab5f,8b1eab5f-fca9-495d-9f0c-ca0ee856a242,691094,wynnr001,wynnera01,wynne-000ran,25804,,,,,,Wynne,Randy,Randall Garrett,,,,1993,3,9,,,,2016,2024,2023,2023,,,,,,,,,,,,
8b2850a1,8b2850a1-2a59-4a6b-9e82-e7e96e3da151,682175,jacqj001,jacqujo01,jacque002joe,25178,,,,,,Jacques,Joe,Joseph,,,,1995,3,11,,,,2018,2024,2023,2024,2014,2018,,,,,,,,,,
8b2cf761,8b2cf761-a14a-4ff0-945c-492aeefd8580,624424,confm001,confomi01,confor001mic,16376,,,,,Q16235295,Conforto,Michael,Michael Thomas,,,,1993,3,1,,,,2014,2024,2015,2024,2012,2014,,,,,,,,,,
8b308377,8b308377-5423-44a5-bb1d-a5101816e6a0,453214,wrigs001,wrighst01,wright004ste,8185,,,,,Q7615401,Wright,Steven,Steven Richard,,,,1984,8,30,,,,2007,2021,2013,2019,2004,2006,,,,,,,,,,
8b3e7472,8b3e7472-02d0-43ca-b8f4-7c1aac5fd74d,457803,brucj001,bruceja01,bruce-001jay,9892,,,,,Q3163218,Bruce,Jay,Jay Allen,,,,1987,4,3,,,,2005,2021,2008,2021,,,,,,,,,,,,
8b4db8f5,8b4db8f5-6e0b-4c2a-8145-8272b459c36e,460075,braur002,braunry02,braun-001rya,3410,,,,,Q1207567,Braun,Ryan,Ryan Joseph,,,,1983,11,17,,,,2005,2020,2007,2020,2003,2005,,,,,,,,,,
8b67bdca,8b67bdca-4207-4780-9f65-35ec86c8e656,671732,butll001,butlela01,butler000law,22542,,,,,Q116204853,Butler,Lawrence,Lawrence Evan,,,,2000,7,10,,,,2018,2024,2023,2024,,,,,,,,,,,,
8b729ea5,8b729ea5-436d-42c0-80e3-33b1db4f0738,657770,stoue001,stouter01,stout-000eri,16873,,,,,Q50824672,Stout,Eric,Eric Joseph,,,,1993,3,27,,,,2014,2024,2018,2022,,,,,,,,,,,,
8b7c404b,8b7c404b-9cf4-456e-9368-1aea1292141e,425877,moliy001,molinya01,molina001yad,7007,,,,,Q2623942,Molina,Yadier,Yadier Benjamin,,,,1982,7,13,,,,2001,2022,2004,2022,,,2023,2023,,,,,,,,
8bb46e07,8bb46e07-c3eb-4050-bc54-b5515246c985,407833,buckj001,buckjo01,buck--001joh,2041,,,,,Q3181146,Buck,John,Johnathan Richard,,,,1980,7,7,,,,1998,2014,2004,2014,,,,,,,,,,,,
8bdd1450,8bdd1450-14cc-4e1c-9b8f-39a9524fdd4b,650559,delab001,delacbr01,delacr000bry,19600,,,,,Q107690050,De La Cruz,Bryan,Bryan Starling,,Quezada,,1996,12,16,,,,2014,2024,2021,2024,,,,,,,,,,,,
8be06eeb,8be06eeb-20cf-4d1f-9d78-8292a41101a1,693312,nicok001,nicolky01,nicola000kyl,27775,,,,,,Nicolas,Kyle,Kyle Todd,,,,1999,2,22,,,,2021,2024,2023,2024,2018,2020,,,,,,,,,,
8be947cf,8be947cf-9c87-4dfd-bcdd-b9c74ebb5a9a,624415,biggc002,biggica01,biggio001cav,19252,,,,,Q53870504,Biggio,Cavan,Cavan Thomas,,,,1995,4,11,,,,2016,2024,2019,2024,2014,2016,,,,,,,,,,
8c00411d,8c00411d-6e4c-4553-8e21-ccfb37fc78a3,474865,borbj001,borboju01,borbon001jul,3209,,,,,Q927280,Borbon,Julio,Julio Alberto,,,,1986,2,20,,,,2007,2018,2009,2016,2005,2007,2021,2021,,,,,,,,
8c19f251,8c19f251-b0f8-4fa1-a7d7-c6bb63aa4739,650968,pozoy001,pozoyo01,pozo--002yoh,18848,,,,,Q108077687,Pozo,Yohel,Yohel Enrique,,Romero,,1997,6,14,,,,2014,2024,2021,2021,,,,,,,,,,,,
8c1ad740,8c1ad740-06b0-441d-ae5d-967155bf3b73,665795,cabre003,cabreed02,cabrer004edw,21690,,,,,,Cabrera,Edward,Edward Brany,,Cabrera,,1998,4,13,,,,2016,2024,2021,2024,,,,,,,,,,,,
8c1c5a6d,8c1c5a6d-fcce-4ae8-bbf7-f2772a30acf1,666624,morec001,morelch01,morel-000chr,21897,,,,,Q112073775,Morel,Christopher,Christopher Rafael,,Salce,,1999,6,24,,,,2017,2024,2022,2024,,,,,,,,,,,,
8c1e60e8,8c1e60e8-b3b0-4c05-bfea-8765db41a34e,624507,joner005,jonesry01,jones-001ryd,15982,,,,,Q30594559,Jones,Ryder,Ryder McKinley,,,,1994,6,7,,,,2013,2023,2017,2018,,,,,,,,,,,,
8c277053,8c277053-037a-4e35-a441-bcd9b3b37967,595234,halej001,haleyju01,haley-001jus,13572,,,,,Q29193342,Haley,Justin,Justin Case,,,,1991,6,16,,,,2012,2019,2017,2018,2011,2012,,,,,,,,,,
8c292381,8c292381-89fa-4634-b7eb-09356793c813,500887,pintj001,pintojo01,pinto-001jos,6806,,,,,Q15921345,Pinto,Josmil,Josmil Oswaldo,,,,1989,3,31,,,,2006,2023,2013,2016,,,,,,,,,,,,
8c6bbeab,8c6bbeab-ac79-4d7a-bdc2-2fe0ec56664a,606478,araup001,araujpe01,araujo000ped,17697,,,,,Q53036614,Araújo,Pedro,Pedro,,,,1993,7,2,,,,2011,2020,2018,2019,,,,,,,,,,,,
8c8211c5,8c8211c5-3622-4da9-8e79-dea54c91f81d,664011,ambut001,amburtr01,amburg000tre,18425,83585157,,,,Q107550818,Amburgey,Trey,Tommy Wayne,,,,1994,10,24,,,,2015,2023,2021,2021,,,,,,,,,,,,
8c9783d7,8c9783d7-544f-4a35-8171-e4fe0644a1ae,677651,garcl007,garcilu05,garcia020lui,23735,,,,,Q104834369,García,Luis,Luis Heibardo,,Maestre,,1996,12,13,,,,2017,2024,2020,2023,,,,,,,,,,,,
8c9802d5,8c9802d5-cc56-41e9-b966-549f71d46643,596748,franm004,francma02,franco001mai,12179,63965157,,,,Q16234564,Franco,Maikel,Maikel Antonio,,,,1992,8,26,,,,2010,2024,2014,2022,,,,,,,,,,,,
8cac4c30,8cac4c30-d3a2-4ef3-b663-f6fc200386bb,592767,smyld001,smylydr01,smyly-001tod,11760,,,,,Q3039417,Smyly,Drew,Todd Andrew,,,,1989,6,13,,,,2011,2024,2012,2024,2009,2010,,,,,,,,,,
8cb3a573,8cb3a573-cbfb-4b45-b9ac-3ee433b136e8,592330,garnp002,garnepe01,garner001per,10887,,,,,Q26844766,Garner,Perci,Percival,,,,1988,12,13,,,,2010,2017,2016,2016,,,,,,,,,,,,
8cb4f599,8cb4f599-e606-44cb-bc58-436c532912b7,622786,tinoj001,tinocje01,tinoco000jes,16300,33935157,,,,Q50827559,Tinoco,Jesús,Jesús Rafael,,Veliz,,1995,4,30,,,,2012,2024,2019,2024,,,,,,,,,,,,
8cd34d60,8cd34d60-865e-4844-aeb9-72169ec3a383,656818,overc001,overtco01,overto000con,18376,,,,,Q108055614,Overton,Connor,Connor Danford,,,,1993,7,24,,,,2014,2024,2021,2023,2012,2014,,,,,,,,,,
8ce77fb0,8ce77fb0-b0c6-4467-9655-2dd328fece82,605486,spanc001,spangco01,spange000cor,12294,23525151,,,,Q17813175,Spangenberg,Cory,Cory Joseph,,,,1991,3,16,,,,2011,2022,2014,2022,,,,,,,,,,,,
8cfe7aa5,8cfe7aa5-8af5-4786-a133-a8f5e7f26246,667452,julkc001,julksco01,julks-000cor,20311,,,,,,Julks,Corey,Corey Christopher,,,,1996,2,27,,,,2017,2024,2023,2024,2015,2017,,,,,,,,,,
8d09aeda,8d09aeda-10ba-4ac5-a8b2-350dbbd41923,665922,muzzs001,muzzisi01,muzzio000sim,19553,,,,,,Muzziotti,Símon,Símon Jose,,Bastardo,,1998,12,27,,,,2016,2024,2022,2022,,,,,,,,,,,,
8d0f172a,8d0f172a-98e2-40f5-8aa8-4ca4bb88e837,434658,davir003,davisra01,davis-001raj,3708,,,,,Q3417960,Davis,Rajai,Rajai Lavae,,,,1980,10,19,,,,2001,2019,2006,2019,2000,2001,,,,,,,,,,
8d296a24,8d296a24-b8fe-40e4-a014-5f33e06db1af,605512,tuckp001,tuckepr01,tucker002pre,13633,,,,,Q16233633,Tucker,Preston,Preston Michael,,,,1990,7,6,,,,2012,2023,2015,2018,2009,2012,,,,,,,,,,
8d2b52cf,8d2b52cf-2ecf-49a1-883b-ed4eb9141bec,665645,castk002,castrke01,castro000ker,21656,,,,,Q108459055,Castro,Kervin,Kervin Alexander,,Reina,,1999,2,7,,,,2016,2023,2021,2022,,,,,,,,,,,,
8d3026d5,8d3026d5-73e3-40ce-a9e5-df065d374a79,458919,mattr001,matthry01,matthe001rya,7169,,,,,Q3453825,Mattheus,Ryan,Ryan Arthur,,,,1983,11,10,,,,2004,2016,2011,2015,,,,,,,,,,,,
8d579736,8d579736-f6ec-4479-a7a3-57116b2101d6,608672,johnm006,johnsmi04,johnso018mic,13809,,,,,Q16929666,Johnson,Micah,Micah Drew,,,,1990,12,18,,,,2012,2018,2015,2017,2010,2012,,,,,,,,,,
8d793806,8d793806-af48-414a-ae43-fdc84196254c,676606,margn001,margeni01,margev000nic,20395,,,,,Q62604386,Margevicius,Nick,Nicholas Phillip,,,,1996,6,18,,,,2017,2024,2019,2021,2015,2017,,,,,,,,,,
8d81ed62,8d81ed62-071a-4237-9bf8-01f6b955d844,607387,rua-r001,ruary01,rua---000rya,12409,,,,,Q16761670,Rua,Ryan,Ryan Anthony,,,,1990,3,11,,,,2011,2018,2014,2018,2011,2011,,,,,,,,,,
8d877890,8d877890-1058-49d6-b5ad-460bd7a5d98c,542947,bleir001,bleieri01,bleier001ric,7803,,,,,Q17232828,Bleier,Richard,Richard Sidney,,,,1987,4,16,,,,2008,2024,2016,2023,,,,,,,,,,,,
8d9caac6,8d9caac6-7a75-4096-8506-e5c4880212aa,517629,martk002,marteke02,marte-001kel,5200,,,,,Q26844747,Marte,Kelvin,Kelvin,,Aquino,,1987,11,24,,,,2007,2019,2016,2016,,,,,,,,,,,,
8dd51516,8dd51516-9c5c-4c0d-bb5f-8efd1b52832c,650960,duard001,duartda01,duarte000dan,17480,,,,,Q107580261,Duarte,Daniel,Daniel Francisco,,Perez,,1996,12,4,,,,2015,2024,2022,2024,,,,,,,,,,,,
8ddd41a2,8ddd41a2-f432-4e91-864d-3f17484f18e0,680573,woods002,woodssi01,woods-000sim,24494,,,,,,Woods Richardson,Simeon,Simeon,,,,2000,9,27,,,,2018,2024,2022,2024,,,,,,,,,,,,
8debd41f,8debd41f-d92b-44fc-bd12-1ab0e84e22ec,672724,perao002,perazos02,peraza002osw,22823,,,,,,Peraza,Oswald,Oswald Dair,,Sandoval,,2000,6,15,,,,2017,2024,2022,2024,,,,,,,,,,,,
8df41830,8df41830-ed0a-4684-92f3-6ef189c0cf50,621466,stewd002,stewadj01,stewar000dem,17766,,,,,Q21020976,Stewart,DJ,Demetrius Jerome,,,,1993,11,30,,,,2015,2024,2018,2024,2013,2015,,,,,,,,,,
8e1f52cf,8e1f52cf-2166-4a46-a2dc-bcd7e35df6a1,669105,muckz001,muckeza01,mucken000zac,20209,,,,,,Muckenhirn,Zach,Zachary Edward,,,,1995,2,27,,,,2016,2024,2023,2023,2014,2016,,,,,,,,,,
8e2d5b7b,8e2d5b7b-25b9-4595-bc21-7e53adc70de6,592233,crics001,crichst01,cricht000ste,16058,,,,,Q29384602,Crichton,Stefan,Stefan Brook,,,,1992,2,29,,,,2013,2022,2017,2021,2011,2013,,,,,,,,,,
8e334012,8e334012-c326-4cb5-adc1-74f9649d2e04,621209,moscj001,moscojo01,moscot000jon,13849,,,,,Q20053965,Moscot,Jon,Jonathan Solomon,,,,1991,8,15,,,,2012,2016,2015,2016,2011,2012,,,,,,,,,,
8e34e223,8e34e223-d952-48a7-8dce-5336f2ed72ea,660707,monte001,monteel01,monter000ele,20543,,,,,Q111830121,Montero,Elehuris,Elehuris,,Guzman,,1998,8,17,,,,2015,2024,2022,2024,,,,,,,,,,,,
8e4a3c7f,8e4a3c7f-0131-477c-b0c3-2336181a087f,150029,wertj001,werthja01,werth-001jay,1327,,,,,Q1185189,Werth,Jayson,Jayson Richard Gowan,,,Werewolf,1979,5,20,,,,1997,2018,2002,2017,,,,,,,,,,,,
8e4fac76,8e4fac76-1d11-4a3f-a5c6-6a9530b3725c,663321,hernn001,hernani01,hernan007nic,19281,,,,,,Hernandez,Nick,Nicholas Cody,,,,1994,12,30,,,,2016,2024,2023,2024,2016,2016,,,,,,,,,,
8e78d7ca,8e78d7ca-664d-4679-89d7-ed03dc024ff4,668832,mccak004,mccanky01,mccann000kyl,25575,,,,,,McCann,Kyle,Kyle Joseph,,,,1997,12,2,,,,2019,2024,2024,2024,2017,2019,,,,,,,,,,
8e79ff41,8e79ff41-dc8d-4e6e-90b6-dc235b48e8ae,607359,patts002,pattosp01,patton000spe,12361,03705134,,,,Q17811866,Patton,Spencer,Spencer Burdette,,,,1988,2,20,,,,2011,2024,2014,2023,2009,2011,,,,,,,,,,
8e88733f,8e88733f-9ec4-413e-922a-d5d04ff9023f,501529,delej002,deleojo02,deleon003jor,5397,,,,,Q9012964,De León,Jorge,Jorge Luis,,,,1987,8,15,,,,2006,2018,2013,2014,,,,,,,,,,,,
8eb0be4e,8eb0be4e-0a49-44ec-8a0a-ac6cdbadef60,594838,gossp001,gosseph01,gossel001phi,10953,,,,,Q15055099,Gosselin,Philip,Philip David,,,,1988,10,3,,,,2010,2022,2013,2022,2008,2010,,,,,,,,,,
8ed48c25,8ed48c25-a15a-4602-b6e5-e3db05c2bc38,433585,franj003,francje01,franci001jef,4684,,,,,Q3176488,Francis,Jeff,Jeffrey William,,,,1981,1,8,,,,2002,2015,2004,2015,,,,,,,,,,,,
8ee7c964,8ee7c964-ee51-4962-b0b6-5481b60f4bb6,605138,benjw001,benjawe01,benjam000wes,19243,,,,,Q98277927,Benjamin,Wes,Wesley Scott,,,,1993,7,26,,,,2015,2024,2020,2021,2012,2014,,,,,,,,,,
8eeedad0,8eeedad0-fcf1-4f1c-9e90-d7f3f43bbe4d,543510,mccaj001,mccanja02,mccann002jam,12859,,,,,Q6139181,McCann,James,James Thomas,,,,1990,6,13,,,,2011,2024,2014,2024,2009,2011,,,,,,,,,,
8efd3691,8efd3691-cee1-4886-b17a-7a55529c251c,573166,smitm008,smithmu01,smith-001mur,9812,,,,,Q56284233,Smith,Murphy,Murphy,,,,1987,8,25,,,,2009,2018,2018,2018,,,,,,,,,,,,
8efdef6d,8efdef6d-233a-4465-b084-dffd31f1e1ad,605276,hessd001,hessda01,hess--000dav,16130,,,,,Q50578172,Hess,David,David James,,,,1993,7,10,,,,2014,2022,2018,2021,2012,2014,,,,,,,,,,
8f0071d3,8f0071d3-b632-4505-8fdd-f278e4fb06ba,643778,webbt001,webbty01,webb--000jon,14974,,,,,Q17403526,Webb,Tyler,Jon Tyler,,,,1990,7,20,,,,2013,2022,2017,2021,2010,2013,,,,,,,,,,
8f029757,8f029757-54df-426f-8681-1866254ad507,514981,mored001,morendi01,moreno001die,6238,73775136,,,,Q20204419,Moreno,Diego,Diego Rafael,,,,1987,7,21,,,,2007,2024,2015,2017,,,,,,,,,,,,
8f25f690,8f25f690-f7fd-4dd6-85e6-23d6d9bb2726,425796,franj004,francje02,franco001jef,4792,,,,,Q861996,Francoeur,Jeff,Jeffrey Braden,,,,1984,1,8,,,,2002,2016,2005,2016,,,,,,,,,,,,
8f321900,8f321900-5e2c-491a-8df5-0529f2a4147b,681857,olsor001,olsonre01,olson-000ree,24968,,,,,,Olson,Reese,William Reese,,,,1999,7,31,,,,2018,2024,2023,2024,,,,,,,,,,,,
8f5618f2,8f5618f2-e85f-468d-a1cd-aad640676349,465753,florp001,floripe01,florim001ped,8385,,,,,Q2834273,Florimón,Pedro,Pedro Alexander,Jr.,,,1986,12,10,,,,2006,2022,2011,2018,,,,,,,,,,,,
8f8b26e6,8f8b26e6-1ef8-4dc9-99a7-58dd4e3ab65e,489446,yatek001,yateski01,yates-001kir,9073,,,,,Q16232037,Yates,Kirby,Kirby Kali,,,,1987,3,25,,,,2009,2024,2014,2024,,,,,,,,,,,,
8f8cae7d,8f8cae7d-a15c-489b-bdfe-189d57080695,647315,pop-z001,popza01,pop---000zac,20185,,,,,Q106328226,Pop,Zach,Zachery M.,,,,1996,9,20,,,,2017,2024,2021,2024,2015,2017,,,,,,,,,,
8fbfd8ee,8fbfd8ee-3132-411d-bc0f-14163e23dcd2,602115,guerg001,guerrga01,guerre000gab,14528,,,,,Q18206239,Guerrero,Gabriel,Gabriel,,Martinez,,1993,12,11,,,,2011,2022,2018,2018,,,,,,,,,,,,
