key_person,key_uuid,key_mlbam,key_retro,key_bbref,key_bbref_minors,key_fangraphs,key_npb,key_sr_nfl,key_sr_nba,key_sr_nhl,key_wikidata,name_last,name_first,name_given,name_suffix,name_matrilineal,name_nick,birth_year,birth_month,birth_day,death_year,death_month,death_day,pro_played_first,pro_played_last,mlb_played_first,mlb_played_last,col_played_first,col_played_last,pro_managed_first,pro_managed_last,mlb_managed_first,mlb_managed_last,col_managed_first,col_managed_last,pro_umpired_first,pro_umpired_last,mlb_umpired_first,mlb_umpired_last
90007a42,90007a42-826a-4f10-a6ca-5ea33010f045,602922,rondj002,rondojo02,rondon002jos,14140,,,,,Q27031220,Rondón,José,José Gregorio,,Hidalgo,,1994,3,3,,,,2011,2024,2016,2021,,,,,,,,,,,,
90078695,90078695-9544-4fca-99f7-98e4965e8726,643524,schwf001,schwifr01,schwin000fra,15351,83785157,,,,Q62571001,Schwindel,Frank,Frank J.,,,,1992,6,29,,,,2013,2024,2019,2022,2011,2013,,,,,,,,,,
90083a6f,90083a6f-6a9c-47bb-a4fa-3a184f11ba2a,678246,vargm001,vargami01,vargas005mig,20178,,,,,,Vargas,Miguel,Miguel Antonio,,Echarry,,1999,11,17,,,,2014,2024,2022,2024,,,,,,,,,,,,
901e0787,901e0787-65b8-4f85-8aa7-5ee5c1eb611c,453269,boesb001,boescbr01,boesch001bre,914,,,,,Q2924450,Boesch,Brennan,Brennan Philip,,,,1985,4,12,,,,2006,2016,2010,2015,2004,2006,,,,,,,,,,
9037e817,9037e817-3366-4230-acaa-19cdc0d0afc9,666397,julie001,julieed01,julien000edo,27534,,,,,,Julien,Edouard,Edouard,,,,1999,4,30,,,,2021,2024,2023,2024,2018,2019,,,,,,,,,,
903f0052,903f0052-2703-40de-9c43-b0f3a2f43fe2,451705,rosaa002,rosaral01,rosari001alb,7125,,,,,Q25684173,Rosario,Alberto,Alberto,,,,1987,1,10,,,,2006,2020,2016,2017,,,,,,,,,,,,
9052f895,9052f895-37b3-4bc6-ba86-d6787a53093d,656685,martb002,martibr01,martin003bre,17369,,,,,Q63303084,Martin,Brett,Brett Ryan,,,,1995,4,28,,,,2014,2022,2019,2022,,,,,,,,,,,,
90545b3f,90545b3f-ea55-4709-8953-4303fc78ec61,661395,duraj002,duranjh01,duran-000jho,21029,,,,,Q111112152,Durán,Jhoan,Jhoan Manuel,,Sanchez,,1998,1,8,,,,2015,2024,2022,2024,,,,,,,,,,,,
905a130e,905a130e-e77b-47fd-a1b8-9657be465096,450282,perkg001,perkigl01,perkin001gle,8041,,,,,Q3108695,Perkins,Glen,Glen Weston,,,,1983,3,2,,,,2004,2017,2006,2017,2003,2004,,,,,,,,,,
905d797d,905d797d-ca6f-4b02-855e-a3eebaa78996,465657,sorij001,soriajo01,soria-001joa,6941,,,,,Q947609,Soria,Joakim,Joakim Agustin,,Ramos,,1984,5,18,,,,2002,2021,2007,2021,,,,,,,,,,,,
905f884b,905f884b-bbf2-4572-bfbe-b375bc30c176,680776,duraj001,duranja01,duran-000jar,24617,,,,,Q105755584,Duran,Jarren,Jarren William,,,,1996,9,5,,,,2018,2024,2021,2024,2016,2018,,,,,,,,,,
90760216,90760216-6b85-482e-806c-f3fcc26b1e9d,687396,headb001,headrbr01,headri000bre,27702,,,,,,Headrick,Brent,Brent Wayne,,,,1997,12,17,,,,2019,2024,2023,2024,2017,2019,,,,,,,,,,
90a0e373,90a0e373-e472-4419-8332-35d780910596,635903,rowlc001,rowlech01,rowley000chr,18820,,,,,Q36562790,Rowley,Chris,Christopher Ryan,,,,1990,8,14,,,,2013,2019,2017,2018,2010,2013,,,,,,,,,,
90a68cd9,90a68cd9-17df-41ad-835a-fac7bde312b0,626929,thorl002,thorple01,thorpe000lew,15906,,,,,Q15917327,Thorpe,Lewis,Lewis James,,,,1995,11,23,,,,2012,2024,2019,2021,,,,,,,,,,,,
90b8d4c9,90b8d4c9-8faa-414a-b54e-894b35ef3e6b,448179,hillr001,hillri01,hill--002ric,4806,,,,,Q3430418,Hill,Rich,Richard Joseph,,,,1980,3,11,,,,2002,2024,2005,2024,2000,2002,,,,,,,,,,
90c834fe,90c834fe-0378-47d7-b4f8-d2323eb71235,431162,staut001,staufti01,stauff001tim,6432,,,,,Q3528696,Stauffer,Tim,Timothy James,,,,1982,6,2,,,,2004,2015,2005,2015,2001,2003,,,,,,,,,,
90d7643e,90d7643e-91fc-430e-b97f-24463f7f43b5,434672,smitc002,smithch08,smith-005chr,4544,,,,,Q5108106,Smith,Chris,Christopher Michael,,,,1981,4,9,,,,2002,2017,2008,2017,2000,2002,,,,,,,,,,
90dd4810,90dd4810-72b0-4af5-82f5-a9d546fde74a,657658,lee-b001,leebr01,lee---004bra,16839,,,,,Q50813334,Lee,Braxton,Braxton Russell,,,,1993,8,23,,,,2014,2023,2018,2018,2014,2014,,,,,,,,,,
90eac210,90eac210-bf60-43ad-9e01-18bbbcdf7d83,453895,ryanb002,ryanbr01,ryan--001bre,6073,,,,,Q2924438,Ryan,Brendan,Brendan Wood,,,,1982,3,26,,,,2003,2017,2007,2016,2001,2003,,,,,,,,,,
9105bda5,9105bda5-cc25-43e7-82d3-99ac381893d9,571681,fuenr001,fuentre01,fuente001rey,10329,,,,,Q7319517,Fuentes,Rey,Reymond Louis,,,,1991,2,12,,,,2009,2024,2013,2017,,,,,,,,,,,,
910abaf7,910abaf7-2dca-40e8-8160-fbf5bf394164,641755,kinlt001,kinlety01,kinley000tyl,18297,,,,,Q50807850,Kinley,Tyler,Tyler Harrison,,,,1991,1,31,,,,2013,2024,2018,2024,2012,2013,,,,,,,,,,
910d1ca4,910d1ca4-ce0f-4d87-9770-939b991e19d9,646240,dever001,deverra01,devers000raf,17350,,,,,Q17385826,Devers,Rafael,Rafael Calcano,,,,1996,10,24,,,,2014,2024,2017,2024,,,,,,,,,,,,
910ff6be,910ff6be-8fb7-4138-8e2f-8d459c07e116,676680,cosgt001,cosgrto01,cosgro000tom,23443,,,,,,Cosgrove,Tom,Thomas D.,,,,1996,6,14,,,,2017,2024,2023,2024,2015,2017,,,,,,,,,,
91358fbc,91358fbc-ee6a-4a15-b352-ef2d44c8c4bb,571057,garcf003,garcefr01,garces001fra,13144,33535134,,,,Q17564730,Garcés,Frank,Frank Yeury,,Perez,,1990,1,17,,,,2009,2024,2014,2015,,,,,,,,,,,,
913c86cb,913c86cb-b673-467e-8a47-4ad86612a55c,659275,lamed001,lametdi01,lamet-000din,17186,,,,,Q30068131,Lamet,Dinelson,Dinelson,,Hernandez,,1992,7,18,,,,2014,2024,2017,2024,,,,,,,,,,,,
915c2314,915c2314-7c6d-4e39-8863-c3489d0e06e4,450641,berrq001,berryqu01,berry-001qui,9414,,,,,Q585659,Berry,Quintin,Quintin Lonell,,,,1984,11,21,,,,2006,2018,2012,2017,2005,2006,,,,,,,,,,
91652aca,91652aca-9c17-434d-8bd7-5ab9295cf148,594795,daytg001,daytogr01,dayton001gra,11203,,,,,Q26132480,Dayton,Grant,Grant Arthur,,,,1987,11,25,,,,2010,2022,2016,2021,,,,,,,,,,,,
916596df,916596df-7597-4bf3-8118-7bafca93313d,489002,johns001,johnsst02,johnso006ste,4053,,,,,Q3498969,Johnson,Steve,Steven David,,,,1987,8,31,,,,2005,2018,2012,2016,,,,,,,,,,,,
91ae0e44,91ae0e44-4d86-49e4-9bce-0867d0cb154d,519421,wilka002,wilkian01,wilkin001and,11251,,,,,Q4761477,Wilkins,Andy,Andrew Robert,,,,1988,9,13,,,,2010,2019,2014,2016,2008,2010,,,,,,,,,,
91bba777,91bba777-37fa-4209-97d5-a4fb19cf4fba,493472,campe001,campber01,campbe003eri,6938,73575134,,,,Q16554203,Campbell,Eric,Eric Singleton,,,,1987,4,9,,,,2008,2021,2014,2021,,,,,,,,,,,,
920d5028,920d5028-ae1b-4399-a334-22325efa70df,407842,veraj001,verasjo01,veras-001jos,2063,,,,,Q3028957,Veras,José,José Enger,,Romero,,1980,10,20,,,,1998,2016,2006,2014,,,,,,,,,,,,
9213f4a4,9213f4a4-3f5e-4d8f-82fc-9b691b9693c2,520980,baezp001,baezpe01,baez--002ped,5420,,,,,Q6068373,Báez,Pedro,Pedro Alberys,,De La Cruz,,1988,3,11,,,,2007,2022,2014,2022,,,,,,,,,,,,
92525a9c,92525a9c-b157-446c-b717-33be4cfe0dd8,592464,kickm001,kickhmi01,kickha001mic,11618,,,,,Q13454434,Kickham,Mike,Michael Joseph,,,,1988,12,12,,,,2010,2024,2013,2021,2010,2010,,,,,,,,,,
9274855a,9274855a-8fc7-49a1-8d98-d814d9e2bbc9,666154,kaufk001,kauffka01,kauffm002kar,27488,,,,,,Kauffmann,Karl,Karl John,,,,1997,8,15,,,,2021,2024,2023,2023,2017,2019,,,,,,,,,,
92840651,92840651-9739-4f9f-bd7b-6baf5f4af1cc,545346,lee-z001,leeza01,lee---001zac,11468,,,,,Q16233961,Lee,Zach,Zachary Stephen,,,,1991,9,13,,,,2011,2022,2015,2017,,,,,,,,,,,,
928522bc,928522bc-4cfa-4840-a92e-3bb61c6f8823,448296,lucae001,lucased01,lucas-001edw,7532,,,,,Q15221059,Lucas,Ed,Edward Lee,,,,1982,5,21,,,,2004,2016,2013,2014,2002,2004,,,,,,,,,,
929dee89,929dee89-a171-4cd4-a690-094fae02d1fc,493159,wadat001,wadats01,wada--001tsu,13046,11815117,,,,Q1194230,Wada,Tsuyoshi,Tsuyoshi,,,Dr. K,1981,2,21,,,,2003,2024,2014,2015,,,,,,,,,,,,
92a05070,92a05070-f842-4786-8c7d-b1d29fbab14e,622088,antot001,antonte01,antone000tej,16233,,,,,Q98004992,Antone,Tejay,Tejay Anthony,,,,1993,12,5,,,,2014,2024,2020,2024,2013,2013,,,,,,,,,,
92a05b76,92a05b76-5413-4354-a439-9cc960a3fdd1,596129,voged001,vogelda01,vogelb000dan,14130,,,,,Q16235137,Vogelbach,Dan,Daniel Taylor,,,,1992,12,17,,,,2011,2024,2016,2024,,,,,,,,,,,,
92c172c7,92c172c7-4784-4b99-8db8-7708ccce84ba,664192,luccj001,lucchjo01,lucche000joe,19320,,,,,Q29647955,Lucchesi,Joey,Joseph George,,,,1993,6,6,,,,2016,2024,2018,2024,2015,2016,,,,,,,,,,
92c8f2fd,92c8f2fd-2d65-4472-ae68-7bfb9134a3ea,504083,rondj001,rondojo01,rondon001jor,5791,93995134,,,,Q6278584,Rondon,Jorge,Jorge Leonardo,,,,1988,2,16,,,,2006,2024,2014,2016,,,,,,,,,,,,
92da4db8,92da4db8-174f-4238-ab4e-d2169a0d9f90,674944,guens001,guentse01,guenth000sea,20045,,,,,Q107936592,Guenther,Sean,Sean McManus,,,,1995,12,29,,,,2017,2024,2021,2024,2015,2017,,,,,,,,,,
92ecb68a,92ecb68a-1f9b-481e-a077-0750dfe97ff1,506702,leons001,leonsa01,leon--001san,5273,,,,,Q2364289,León,Sandy,Sandy David,,Balan,,1989,3,13,,,,2007,2024,2012,2023,,,,,,,,,,,,
92f8e737,92f8e737-7a57-47d6-a558-f57de965d08a,502171,cobba001,cobbal01,cobb--001ale,6562,,,,,Q2832919,Cobb,Alex,Alexander Miller,,,,1987,10,7,,,,2006,2024,2011,2024,,,,,,,,,,,,
933cab6b,933cab6b-3aac-48ac-9ae0-9d5e1f36752a,605374,mckia001,mckiran01,mckira000and,12870,,,,,Q19801573,McKirahan,Andrew,Andrew David,,,,1990,2,8,,,,2011,2017,2015,2015,2009,2011,,,,,,,,,,
9348f3a9,9348f3a9-d2e0-4ac8-9e8e-afd9310b5945,542924,belij001,belivje01,belive001jef,8504,,,,,Q3176426,Beliveau,Jeff,Jeffrey Ryan,,,,1987,1,17,,,,2008,2018,2012,2018,2006,2008,,,,,,,,,,
937b547c,937b547c-b721-4e23-b727-84ffa3201c7d,605233,fishd001,fishede01,fisher001der,16192,,,,,Q17037398,Fisher,Derek,Derek Joseph,,,,1993,8,21,,,,2014,2022,2017,2021,2012,2014,,,,,,,,,,
938bb13a,938bb13a-a31d-402b-9a27-e34dc3f0cb60,407489,overl001,overbly01,overba001lyl,1617,,,,,Q3269437,Overbay,Lyle,Lyle Stefan,,,,1977,1,28,,,,1999,2014,2001,2014,1996,1999,,,,,,,,,,
93c69aad,93c69aad-085b-4aac-874f-1b15bdc1b434,806185,birdh001,birdsha01,birdso000hay,31635,,,,,,Birdsong,Hayden,Hayden,,,,2001,8,30,,,,2022,2024,2024,2024,2021,2022,,,,,,,,,,
93df872d,93df872d-2017-4e79-b853-4f0da72faee5,547989,abrej003,abreujo02,abreu-009jos,15676,,,,,Q9013791,Abreu,José,José Dariel,,Correa,,1987,1,29,,,,2003,2024,2014,2024,,,,,,,,,,,,
93e583ae,93e583ae-565f-40c2-8f57-43777a630ff3,430948,calla001,callaal01,callas001alb,3336,,,,,Q2747265,Callaspo,Alberto,Alberto Jose,,,,1983,4,19,,,,2002,2022,2006,2015,,,,,,,,,,,,
94144588,94144588-d718-49e0-91b3-df98df9fbdf1,502110,martj006,martijd02,martin005jul,6184,,,,,Q3156794,Martinez,J. D.,Julio Daniel,,,,1987,8,21,,,,2009,2024,2011,2024,2007,2009,,,,,,,,,,
9414c99b,9414c99b-f55b-47fe-ae27-5686d6c06d85,676646,reksz001,reksza01,reks--000zac,19667,,,,,Q107315835,Reks,Zach,Zach Joseph,,,,1993,11,12,,,,2017,2024,2021,2022,2013,2017,,,,,,,,,,
941d607b,941d607b-f824-46a3-8828-a8217e8fe407,669289,espis001,espinsa01,espina000san,19997,,,,,Q97666347,Espinal,Santiago,Santiago Roman,,Sanchez,,1994,11,13,,,,2016,2024,2020,2024,,,,,,,,,,,,
943631a1,943631a1-cb38-46de-a56a-088cc017b245,493133,kuroh001,kurodhi01,kuroda001hir,3283,21523884,,,,Q1329206,Kuroda,Hiroki,Hiroki,,,,1975,2,10,,,,1997,2016,2008,2014,,,,,,,,,,,,
945a5fcd,945a5fcd-3b15-4f8a-a5e3-4791b85b9ce3,455126,nelsc001,nelsoch01,nelson003chr,8175,,,,,Q2964821,Nelson,Chris,Christopher Lars,,,,1985,9,3,,,,2004,2017,2010,2014,,,,,,,,,,,,
946482b2,946482b2-6d9e-4187-956f-202b10f3afe0,677223,larsj001,larseja01,larsen000jac,20510,,,,,,Larsen,Jack,Jack Harter,,,,1995,1,13,,,,2017,2023,2022,2022,2014,2017,,,,,,,,,,
948eaa2c,948eaa2c-919d-4ea9-9687-b18141086396,571035,cuevw001,cuevawi01,cuevas001wil,13331,,,,,Q23897552,Cuevas,William,William Enrique,,Osorio,,1990,10,14,,,,2009,2024,2016,2018,,,,,,,,,,,,
94930688,94930688-d7ed-4809-b639-5020afd06d87,605338,lindj005,lindgja01,lindgr000jac,16215,,,,,Q17183142,Lindgren,Jacob,Jacob Stephen,,,,1993,3,12,,,,2014,2022,2015,2015,2012,2014,,,,,,,,,,
94d73de0,94d73de0-ce9b-41dc-9467-ea3fcdd1282b,622491,castl003,castilu02,castil013lui,15689,,,,,Q30597824,Castillo,Luis,Luis Miguel,,,,1992,12,12,,,,2012,2024,2017,2024,,,,,,,,,,,,
94e40c01,94e40c01-2f6b-4d98-a071-c7925413de4c,446381,barnd001,barneda01,barney001dar,2430,,,,,Q2645997,Barney,Darwin,Darwin James Kunane,,,,1985,11,8,,,,2007,2017,2010,2017,2005,2007,,,,,,,,,,
94ed96a5,94ed96a5-c99e-4d14-8bd2-dccfa0993d7d,640492,azocj001,azocajo01,azocar000jos,18821,,,,,Q101136380,Azocar,José,José Enrique,,Perez,,1996,5,11,,,,2013,2024,2022,2024,,,,,,,,,,,,
9520bd9a,9520bd9a-6f78-432a-9280-f0301b9e9486,687462,horws001,horwisp01,horwit000spe,26477,,,,,,Horwitz,Spencer,Spencer Elliott,,,,1997,11,14,,,,2019,2024,2023,2024,2017,2019,,,,,,,,,,
953602ee,953602ee-f6b5-4286-acad-1c4ca14787a1,647336,sorom001,sorokmi01,soroka000mic,18383,,,,,Q20745108,Soroka,Michael,Michael John Graydon,,,,1997,8,4,,,,2015,2024,2018,2024,,,,,,,,,,,,
9537b4f5,9537b4f5-2ffd-4757-af77-1642de93dfe4,665650,fox-l001,foxlu01,fox---000luc,18899,,,,,Q109852861,Fox,Lucius,Lucius Kadeem,,Cox,,1997,7,2,,,,2016,2023,2022,2022,,,,,,,,,,,,
95469265,95469265-6eec-4d15-b38a-4b587d402e1f,664875,lawrj002,lawreju01,lawren000jus,17639,,,,,Q106656485,Lawrence,Justin,Justin Anthony,,,,1994,11,25,,,,2015,2024,2021,2024,2014,2014,,,,,,,,,,
95534d56,95534d56-f21a-41db-b3b6-84329833c711,669459,nelsk001,nelsoky01,nelson000kyl,20515,,,,,,Nelson,Kyle,Kyle Bartlett,,,,1996,7,8,,,,2017,2024,2020,2024,2015,2017,,,,,,,,,,
955af95f,955af95f-0990-48cf-bdc8-341b9291e590,493200,oh--s001,ohse01,oh----000seu,18719,51855139,,,,Q487688,Oh,Seunghwan,Seunghwan,,,,1982,7,15,,,,2005,2024,2016,2019,,,,,,,,,,,,
956d796e,956d796e-3ef1-40ae-b401-bc624f7efa35,680777,jeffr002,jeffery01,jeffer000rya,24618,,,,,Q98556520,Jeffers,Ryan,Ryan Michael,,,,1997,6,3,,,,2018,2024,2020,2024,2016,2018,,,,,,,,,,
95701e32,95701e32-9cea-4996-9f34-7ef17682e8ee,668338,millt003,millety01,miller000tys,19976,,,,,,Miller,Tyson,Tyson Marcus,,,,1995,7,29,,,,2016,2024,2020,2024,2014,2016,,,,,,,,,,
9570a033,9570a033-7b52-4fe4-bb58-7c682d48dfb0,646242,diazj007,diazjh01,diaz--002jho,20298,,,,,Q108578446,Díaz,Jhonathan,Jhonathan Alexander,,Ponce,,1996,9,13,,,,2014,2024,2021,2024,,,,,,,,,,,,
9585fee7,9585fee7-5d9f-4db9-a8dc-cb82785c2ba5,234194,carlb001,carlybu01,carlyl001ear,2010,21625113,,,,Q2927524,Carlyle,Buddy,Earl Lester,,,,1977,12,21,,,,1996,2015,1999,2015,,,,,,,,,,,,
9595d688,9595d688-8efa-4a3f-a369-5bc24176e1dd,474494,fielt001,fieldth01,field-003tho,6262,,,,,Q3525116,Field,Thomas,Thomas Samuel,,,,1987,2,22,,,,2008,2017,2011,2015,2006,2008,,,,,,,,,,
95a5c06f,95a5c06f-eab4-4820-9ee0-8de28312502e,641490,crock001,crockky01,crocke000kyl,15033,,,,,Q16233732,Crockett,Kyle,Kyle Richard,,,,1991,12,15,,,,2013,2020,2014,2018,2011,2013,,,,,,,,,,
95b86cc1,95b86cc1-9044-4049-b65a-a64097cae1f2,669261,suwij001,suwinja01,suwins000jac,22244,,,,,Q110231233,Suwinski,Jack,Jack William,,,,1998,7,29,,,,2016,2024,2022,2024,,,,,,,,,,,,
95c1bfe2,95c1bfe2-9014-4617-80f2-0e1c148ad6a8,641470,collz001,colliza01,collin002zac,19181,,,,,Q24007843,Collins,Zack,Zachary Allen,,,,1995,2,6,,,,2016,2023,2019,2023,2014,2016,,,,,,,,,,
95c7d2bd,95c7d2bd-5185-4f67-b562-99acb26b8fcd,664042,lakit001,lakintr01,lakins000tra,18600,,,,,Q63306699,Lakins,Travis,Travis Clay,,,,1994,6,29,,,,2015,2024,2019,2022,2014,2015,,,,,,,,,,
95cae16c,95cae16c-838e-48a3-879e-73da1775cea2,453562,arrij001,arrieja01,arriet001jak,4153,,,,,Q3047116,Arrieta,Jake,Jacob Joseph,,,,1986,3,6,,,,2007,2021,2010,2021,2006,2007,,,,,,,,,,
95cc274e,95cc274e-e0a7-43f2-9052-341923583901,606162,ramiy001,ramirye01,ramire000yef,15655,,,,,Q30051700,Ramírez,Yefry,Yefry,,Alcala,,1993,11,28,,,,2011,2024,2018,2021,,,,,,,,,,,,
95ec23d9,95ec23d9-366d-4c12-a758-195490afe50d,543589,nieta001,nietoad01,nieto-001adr,10294,,,,,Q16232815,Nieto,Adrián,Adrián,,,,1989,11,12,,,,2008,2019,2014,2014,,,,,,,,,,,,
96119cc4,96119cc4-a4cc-46c1-b9c2-ea6203917561,570663,roblh001,robleha01,robles001han,11801,,,,,Q7002287,Robles,Hansel,Hansel Manuel,,Sanchez,,1990,8,13,,,,2009,2023,2015,2022,,,,,,,,,,,,
9617c075,9617c075-5278-4ca0-818c-63f90df8adf8,643410,leitm002,leitema02,leiter002mar,15551,,,,,Q29474580,Leiter,Mark,Mark Edward,Jr.,,,1991,3,13,,,,2013,2024,2017,2024,2010,2013,,,,,,,,,,
961b4f7c,961b4f7c-0f04-42a7-a668-0b6fb8f1c025,641680,heimj001,heimjo01,heim--000jon,16930,,,,,Q98685940,Heim,Jonah,Jonah Nathan,,,,1995,6,27,,,,2013,2024,2020,2024,,,,,,,,,,,,
96222d10,96222d10-660f-4fa0-9c52-4035ca092481,642657,oganc001,ogandcr01,ogando002cri,20667,,,,,Q112875316,Ogando,Cristofer,Cristofer Jesus,,Poche,,1993,10,23,,,,2013,2024,2022,2022,,,,,,,,,,,,
963b540a,963b540a-2390-4df5-8e3b-689913274bf5,676761,lopei001,lopezir01,lopez-000irv,20463,,,,,,Lopez,Irving,Irving,,Garcia,,1995,6,30,,,,2017,2024,2023,2023,2016,2017,,,,,,,,,,
9640917a,9640917a-c52a-4900-a678-352572c163af,669395,coled003,colemdy01,colema000dyl,22276,,,,,Q108653466,Coleman,Dylan,Dylan David,,,,1996,9,16,,,,2018,2024,2021,2024,2016,2018,,,,,,,,,,
9673911b,9673911b-9b91-42f3-b814-f88928f372a6,650671,quijj001,quijajo01,quijad000jos,19200,,,,,Q64982989,Quijada,José,José Gregorio,,Perez,,1995,11,9,,,,2014,2024,2019,2024,,,,,,,,,,,,
969737fb,969737fb-4676-444f-8480-94a72f89d356,592663,realj001,realmjt01,realmu001jac,11739,,,,,Q17108271,Realmuto,J. T.,Jacob Tyler,,,,1991,3,18,,,,2010,2024,2014,2024,,,,,,,,,,,,
969988d7,969988d7-6263-43c5-a4f3-c48109e5ea7e,468504,chacj001,chacijh01,chacin001jho,2608,,,,,Q926766,Chacín,Jhoulys,Jhoulys Jose,,Molina,,1988,1,7,,,,2006,2024,2009,2022,,,,,,,,,,,,
96ba8ad4,96ba8ad4-61ea-49e4-9033-aa6a62660613,430592,ceder002,cedenro02,cedeno001ron,2179,,,,,Q3063164,Cedeño,Ronny,Ronny Alexander,,Salazar,,1983,2,2,,,,2001,2021,2005,2014,,,,,,,,,,,,
96db7afa,96db7afa-5aa5-4f00-8228-cc285e49add2,623395,ellib001,ellinbr02,elling000bri,17233,,,,,Q20656895,Ellington,Brian,Brian Michael,,,,1990,8,4,,,,2012,2021,2015,2017,2012,2012,,,,,,,,,,
96effab9,96effab9-b23e-4e71-904a-6e2456b01b37,429713,sizeg001,sizemgr01,sizemo001gra,2197,,,,,Q1188474,Sizemore,Grady,Grady,,,,1982,8,2,,,,2000,2015,2004,2015,,,,,,,,,,,,
97062d7b,97062d7b-78f7-4d80-9e33-d884b5b0ca5b,595345,okers001,okertst01,okert-001ste,13580,,,,,Q18385536,Okert,Steven,Steven Chandler,,,,1991,7,9,,,,2012,2024,2016,2024,2012,2012,,,,,,,,,,
97103942,97103942-4ebe-4d2f-aaab-9f388c6689ca,534910,hahnj001,hahnje01,hahn--001jes,13287,,,,,Q17275486,Hahn,Jesse,Jesse Allen,,,,1989,7,30,,,,2012,2024,2014,2021,2008,2010,,,,,,,,,,
9712acd3,9712acd3-c9c6-4eea-85d3-a5376ce85f06,435064,wilsb002,wilsobo02,wilson014rob,6564,,,,,Q2908020,Wilson,Bobby,Robert Louis,,,,1983,4,8,,,,2003,2019,2008,2019,2002,2003,,,,,,,,,,
972e9d50,972e9d50-605a-45f4-bd43-1826ac543bbe,607067,rea-c001,reaco01,rea---000col,12317,53955153,,,,Q20817015,Rea,Colin,Colin David,,,,1990,7,1,,,,2011,2024,2015,2024,2011,2011,,,,,,,,,,
97401783,97401783-a049-440d-ac42-087ea4988643,666142,ragac001,raganco01,ragans000col,21846,,,,,Q24572705,Ragans,Cole,Cole Gatlin,,,,1997,12,12,,,,2016,2024,2022,2024,,,,,,,,,,,,
9741e0e3,9741e0e3-b911-4991-8d79-39c9c5550179,686654,adcot001,adcocty01,adcock000ty-,25651,,,,,,Adcock,Ty,Tyler Nathan McKenzie,,,,1997,2,7,,,,2022,2024,2023,2024,2017,2019,,,,,,,,,,
9751d980,9751d980-6bc3-4c8f-be27-ce90f313a2f3,621199,bowmm001,bowmama01,bowman002mat,13528,,,,,Q23825720,Bowman,Matthew,Matthew Chou,,,,1991,5,31,,,,2012,2024,2016,2024,2010,2012,,,,,,,,,,
97740c10,97740c10-5187-413c-a330-709f05800796,628338,hereg002,heredgu01,heredi001gui,18721,,,,,Q11298097,Heredia,Guillermo,Guillermo,,Molina,,1991,1,31,,,,2009,2024,2016,2022,,,,,,,,,,,,
97930a9e,97930a9e-e053-4e41-b8bb-931029fbabb6,444836,laffa001,laffeaa01,laffey001aar,6248,,,,,Q546423,Laffey,Aaron,Aaron Steven,,,,1985,4,15,,,,2003,2018,2007,2015,,,,,,,,,,,,
97b700c0,97b700c0-6625-43d7-b821-edb00b6d7f51,435221,mccab001,mccarbr01,mccart001bra,4662,,,,,Q1047693,McCarthy,Brandon,Brandon Patrick,,,,1983,7,7,,,,2002,2018,2005,2018,2002,2002,,,,,,,,,,
97b9de70,97b9de70-55b2-4eee-b441-374e4d7b30df,117244,konep001,konerpa01,konerk001pau,242,,,,,Q685623,Konerko,Paul,Paul Henry,,,,1976,3,5,,,,1994,2014,1997,2014,,,,,,,,,,,,
97da5284,97da5284-0444-4a72-ba7a-7622cec05e60,430947,aybae001,aybarer01,aybar-001eri,4082,,,,,Q1133490,Aybar,Erick,Erick Johan,,,,1984,1,14,,,,2002,2022,2006,2017,,,,,,,,,,,,
97ef61ed,97ef61ed-0bf6-48c1-9564-62550b50466d,502190,leakm001,leakemi01,leake-001mik,10130,,,,,Q3313411,Leake,Mike,Michael Raymond,,,,1987,11,12,,,,2009,2019,2010,2019,2007,2009,,,,,,,,,,
97f2fd49,97f2fd49-d67d-41e5-8f33-a17a5b1daa0f,596101,shafj001,shafeju01,shafer000jus,16132,,,,,Q56222119,Shafer,Justin,Justin Healy,,,,1992,9,18,,,,2014,2021,2018,2020,2012,2014,,,,,,,,,,
97f3af28,97f3af28-2ee7-41c8-8cd1-0f19b3ec5113,519333,szczm001,szczuma01,szczur001mat,11255,,,,,Q6789407,Szczur,Matt,Matthew,,,,1989,7,20,,,,2010,2021,2014,2018,,,,,,,,,,,,
97f5e7a9,97f5e7a9-3875-41e7-b0e5-9975f03b7bf4,664045,eshet001,eshelto01,eshelm000tho,18361,,,,,Q104903447,Eshelman,Thomas,Thomas Darwin,,,,1994,6,20,,,,2015,2022,2019,2021,2013,2015,,,,,,,,,,
97fdfdca,97fdfdca-d9c6-4c20-b55e-2502540b033f,656821,padlk001,padloke01,padlo-000kev,16593,,,,,Q106410550,Padlo,Kevin,Kevin Michael,,,,1996,7,15,,,,2014,2024,2021,2023,,,,,,,,,,,,
98179b77,98179b77-30e9-4693-bc40-55dea08652af,656849,peted003,peterda01,peters009dav,20302,,,,,,Peterson,David,David John,,,,1995,9,3,,,,2017,2024,2020,2024,2015,2017,,,,,,,,,,
981f7bd8,981f7bd8-ebd3-4450-b4bf-501ca0870b4a,667727,walks001,walkest01,walker005ste,22093,,,,,,Walker,Steele,Steele Simons,,,,1996,7,30,,,,2018,2023,2022,2022,2016,2018,,,,,,,,,,
9820bad7,9820bad7-314f-4ebc-9eee-7f29a147b7d0,571927,matzs001,matzst01,matz--001ste,13361,,,,,Q16610494,Matz,Steven,Steven Jakob,,,,1991,5,29,,,,2012,2024,2015,2024,,,,,,,,,,,,
98252b93,98252b93-796c-41b4-9b8c-dee30d5d31d4,666176,adelj001,adelljo01,adell-000jo-,20220,,,,,Q28967786,Adell,Jo,Jordon Scott,,,,1999,4,8,,,,2017,2024,2020,2024,,,,,,,,,,,,
984393c9,984393c9-083b-44c9-9b22-ebc68b5c79c2,677594,rodrj007,rodriju01,rodrig013jul,23697,,,,,,Rodríguez,Julio,Julio Yamel,,Reyes,,2000,12,29,,,,2018,2024,2022,2024,,,,,,,,,,,,
984d9cbf,984d9cbf-8c7f-4c64-b72e-25b0e8f6e514,594576,may-j001,mayja02,may---002---,14876,,,,,Q26736170,May,Jacob,Jacob Alexander,,,,1992,1,23,,,,2013,2018,2017,2017,2011,2013,,,,,,,,,,
98527e8c,98527e8c-83c7-48c3-a675-5bef5524bdfa,680757,kwans001,kwanst01,kwan--000ste,24610,,,,,Q111511839,Kwan,Steven,Steven Robert,,,,1997,9,5,,,,2018,2024,2022,2024,2016,2018,,,,,,,,,,
98703734,98703734-e64e-4b82-bdba-994930470f30,677976,dobnr001,dobnara01,dobnak000ran,23798,,,,,Q66309991,Dobnak,Randy,Randy Travis William,,,,1995,1,17,,,,2017,2024,2019,2024,2014,2017,,,,,,,,,,
98715073,98715073-5294-4721-b957-593c8b48e3a6,606019,quire001,quiroes01,quiroz000est,19780,,,,,,Quiroz,Esteban,Jesus Esteban,,Ortiz,,1992,2,17,,,,2011,2024,2022,2022,,,,,,,,,,,,
988c67a3,988c67a3-6417-49f9-9022-94b561d4c58a,547176,camad001,camarda01,camare000dan,14467,,,,,Q65088256,Camarena,Dan,Daniel Ricardo,,,,1992,11,9,,,,2012,2024,2021,2021,,,,,,,,,,,,
988cf862,988cf862-b29a-4207-a6ff-6743e16793c8,518774,harvm001,harvema01,harvey001mat,11713,,,,,Q3299470,Harvey,Matt,Matthew Edward,,,,1989,3,27,,,,2011,2022,2012,2021,2008,2010,,,,,,,,,,
98b629aa,98b629aa-5461-4b45-a808-39f00819af27,572821,dozib001,doziebr01,dozier001bri,9810,,,,,Q2924886,Dozier,Brian,James Brian,,,,1987,5,15,,,,2009,2020,2012,2020,2006,2009,,,,,,,,,,
98dd92b7,98dd92b7-c8dd-4180-82c8-7db8139f0297,594311,gustj001,gustaja01,gustav001jan,14665,,,,,Q18701257,Gustave,Jandel,Jandel Francisco,,,,1992,10,12,,,,2010,2023,2016,2022,,,,,,,,,,,,
98f9b408,98f9b408-9ff2-4fd0-992a-6eb9e149bd13,518693,frees001,freemsa01,freema001sam,6832,,,,,Q3470488,Freeman,Sam,Samuel Douglas,,,,1987,6,24,,,,2008,2023,2012,2020,2008,2008,,,,,,,,,,
98fe06d6,98fe06d6-27a8-43f4-ade5-af71ac06a37f,543155,fifes001,fifest01,fife--001ste,8077,73075134,,,,Q3498545,Fife,Stephen,Stephen Joseph,,,,1986,10,4,,,,2008,2018,2012,2014,2007,2008,,,,,,,,,,
990384cb,990384cb-0248-4e17-9212-157b944be56a,545350,marij002,marisja01,marisn001jac,11339,,,,,Q14327265,Marisnick,Jake,Jacob Shawn,,,,1991,3,30,,,,2010,2024,2013,2023,,,,,,,,,,,,
990563c1,990563c1-7127-467a-81a2-acabc1d4dd57,571882,law-d001,lawde01,law---001der,13133,,,,,Q16233330,Law,Derek,Derek Robert,,,,1990,9,14,,,,2011,2024,2016,2024,,,,,,,,,,,,
991bd385,991bd385-84ae-4d0c-877a-3acdc46d4416,458675,rasmc001,rasmuco01,rasmus001col,9893,,,,,Q2982374,Rasmus,Colby,Colby Ryan,,,,1986,8,11,,,,2005,2018,2009,2018,,,,,,,,,,,,
991e26af,991e26af-6171-47d4-9ce7-0ace76937410,664913,brows003,brownse01,brown-002set,18171,,,,,Q66762443,Brown,Seth,Seth William,,,,1992,7,13,,,,2015,2024,2019,2024,,,,,,,,,,,,
9922ad1c,9922ad1c-36bf-4b50-b264-84ba17910008,607237,garra001,garream01,garret000ami,14375,,,,,Q16227116,Garrett,Amir,Amir Jamal,,,,1992,5,3,,,,2012,2024,2017,2024,,,,,,,,,,,,
99392937,99392937-269d-4d8b-9c8b-58e4bf41840c,664056,badeh001,baderha01,bader-000har,18030,,,,,Q20090195,Bader,Harrison,Harrison Joseph,,,,1994,6,3,,,,2015,2024,2017,2024,2013,2015,,,,,,,,,,
9952f894,9952f894-9686-4e1d-9f5b-49e972eda7d7,407853,bedae001,bedarer01,bedard001eri,126,,,,,Q3106829,Bédard,Érik,Érik Joseph,,,,1979,3,5,,,,1999,2015,2002,2014,1998,1999,,,,,,,,,,
9965488b,9965488b-6526-4aff-bf89-6e17c52aad10,489294,schet001,schepta01,schepp001tan,10267,93595136,,,,Q3515235,Scheppers,Tanner,Tanner Ross,,,,1987,1,17,,,,2009,2019,2012,2017,2006,2008,,,,,,,,,,
9967c5fe,9967c5fe-bb37-40b3-ae3d-562857aac3e7,592120,astib001,astinba01,astin-000bar,14812,,,,,Q29167524,Astin,Barrett,Barrett,,,,1991,10,22,,,,2013,2018,2017,2017,2011,2013,,,,,,,,,,
996b6d36,996b6d36-429c-41c1-8e5c-59d19c77a24b,621389,blact002,blachty01,blach-000ty-,14361,,,,,Q26775147,Blach,Ty,Tyson Michael,,,,1990,10,20,,,,2013,2024,2016,2024,2010,2012,,,,,,,,,,
996f2f46,996f2f46-7b07-4ded-aada-89767bbdcb1d,452678,cabra002,cabreas01,cabrer001asd,4962,,,,,Q1074704,Cabrera,Asdrúbal,Asdrúbal Jose,,,,1985,11,13,,,,2004,2023,2007,2021,,,,,,,,,,,,
997b82d4,997b82d4-8792-4765-8a86-9f50731e03c5,453156,browb005,brownbr02,brown-001bro,5679,,,,,Q17329318,Brown,Brooks,Brooks Steven,,,,1985,6,20,,,,2006,2015,2014,2015,,,,,,,,,,,,
99837e34,99837e34-1a08-4beb-9c80-580777ceecdf,664761,bohma001,bohmal01,bohm--000ale,21618,,,,,Q51555689,Bohm,Alec,Alec Daniel,,,,1996,8,3,,,,2018,2024,2020,2024,2016,2018,,,,,,,,,,
999ce7ea,999ce7ea-8b9c-4f6c-8d48-018f1962bc8b,669622,benda001,bendean01,bender000ant,19742,,,,,Q106705008,Bender,Anthony,Anthony Wayne,,,,1995,2,3,,,,2016,2024,2021,2024,,,,,,,,,,,,
999de146,999de146-59aa-402c-9ee2-9658c1e347c6,543391,kellc001,kellyca01,kelly-001cas,9174,,,,,Q2940988,Kelly,Casey,Casey Patrick,,,,1989,10,4,,,,2008,2024,2012,2024,,,,,,,,,,,,
99a4bac3,99a4bac3-3413-4082-89b4-b4b80df52f04,691023,walkj003,walkejo02,walker000jor,27475,,,,,,Walker,Jordan,Jordan Alexander,,,,2002,5,22,,,,2021,2024,2023,2024,,,,,,,,,,,,
99aeda5f,99aeda5f-ee80-48d2-b8f6-d88621a85a38,461848,millj005,milleji02,miller015jam,7458,,,,,Q3080038,Miller,Jim,James Matthew,,,,1982,4,28,,,,2004,2016,2008,2014,2001,2004,,,,,,,,,,
99c490f1,99c490f1-ff18-4edb-9813-a60d6ee8018f,687263,netoz001,netoza01,neto--000zac,31347,,,,,,Neto,Zach,Zachary Adam,,,,2001,1,31,,,,2022,2024,2023,2024,2020,2022,,,,,,,,,,
99caa214,99caa214-de2b-41b5-8604-efc042b0f144,663366,burrb002,burrobe01,burrow000bea,18873,,,,,Q98004726,Burrows,Beau,Beau Van,,,,1996,9,18,,,,2015,2024,2020,2021,,,,,,,,,,,,
99d0d75b,99d0d75b-56be-409c-99f4-73ff02881cd2,502272,fienc001,fienca01,fien--001cas,3926,,,,,Q2940977,Fien,Casey,Casey Michael,,,,1983,10,21,,,,2006,2017,2009,2017,2005,2006,,,,,,,,,,
99d1d2cf,99d1d2cf-715f-408b-9023-12192aefab14,595943,evanp001,evansph01,evans-002phi,12950,,,,,Q39425981,Evans,Phillip,Phillip Mathew,,,,1992,9,10,,,,2011,2024,2017,2021,,,,,,,,,,,,
99f49e08,99f49e08-0451-4f7c-b36f-253d8d97d688,643230,braus002,braulst01,brault000ste,15291,,,,,Q25683009,Brault,Steven,Steven Joseph,,,,1992,4,29,,,,2013,2023,2016,2022,2011,2013,,,,,,,,,,
9a02967e,9a02967e-0845-4197-91f0-0c22e606d736,673633,hiray001,hiranyo01,hirano001yos,19756,81285112,,,,Q8056072,Hirano,Yoshihisa,Yoshihisa,,,,1984,3,8,,,,2006,2024,2018,2020,,,,,,,,,,,,
9a1cce2c,9a1cce2c-0ccd-46f9-8d26-3385fd7d2bf9,687765,spenm001,spencmi01,spence000mit,27707,,,,,,Spence,Mitch,Mitch Perry,,,,1998,5,6,,,,2019,2024,2024,2024,2017,2019,,,,,,,,,,
9a540102,9a540102-914d-4f1c-aee5-698ccef72798,452733,gorzt001,gorzeto01,gorzel001tho,6244,,,,,Q741913,Gorzelanny,Tom,Thomas Stephen,,,,1982,7,12,,,,2003,2017,2005,2016,2002,2003,,,,,,,,,,
9a8ae495,9a8ae495-0fee-43bf-927c-d146de2390e2,640454,kroom002,krookma01,krook-000mat,19315,,,,,,Krook,Matt,Matthew Edward,,,,1994,10,21,,,,2016,2024,2023,2024,2014,2016,,,,,,,,,,
9a9ffc0e,9a9ffc0e-4189-43c0-8ee0-ad2af39c55ae,642048,sauct001,sauceta01,sauced000tay,17888,,,,,Q107208635,Saucedo,Tayler,Tayler Andrew,,,,1993,6,18,,,,2015,2024,2021,2024,,,,,,,,,,,,
9aa8eb75,9aa8eb75-de25-4bd7-a0ab-712edb6884f1,518567,collj001,collmjo01,collme001jos,7312,,,,,Q3185957,Collmenter,Josh,Joshua Michael,,,,1986,2,7,,,,2007,2019,2011,2017,2005,2007,,,,,,,,,,
9aab407e,9aab407e-2972-47c2-a963-ad948f8fd9e7,572362,erlir001,erlinro01,erlin-001rob,10354,93595153,,,,Q13302128,Erlin,Robbie,Robert Joseph,,,,1990,10,8,,,,2009,2023,2013,2022,,,,,,,,,,,,
9ab9ab30,9ab9ab30-88e3-416e-922c-4f09f3dc7856,543629,pastt001,pastoty01,pastor001tyl,6777,,,,,Q3546030,Pastornicky,Tyler,Tyler Brock,,,,1989,12,13,,,,2008,2015,2012,2014,,,,,,,,,,,,
9ad51ee7,9ad51ee7-13aa-47cf-a0b3-2bd218d96d93,641343,bauej001,bauerja01,bauers000jak,15194,,,,,Q18684647,Bauers,Jake,Jakob Christopher,,,,1995,10,6,,,,2013,2024,2018,2024,,,,,,,,,,,,
9adcdf2a,9adcdf2a-82e6-466d-8e0f-dcd1e6845b0a,465668,bernr001,bernaro01,bernad001rog,6421,,,,,Q2219401,Bernadina,Roger,Rogearvin Argelo,,,The Shark,1984,6,12,,,,2002,2024,2008,2014,,,,,,,,,,,,
9b072369,9b072369-30ae-4e68-bdef-dde61b894634,656484,grayt001,graytr01,gray--000tri,19877,,,,,,Gray,Tristan,Tristan Colby,,,,1996,3,22,,,,2017,2024,2023,2024,2015,2017,,,,,,,,,,
9b0770f3,9b0770f3-9aa9-4e1f-970f-f24b0da3890d,664918,kellk003,kelleky01,keller000kyl,18890,73975155,,,,Q66187674,Keller,Kyle,Kyle Robert,,,,1993,4,28,,,,2015,2024,2019,2021,2012,2015,,,,,,,,,,
9b2afdb2,9b2afdb2-2880-40e9-bb5e-6b2f61582aa5,462405,conrb001,conrabr01,conrad001bro,3664,41645137,,,,Q2926171,Conrad,Brooks,Brooks Litchfield,,,,1980,1,16,,,,2001,2016,2008,2014,1999,2001,2018,2024,,,,,,,,
9b3603c6,9b3603c6-eae6-41f9-b8fc-bd3ef679cc8f,516935,pimes001,pimenst01,piment001sto,6415,,,,,Q7618660,Pimentel,Stolmy,Stolmy Ramon,,,,1990,2,1,,,,2007,2021,2013,2015,,,,,,,,,,,,
9b3bdf4e,9b3bdf4e-6dd7-420a-ad8a-1278bb662252,516811,peree003,perezeu01,perez-001eur,10299,,,,,Q3060887,Pérez,Eury,Eury Eduardo,,,,1990,5,30,,,,2007,2024,2012,2015,,,,,,,,,,,,
9b3c7e1a,9b3c7e1a-7891-4daa-85ff-14468db5f43d,543302,herrc001,herrmch01,herrma001chr,9284,,,,,Q2964733,Herrmann,Chris,Christopher Ryan,,,,1987,11,24,,,,2009,2023,2012,2019,2009,2009,,,,,,,,,,
9b584708,9b584708-2cb6-46ae-b6b1-d2a9587478c0,456713,bushm001,bushma01,bush--001mat,1246,,,,,Q6788422,Bush,Matt,Matthew Brian,,,,1986,2,8,,,,2004,2023,2016,2023,,,,,,,,,,,,
9b7a327b,9b7a327b-d686-498a-9db2-db46da813714,659262,espia002,espinan01,espino005and,18593,43445159,,,,,Espinoza,Anderson,Anderson Jose,,Dominguez,,1998,3,9,,,,2015,2024,2022,2022,,,,,,,,,,,,
9b9869ec,9b9869ec-bff7-44dd-ae35-8a3e563fe182,681146,bridj001,bridejo01,bride-000jon,24703,,,,,Q112581303,Bride,Jonah,Jonah Michael,,,,1995,12,27,,,,2018,2024,2022,2024,2016,2018,,,,,,,,,,
9ba89ef9,9ba89ef9-9b97-4194-8d47-f1ff856b53a0,642121,sulsc001,sulseco01,sulser000col,15256,,,,,Q67087704,Sulser,Cole,Cole Young,,,,1990,3,12,,,,2013,2024,2019,2024,2009,2013,,,,,,,,,,
9bb0239e,9bb0239e-ebf5-424b-9bcf-cde96db341dc,657786,vastj001,vastoje01,vasto-000jer,17126,,,,,,Vasto,Jerry,Gerard Joseph,,,,1992,2,12,,,,2014,2018,2018,2018,2011,2014,,,,,,,,,,
9bbda06d,9bbda06d-e47e-4122-aa37-458d9ac6b3a5,572070,richg002,richaga01,richar001gar,9784,,,,,Q421484,Richards,Garrett,Garrett Thomas,,,,1988,5,27,,,,2009,2022,2011,2022,2007,2009,,,,,,,,,,
9bc273c8,9bc273c8-d55d-4387-96a5-1d105f4f1d3c,666200,luzaj001,luzarje01,luzard000jes,19959,,,,,Q52714266,Luzardo,Jesús,Jesús Guillermo,,,,1997,9,30,,,,2017,2024,2019,2024,,,,,,,,,,,,
9bd361f7,9bd361f7-23d1-4187-a27d-04983d8f8a83,518961,luekj001,luekejo01,lueke-001jos,5722,53955132,,,,Q3185988,Lueke,Josh,Joshua William,,,,1984,12,5,,,,2007,2023,2011,2014,,,,,,,,,,,,
9bdf7dcc,9bdf7dcc-fae0-4ae2-9152-259f932647ae,533167,shoem001,shoemma01,shoema002mat,4776,93295155,,,,Q6789330,Shoemaker,Matt,Matthew David,,,,1986,9,27,,,,2008,2022,2013,2021,,,,,,,,,,,,
9be33d9b,9be33d9b-f8c9-435d-a628-c3184665417f,429667,howar001,howarry01,howard001rya,2154,,,,,Q705213,Howard,Ryan,Ryan James,,,,1979,11,19,,,,2001,2017,2004,2016,1999,2001,,,,,,,,,,
9bf5560e,9bf5560e-8c18-4843-81ee-1a7c7c38240d,658648,avilp001,avilape01,avila-003ped,18864,,,,,Q64978827,Avila,Pedro,Pedro Manuel,,Puentes,,1997,1,14,,,,2015,2024,2019,2024,,,,,,,,,,,,
9bfa6400,9bfa6400-811b-4219-b693-71c988e60403,682073,hensd002,henslda01,hensle000dav,25111,,,,,Q113861497,Hensley,David,David James,,,,1996,3,28,,,,2018,2024,2022,2024,2015,2018,,,,,,,,,,
9c0c0734,9c0c0734-b1b0-41c4-aaeb-45971e6de63b,676440,bibet001,bibeeta01,bibee-000tan,30134,,,,,Q116936733,Bibee,Tanner,Tanner Hayes,,,,1999,3,5,,,,2022,2024,2023,2024,2018,2021,,,,,,,,,,
9c2fa2bd,9c2fa2bd-1dc0-455e-b774-4196e34d8248,641302,alext001,alexaty01,alexan000tyl,17735,,,,,Q65029087,Alexander,Tyler,Tyler John,,,,1994,7,14,,,,2015,2024,2019,2024,2014,2015,,,,,,,,,,
9c316d7f,9c316d7f-2850-4292-9021-e1c6a0ee525d,474463,andeb004,anderbr04,anders001bre,8223,,,,,Q2924593,Anderson,Brett,Brett Franklin,,,,1988,2,1,,,,2007,2021,2009,2021,,,,,,,,,,,,
9c38fff5,9c38fff5-1a7a-4290-8134-9fbb69137d78,663586,rilea001,rileyau01,riley-000aus,18360,,,,,Q50345041,Riley,Austin,Michael Austin,,,,1997,4,2,,,,2015,2024,2019,2024,,,,,,,,,,,,
9c455a26,9c455a26-6d02-41ee-868c-947c47c67428,592836,walkt004,walketa01,walker001tai,11836,,,,,Q4845441,Walker,Taijuan,Taijuan Emmanuel,,,,1992,8,13,,,,2010,2024,2013,2024,,,,,,,,,,,,
9c489b70,9c489b70-b39c-4f38-a2b3-bde756133088,592238,cumpb001,cumptbr01,cumpto001bra,11366,,,,,Q13582730,Cumpton,Brandon,Brandon Tyler,,,,1988,11,16,,,,2010,2021,2013,2018,2008,2010,,,,,,,,,,
9c5a80d6,9c5a80d6-f172-4c32-b711-2b1d0b62cc1a,642098,sparg001,sparkgl01,sparkm000gle,15200,53055153,,,,Q30099716,Sparkman,Glenn,Glenn Michael,,,,1992,5,11,,,,2013,2022,2017,2020,,,,,,,,,,,,
9c719b66,9c719b66-114c-4b03-90f8-f1e72e813970,502143,valed001,valenda01,valenc001dan,6364,,,,,Q864901,Valencia,Danny,Daniel Paul,,,,1984,9,19,,,,2006,2021,2010,2018,2004,2006,,,,,,,,,,
9c7a27e7,9c7a27e7-a114-4bc2-80a9-18a6e8723a88,702358,lipst001,lipsctr01,lipsco000tre,31567,,,,,,Lipscomb,Trey,LaVictor Antwain,,,,2000,6,14,,,,2022,2024,2024,2024,2019,2022,,,,,,,,,,
9c895423,9c895423-2eef-4fba-a253-63e19b6069ee,542674,germg001,germego01,germen001gon,5876,83785134,,,,Q7000821,Germen,Gonzalez,Gonzalez German,,Figao,,1987,9,23,,,,2008,2023,2013,2016,,,,,,,,,,,,
9c8fdfe5,9c8fdfe5-59a5-4957-afbe-1a5e65c8dc92,622075,almoy001,almonye01,almont000yen,15068,,,,,Q30042492,Almonte,Yency,Yency,,,,1994,6,4,,,,2012,2024,2018,2024,,,,,,,,,,,,
9c9795e5,9c9795e5-fe64-4386-b6f5-5a49684185e8,676720,romet001,romerto01,romero001tom,23465,,,,,Q105781861,Romero,Tommy,Thomas John,,,,1997,7,8,,,,2017,2024,2022,2022,,,,,,,,,,,,
9c994cf8,9c994cf8-6f08-4a3f-9bea-741d6cee3be3,453211,stubd001,stubbdr01,stubbs001and,9328,,,,,Q3039419,Stubbs,Drew,Robert Andrew,,,,1984,10,4,,,,2006,2017,2009,2017,2004,2006,,,,,,,,,,
9caaf72b,9caaf72b-511c-4d31-8668-2e59b3b6a2b6,621111,buehw001,buehlwa01,buehle000wal,19374,,,,,Q18637211,Buehler,Walker,Walker Anthony,,,,1994,7,28,,,,2016,2024,2017,2024,2013,2015,,,,,,,,,,
9cde3f63,9cde3f63-fb8e-4d14-afaa-ad0c58e84449,650895,castd002,castidi01,castil000die,17496,,,,,Q50816930,Castillo,Diego,Diego,,,,1994,1,18,,,,2014,2024,2018,2024,,,,,,,,,,,,
9ce08d58,9ce08d58-853e-4882-89dd-26ae331c38d6,446641,lopew001,lopezwi01,sevill001wil,4227,,,,,Q3569222,López,Wilton,Wilton,,,,1983,7,19,,,,2004,2015,2009,2014,,,,,,,,,,,,
9ce22d04,9ce22d04-5458-4d7f-8636-4d4e685a2b56,457744,thoma003,thompaa01,thomps001aar,999,,,,,Q2820093,Thompson,Aaron,Aaron Marshall,,,,1987,2,28,,,,2005,2016,2011,2015,,,,,,,,,,,,
9cfad85e,9cfad85e-dd0b-43f5-9b1c-bc019c419750,501303,adrie001,adriaeh01,adrian001ehi,8418,,,,,Q15410346,Adrianza,Ehire,Ehire Enrique,,Palma,,1989,8,21,,,,2006,2024,2013,2024,,,,,,,,,,,,
9d0be9c2,9d0be9c2-7ba6-4a01-84d9-b048fdf4335d,649966,urial001,uriaslu01,urias-000lui,16622,,,,,Q28911587,Urías,Luis,Luis Fernando,,Figueroa,,1997,6,3,,,,2014,2024,2018,2024,,,,,,,,,,,,
9d237641,9d237641-22e0-4502-b92d-8d6c0a2cbb44,543184,friec001,friedch01,friedr001chr,7942,,,,,Q5109625,Friedrich,Christian,Christian Louis Patrick,,,,1987,7,8,,,,2008,2021,2012,2016,2006,2008,,,,,,,,,,
9d364907,9d364907-cdaf-4432-a9fb-58066db0bf1c,547942,kim-k001,kimkw01,kim---002gwa,27458,,,,,Q50607,Kim,Kwang Hyun,Kwang Hyun,,,KK,1988,7,22,,,,2007,2024,2020,2021,,,,,,,,,,,,
9d869e54,9d869e54-0852-4244-834b-5e4e216999e3,657193,alvae001,alvared01,alvare003---,16959,,,,,Q15781892,Alvarez,Eddy,Eduardo Cortes,,,,1990,1,30,,,,2014,2024,2020,2024,,,,,,,,,,,,
9d877722,9d877722-863f-460b-bcd0-3ead8e3acc65,543699,roart001,roarkta01,roark-001tan,8753,,,,,Q14926221,Roark,Tanner,Tanner Burnell,,,,1986,10,5,,,,2008,2021,2013,2021,2006,2007,,,,,,,,,,
9db127db,9db127db-94a3-4c35-a5a0-2979743650e0,547957,kim-h001,kimhy01,kim---004hye,18718,,,,,Q77840,Kim,Hyun Soo,Hyun Soo,,,,1988,1,12,,,,2006,2024,2016,2017,,,,,,,,,,,,
9dbc2d2a,9dbc2d2a-4583-4b35-be24-2f75354eb4d7,605130,barls001,barlosc01,barlow000sco,14993,,,,,Q55632723,Barlow,Scott,Scott Alen,,,,1992,12,18,,,,2011,2024,2018,2024,,,,,,,,,,,,
9dc51e67,9dc51e67-4992-4816-b7a8-d0b2ee7fe4b0,664670,lopea005,lopezal03,lopez-008ale,21127,,,,,Q107472854,López,Alejo,Jesús Alejo,,,,1996,5,5,,,,2015,2024,2021,2023,,,,,,,,,,,,
9dd8ae07,9dd8ae07-075e-4535-bb33-b29850ebfc39,488771,castj006,castrja01,castro001jas,8722,,,,,Q761402,Castro,Jason,Jason Michael,,,,1987,6,18,,,,2008,2022,2010,2022,2006,2008,,,,,,,,,,
9de72b8e,9de72b8e-f734-48d0-91f0-e704fd842710,622490,leyer001,leyerro01,leyer-000rob,14399,,,,,Q98807126,Leyer,Robinson,Robinson,,Maiel,,1993,3,13,,,,2012,2021,2020,2020,,,,,,,,,,,,
9de98d62,9de98d62-55da-41fa-85fe-54642ae57940,670426,diehp001,diehlph01,diehl-000phi,20030,,,,,Q64746596,Diehl,Phillip,Phillip Stewart,,,,1994,7,16,,,,2016,2024,2019,2022,2013,2016,,,,,,,,,,
9df2d6a6,9df2d6a6-5363-4210-85c6-c34678e2fb14,623451,stepj002,stephja01,stephe003jac,14420,,,,,Q32151746,Stephens,Jackson,Jackson Tanner,,,,1994,5,11,,,,2012,2024,2017,2024,,,,,,,,,,,,
9e00e3d0,9e00e3d0-d9fb-4c89-bce7-38db5848d791,502544,bussn001,bussni01,buss--001nic,6835,,,,,Q15102665,Buss,Nick,Nicholas Gregory,,,Chili,1986,12,15,,,,2008,2018,2013,2016,2007,2008,,,,,,,,,,
9e0697c2,9e0697c2-fe34-4d92-84ca-131843f60f5a,600968,rosar002,rosarra01,rosari000ran,14508,73975153,,,,Q30121872,Rosario,Randy,Randy Miguel,,Luperon,,1994,5,18,,,,2011,2022,2017,2020,,,,,,,,,,,,
9e18b5b4,9e18b5b4-78b7-406c-8e1c-2e4bca2d4e9b,593590,rivaw001,rivaswe01,rivas-001web,14636,,,,,,Rivas,Webster,Webster Julian,,Toiribo,,1990,8,8,,,,2010,2024,2021,2021,,,,,,,,,,,,
9e2ac12b,9e2ac12b-aea9-4fb3-a2e3-5f99073211f4,657061,tuckc001,tuckeco01,tucker000col,17326,,,,,Q17181020,Tucker,Cole,Cole Bryson,,,,1996,7,3,,,,2014,2024,2019,2024,,,,,,,,,,,,
9e57d584,9e57d584-e862-43cc-a321-49a9420830aa,596119,swihb001,swihabl01,swihar000bla,13176,,,,,Q16235065,Swihart,Blake,Blake Aubry,,,,1992,4,3,,,,2011,2024,2015,2019,,,,,,,,,,,,
9e5bfc9c,9e5bfc9c-8ddb-4b17-b940-13fd18235558,656240,blews001,blewesc01,blewet000sco,16427,,,,,Q72904841,Blewett,Scott,Scott Thomas,,,,1996,4,10,,,,2014,2024,2020,2024,,,,,,,,,,,,
9e7bf158,9e7bf158-8c63-4b76-90ce-3b6287470050,502004,kontg001,kontoge01,kontos001geo,9486,,,,,Q3101699,Kontos,George,George Nicholas,,,,1985,6,12,,,,2006,2019,2011,2018,2004,2006,,,,,,,,,,
9e8503f6,9e8503f6-ea92-485f-838b-0791c15219d5,666364,balaj001,balazjo02,balazo000jor,21866,,,,,,Balazovic,Jordan,Jordan Blake,,,,1998,9,17,,,,2016,2024,2023,2023,,,,,,,,,,,,
9e9673c7,9e9673c7-1945-4903-9cf6-a1bf79fed5a8,686826,jarvb001,jarvibr01,jarvis000bry,27477,,,,,,Jarvis,Bryce,Bryce Martin,,,,1997,12,26,,,,2021,2024,2023,2024,2018,2020,,,,,,,,,,
9eb8d593,9eb8d593-4176-4f6f-b95e-7ac5126a4f12,656786,mushp001,mushipa01,mushin000par,21324,,,,,Q111630705,Mushinski,Parker,Parker Allen,,,,1995,11,22,,,,2017,2024,2022,2024,2015,2017,,,,,,,,,,
9ed1043f,9ed1043f-6913-45db-ac86-36672ef33050,621438,taylt002,tayloty01,taylor000tyr,13675,,,,,Q67200894,Taylor,Tyrone,Tyrone Anthony,,,,1994,1,22,,,,2012,2024,2019,2024,,,,,,,,,,,,
9ed31c58,9ed31c58-6cc9-4430-973a-d3f9993e2eef,661563,gil-l001,gillu01,gil---003lui,21052,,,,,,Gil,Luis,Luis Angel,,Brito,,1998,6,3,,,,2015,2024,2021,2024,,,,,,,,,,,,
9f0e22c3,9f0e22c3-b9d1-4b73-b376-4c0df418c8c8,503566,castf003,castifa01,castil001fab,2826,83385136,,,,Q24864709,Castillo,Fabio,Fabio,,,,1989,2,19,,,,2006,2019,2017,2017,,,,,,,,,,,,
9f164da5,9f164da5-c121-42e0-9ee7-18b797658ec4,458085,coghc001,coghlch01,coghla001chr,6878,,,,,Q1061272,Coghlan,Chris,Christopher Brockett,,,,1985,6,18,,,,2006,2018,2009,2017,2004,2006,,,,,,,,,,
9f28b551,9f28b551-e2e4-4b7a-9f05-b23fc4a937ac,664874,zavas001,zavalse01,zavala000seb,18887,,,,,Q64150536,Zavala,Seby,Bernardo Sebastian,,,,1993,8,28,,,,2015,2024,2019,2024,2012,2015,,,,,,,,,,
9f306ac2,9f306ac2-23a0-41f0-8bd8-a812766dae48,456027,ohler001,ohlenro01,ohlend001cur,8268,83385134,,,,Q3442776,Ohlendorf,Ross,Curtis Ross,,,,1982,8,8,,,,2004,2017,2007,2016,2002,2004,,,,,,,,,,
9f38a0c0,9f38a0c0-ddbe-451b-a853-3056de6bbc80,462089,jaimj001,jaimeju01,jaime-003jua,6127,,,,,Q17300515,Jaime,Juan,Juan Jose,,,,1987,8,2,2024,12,27,2006,2023,2014,2015,,,,,,,,,,,,
9f4721ab,9f4721ab-c8d7-4acc-88f5-e69f95c610e3,458015,vottj001,vottojo01,votto-001jos,4314,,,,,Q762227,Votto,Joey,Joseph Daniel,,,,1983,9,10,,,,2002,2024,2007,2023,,,,,,,,,,,,
9f4da671,9f4da671-4a94-4eba-b436-f5d249048855,444379,jasoj001,jasojo01,jaso--001joh,5887,,,,,Q3181826,Jaso,John,John Edward,,,,1983,9,19,,,,2003,2017,2008,2017,,,,,,,,,,,,
9f5d0f0d,9f5d0f0d-260c-41bf-8fae-864c87edf43f,648717,guera001,guerral01,guerre002ale,15670,43545134,,,,Q15119311,Guerrero,Alex,Alexander,,Pérez,,1986,11,20,,,,2004,2019,2014,2015,,,,,,,,,,,,
9f6f980c,9f6f980c-e249-41ca-8375-6b0728e2e284,501659,almoa001,almonab01,almont001abr,5486,,,,,Q15303222,Almonte,Abraham,Abraham,,,,1989,6,27,,,,2006,2024,2013,2023,,,,,,,,,,,,
9f7072e0,9f7072e0-3b56-42b8-9292-ceecfa8f996a,573186,strom001,stromma01,stroma001mar,13431,,,,,Q16234219,Stroman,Marcus,Marcus Earl,,,,1991,5,1,,,,2012,2024,2014,2024,2010,2012,,,,,,,,,,
9f7b77c1,9f7b77c1-e385-4455-8694-4b28b67fd9aa,666120,andei001,anderia01,anders000ian,19951,,,,,Q24090327,Anderson,Ian,Ian Theodore,,,,1998,5,2,,,,2016,2024,2020,2022,,,,,,,,,,,,
9f811bb1,9f811bb1-5481-47da-9245-d7407efc5b26,678882,rafac001,rafaece01,rafael001ced,24262,,,,,,Rafaela,Ceddanne,Ceddanne Chipper Nicasio Marte,,,,2000,9,18,,,,2018,2024,2023,2024,,,,,,,,,,,,
9f94a0c2,9f94a0c2-3e89-4de1-a49a-a73785c566e0,666974,canoy001,canoye01,cano--000yun,25911,,,,,Q111972321,Cano,Yennier,Yennier,,Banes,,1994,3,9,,,,2013,2024,2022,2024,,,,,,,,,,,,
9f9b5610,9f9b5610-3fab-4eff-bcae-726d8c966f81,643446,mcnej002,mcneije01,mcneil000jef,15362,,,,,Q16567206,McNeil,Jeff,Jeffrey Todd,,,,1992,4,8,,,,2013,2024,2018,2024,2011,2013,,,,,,,,,,
9f9f21fa,9f9f21fa-e095-4e5d-9620-ff4e48129ddd,691406,camij001,caminju01,camine000jun,28163,,,,,,Caminero,Junior,Junior Alberto,,Sanchez,,2003,7,5,,,,2021,2024,2023,2024,,,,,,,,,,,,
9fbb7861,9fbb7861-b9e5-4441-8a99-61a9ff237c52,455378,solia001,solisal01,solis-001rom,8848,,,,,Q2836349,Solís,Alí,Román Alí,,López,,1987,9,29,,,,2006,2024,2012,2014,,,,,,,,,,,,
9fda261e,9fda261e-d73a-4c74-8ab1-21df2c171883,573064,nunov001,nunovi01,nuno--001vid,9674,,,,,Q7927671,Nuño,Vidal,Vidal Vicente,,,,1987,7,26,,,,2009,2024,2013,2018,,,,,,,,,,,,
9fdafb94,9fdafb94-079a-4855-905a-1096b4654e44,607223,reeda002,reedaj01,reed--000and,16246,,,,,Q16848062,Reed,A. J.,Andrew Joseph,,,,1993,5,10,,,,2014,2019,2016,2019,2012,2014,,,,,,,,,,
9ff2e202,9ff2e202-a74d-4c25-b724-0a64871b4192,578570,querj001,quereju01,querec001jun,12140,,,,,Q27049154,Querecuto,Juniel,Juniel Alberto,,,,1992,9,19,,,,2010,2024,2016,2023,,,,,,,,,,,,
9ff584c8,9ff584c8-c561-46a8-9663-7a5fe1c209af,600303,lastt001,lasteto01,lastel000tho,12371,,,,,Q16203000,La Stella,Tommy,Thomas Frank,,,,1989,1,31,,,,2011,2023,2014,2023,2010,2011,,,,,,,,,,
9ff68473,9ff68473-6de6-4ce1-9992-e7e9e4be2811,656798,nix-j002,nixja02,nix---000jac,17775,63065157,,,,Q19667035,Nix,Jacob,Jacob James,,,,1996,1,9,,,,2015,2023,2018,2018,,,,,,,,,,,,
9ffdd525,9ffdd525-aa3d-4edb-94a3-ee26f834a2ee,502043,gibsk002,gibsoky01,gibson002kyl,10123,,,,,Q6451161,Gibson,Kyle,Kyle Benjamin,,,,1987,10,23,,,,2010,2024,2013,2024,2007,2009,,,,,,,,,,
