key_person,key_uuid,key_mlbam,key_retro,key_bbref,key_bbref_minors,key_fangraphs,key_npb,key_sr_nfl,key_sr_nba,key_sr_nhl,key_wikidata,name_last,name_first,name_given,name_suffix,name_matrilineal,name_nick,birth_year,birth_month,birth_day,death_year,death_month,death_day,pro_played_first,pro_played_last,mlb_played_first,mlb_played_last,col_played_first,col_played_last,pro_managed_first,pro_managed_last,mlb_managed_first,mlb_managed_last,col_managed_first,col_managed_last,pro_umpired_first,pro_umpired_last,mlb_umpired_first,mlb_umpired_last
7032df11,7032df11-bc37-40d0-a218-2b8dfbf48568,656986,sousb001,sousabe01,sousa-000ben,21345,,,,,Q111530443,Sousa,Bennett,John Bennett,,,,1995,4,6,,,,2018,2023,2022,2023,2015,2018,,,,,,,,,,
703b34eb,703b34eb-314a-49b6-84eb-792d582131f5,596074,poynb001,poynebo01,poyner000bob,17987,,,,,Q50814161,Poyner,Bobby,Robert William,,,,1992,12,1,,,,2015,2021,2018,2019,2012,2015,,,,,,,,,,
703f7d8c,703f7d8c-4c55-4d56-a62f-507119c1a450,592170,bridp001,bridwpa01,bridwe001par,11502,,,,,Q17811494,Bridwell,Parker,Parker Alan,,,,1991,8,2,,,,2010,2019,2016,2018,,,,,,,,,,,,
7040e198,7040e198-01a5-44a2-a57f-0d7426227573,518586,culbc001,culbech01,culber002cha,3298,,,,,Q2960842,Culberson,Charlie,Charles Edward,,,,1989,4,10,,,,2007,2023,2012,2023,,,,,,,,,,,,
7050028e,7050028e-001e-4f81-96c9-d710f055b6e8,595963,goedt001,goeddty01,goedde000tyl,13180,,,,,Q23760763,Goeddel,Tyler,Tyler David,,,,1992,10,20,,,,2012,2019,2016,2016,,,,,,,,,,,,
7069f52c,7069f52c-2184-499d-a5c6-0d9624cc6fb4,665066,paynt001,paynety01,payne-001tyl,21139,,,,,,Payne,Tyler,Anthony Tyler,,,,1992,10,25,,,,2015,2024,2021,2021,,,,,,,,,,,,
706b7da2,706b7da2-ea13-4c25-a49f-a2fb459ac645,456030,pedrd001,pedrodu01,pedroi001dus,8370,,,,,Q558490,Pedroia,Dustin,Dustin Luis,,,,1983,8,17,,,,2004,2019,2006,2019,2002,2004,,,,,,,,,,
706fb7e4,706fb7e4-124b-468a-ba31-7803bd22fa77,676694,meyej002,meyerja02,meyers000jak,20308,,,,,Q107220364,Meyers,Jake,Jacob Berkshire,,,,1996,6,18,,,,2017,2024,2021,2024,2015,2017,,,,,,,,,,
707cdf6c,707cdf6c-378f-4ea2-a8a5-d235221cb881,660829,parkh001,parkho01,park--000hoy,18027,,,,,Q17238175,Park,Hoy,Hoy Jun,,,,1996,4,7,,,,2015,2024,2021,2022,,,,,,,,,,,,
709a21a2,709a21a2-c66b-4fd5-b068-8cc7bce3e608,543829,gordd002,gordode01,strang001dev,8203,,,,,Q2026390,Strange-Gordon,Dee,Devaris,,,,1988,4,22,,,,2008,2022,2011,2022,,,,,,,,,,,,
70ab8bf7,70ab8bf7-5a12-4f39-8d35-afba8710f942,460701,russj003,russeja02,russel007jam,4089,,,,,Q276713,Russell,James,James Clayton,,,,1986,1,8,,,,2007,2021,2010,2016,2007,2007,,,,,,,,,,
70ca4045,70ca4045-bb02-494f-b5c3-126de41e7768,660766,yepej001,yepezju01,yepez-000jua,18400,,,,,,Yepez,Juan,Juan David,,Alvarez,,1998,2,19,,,,2015,2024,2022,2024,,,,,,,,,,,,
70ce5021,70ce5021-965c-4cc5-bd51-1712f8f18a51,805373,alvan001,alvarna01,alvare000ign,31765,,,,,,Alvarez,Nacho,Ignacio,,,,2003,4,11,,,,2022,2024,2024,2024,2022,2022,,,,,,,,,,
70f4cf84,70f4cf84-05af-4a02-abe3-1d921f62abe3,670351,rojaj002,rojasjo02,rojas-008jos,19331,,,,,Q106371956,Rojas,José,José,,Valenzuela,,1993,2,24,,,,2016,2024,2021,2022,,,,,,,,,,,,
7120d8bb,7120d8bb-aec4-43d5-91ae-7a7dcd58d351,518902,kozmp001,kozmape01,kozma-001pet,2539,,,,,Q2351115,Kozma,Pete,Peter Michael,,,,1988,4,11,,,,2007,2023,2011,2021,,,,,,,,,,,,
7134b78e,7134b78e-f797-44ed-9acf-006013ef505c,434718,streh001,streehu01,street001hus,8258,,,,,Q2760886,Street,Huston,Huston Lowell,,,,1983,8,2,,,,2004,2017,2005,2017,2002,2004,,,,,,,,,,
71382c10,71382c10-7299-4ed1-8e3c-ecb9b51ada8e,452783,evann001,evansni01,evans-001nic,7595,43545139,,,,Q3339740,Evans,Nick,Nicholas Reginald,,,,1986,1,30,,,,2004,2018,2008,2014,,,,,,,,,,,,
7143656a,7143656a-8762-48fc-93c7-cb3d938e27ac,545332,barrj002,barreja01,barret001jak,13322,,,,,Q16225984,Barrett,Jake,Jake Dalton,,,,1991,7,22,,,,2012,2023,2016,2019,2010,2012,,,,,,,,,,
7151f00b,7151f00b-073c-4a25-bb76-72ba1021f031,430001,weekr001,weeksri01,weeks-001ric,1849,,,,,Q3431635,Weeks,Rickie,Rickie Darnell,Jr.,,,1982,9,13,,,,2003,2017,2003,2017,2001,2003,,,,,,,,,,
715221b5,715221b5-a89f-47ae-ac1e-ccf56234b101,672580,garcm003,garcima01,garcia000mai,22715,,,,,Q113129952,García,Maikel,Maikel Jose,,Escobar,,2000,3,3,,,,2017,2024,2022,2024,,,,,,,,,,,,
715cb940,715cb940-864c-4c5f-8ea8-7ee360fdde05,622554,domis001,dominse01,doming000ser,19249,,,,,Q50822797,Domínguez,Seranthony,Seranthony Ambioris,,Taveras,,1994,11,25,,,,2012,2024,2018,2024,,,,,,,,,,,,
71682d04,71682d04-ee85-481a-9552-fde167ebaf17,518716,gee-d001,geedi01,gee---001dil,7396,73575136,,,,Q736658,Gee,Dillon,Dillon Kyle,,,,1986,4,28,,,,2007,2018,2010,2017,2005,2007,,,,,,,,,,
71a82f57,71a82f57-495b-44e1-b683-e8b3dcf6b094,649144,wella001,wellsal01,wells-000ale,19845,,,,,,Wells,Alex,Alexander James,,,,1997,2,27,,,,2016,2024,2021,2022,,,,,,,,,,,,
71ab5f47,71ab5f47-3fa8-4361-b32a-38d8f0c8747a,642547,peraf001,peralfr01,peralt000fre,18679,,,,,Q50843151,Peralta,Freddy,Freddy,,Diaz,,1996,6,4,,,,2013,2024,2018,2024,,,,,,,,,,,,
71ba78fe,71ba78fe-fb6b-4cef-b491-86b66b900fc5,665621,garcr007,garciro03,garcia003ron,20430,,,,,Q104834382,García,Rony,Rony Javier,,Sosa,,1997,12,19,,,,2016,2023,2020,2022,,,,,,,,,,,,
71bba5eb,71bba5eb-181d-45c5-8ccd-5936d5cbc533,493247,moylp001,moylape01,moylan001pet,4891,,,,,Q1093633,Moylan,Peter,Peter Michael,,,,1978,12,2,,,,1996,2019,2006,2018,,,2022,2022,,,,,,,,
71d2ed8c,71d2ed8c-3688-4f0f-b6bd-bbe5924ac367,670329,garcr006,garciri01,garcia006ric,20023,,,,,Q66764409,Garcia,Rico,Joshua Rico,,,,1994,1,10,,,,2016,2024,2019,2023,2013,2016,,,,,,,,,,
71f84806,71f84806-7155-41d6-b2c7-5207920c02ba,453222,carrs001,carrosc02,carrol001sco,888,,,,,Q16727854,Carroll,Scott,Scott Alexander,,,,1984,9,24,,,,2007,2018,2014,2016,,,,,,,,,,,,
71f99ea3,71f99ea3-fa4b-4bcd-a606-a6b070cd66e7,678606,ferrj002,ferrejo01,ferrer006jos,24017,,,,,,Ferrer,Jose,Jose Alexander,,Vizcaino,,2000,3,3,,,,2018,2024,2023,2024,,,,,,,,,,,,
721970e2,721970e2-001d-4825-8880-867e46b24034,543148,fedet001,federti01,federo001tim,8609,,,,,Q3528632,Federowicz,Tim,Timothy Joseph,,,,1987,8,5,,,,2008,2021,2011,2019,2006,2008,2022,2024,,,,,,,,
723943c9,723943c9-4273-4ee3-afd2-4d43842f65aa,594011,herrr002,herrero02,herrer001ros,11611,,,,,Q21622596,Herrera,Rosell,Rosell Amado,,Navarro,,1992,10,16,,,,2010,2022,2018,2019,,,,,,,,,,,,
725375fc,725375fc-cb31-4722-9243-e370778bb5e9,663773,hoeib001,hoeinbr01,hoeing000bry,26304,,,,,Q113572403,Hoeing,Bryan,Bryan Jerome,,,,1996,10,19,,,,2019,2024,2022,2024,2017,2019,,,,,,,,,,
72665ff5,72665ff5-f8ac-49c0-8388-f1ed68b2802f,453198,perec002,perezch01,perez-001chr,5213,,,,,Q2964837,Perez,Chris,Christopher Ralph,,,Pure Rage,1985,7,1,,,,2006,2015,2008,2014,2004,2006,,,,,,,,,,
728466d8,728466d8-5688-462c-b58e-7e15b680535b,434604,morsm001,morsemi01,morse-001mic,3035,,,,,Q1093315,Morse,Mike,Michael John,,,,1982,3,22,,,,2000,2017,2005,2017,,,,,,,,,,,,
7287e66d,7287e66d-5666-4e79-afd9-c49fa457d47f,605301,jerew001,jerezwi01,jerez-000wil,14338,,,,,Q50624808,Jerez,Williams,Williams Alexander,,,,1992,5,16,,,,2011,2024,2018,2019,,,,,,,,,,,,
7294525e,7294525e-833f-4cc8-969d-f149118d1b98,462382,johnj010,johnsji04,johnso025jam,3656,,,,,Q3029129,Johnson,Jim,James Robert,,,,1983,6,27,,,,2001,2018,2006,2018,,,,,,,,,,,,
7296e745,7296e745-c964-4e3b-aac5-127eb1b5a0b9,669212,morge001,morgael01,morgan000eli,20203,,,,,Q107014265,Morgan,Eli,Elijah Allan,,,,1996,5,13,,,,2017,2024,2021,2024,2015,2017,,,,,,,,,,
72a0f5fc,72a0f5fc-c04d-4821-96f0-d7bee0f2afb3,544836,romee002,romeren01,romero001enn,4001,03505138,,,,Q5379244,Romero,Enny,Enny Manuel,,Hernandez,,1991,1,24,,,,2008,2024,2013,2018,,,,,,,,,,,,
72a42566,72a42566-7677-404b-8fff-c2253c3c4e89,668472,pratn001,prattni01,pratto000nic,22117,,,,,,Pratto,Nick,Nicholas Michael,,,,1998,10,6,,,,2017,2024,2022,2024,,,,,,,,,,,,
72a75f62,72a75f62-d676-4f5b-9e80-414c1657a3fb,460099,reimn001,reimono01,reimol001nol,3441,,,,,Q3342874,Reimold,Nolan,Nolan Gallagher,,,,1983,10,12,,,,2005,2017,2009,2016,2003,2005,,,,,,,,,,
72a9378a,72a9378a-199f-4ea6-86e7-04055860bc55,623149,sewap001,sewalpa01,sewald000pau,13892,,,,,Q29320803,Sewald,Paul,Paul Stanton,,,,1990,5,26,,,,2012,2024,2017,2024,2011,2012,,,,,,,,,,
72b73dd7,72b73dd7-9d46-4ec2-ab02-c2706d871706,672860,berrp001,berropr01,berroa000pre,22932,,,,,,Berroa,Prelander,Prelander,,Carmona,,2000,4,18,,,,2017,2024,2023,2024,,,,,,,,,,,,
72c53aee,72c53aee-72ee-46ab-820a-95717c6c99f3,276351,grilj001,grillja01,grilli001jas,521,,,,,Q3162940,Grilli,Jason,Jason Michael,,,,1976,11,11,,,,1998,2017,2000,2017,1995,1997,,,,,,,,,,
72c69942,72c69942-fe0f-4154-8ffa-ebe0e1adf8a3,475243,woodt004,woodtr01,wood--001tra,9884,,,,,Q3538241,Wood,Travis,Travis Alan,,,,1987,2,6,,,,2005,2017,2010,2017,,,,,,,,,,,,
72eadac9,72eadac9-8cc2-446d-861c-43526d6bd00c,457787,espid001,espinda01,espino002dan,9219,,,,,Q3015235,Espinosa,Danny,Daniel Richard,,,,1987,4,25,,,,2008,2021,2010,2017,2006,2008,,,,,,,,,,
72f6f665,72f6f665-e98d-4481-ac37-45836bd19de3,457763,poseb001,poseybu01,posey-001bus,9166,,,,,Q971912,Posey,Buster,Gerald Dempsey,,,,1987,3,27,,,,2008,2021,2009,2021,2006,2008,,,,,,,,,,
73130f75,73130f75-b348-44f0-b359-7eca429c0957,573188,sturt002,sturdty01,sturde001tyl,6780,,,,,Q24248322,Sturdevant,Tyler,Tyler James,,,,1985,12,20,,,,2009,2017,2016,2016,,,,,,,,,,,,
7321acd8,7321acd8-8d07-4f02-bd06-52efbbfefe97,435522,walkn001,walkene01,walker001nei,7539,,,,,Q3337845,Walker,Neil,Neil Martin,,,,1985,9,10,,,,2004,2020,2009,2020,,,,,,,,,,,,
7322c14f,7322c14f-082d-4729-aa93-f996b8714951,682626,alvaf001,alvarfr01,alvare006fra,26121,,,,,Q111942898,Álvarez,Francisco,Francisco Javier,,Pulido,,2001,11,19,,,,2019,2024,2022,2024,,,,,,,,,,,,
732dfe8a,732dfe8a-c192-446a-912d-50e0546a21d4,623430,dullr001,dullry01,dull--000rya,13974,,,,,Q20899715,Dull,Ryan,Ryan Christopher,,,,1989,10,2,,,,2012,2023,2015,2019,2009,2012,,,,,,,,,,
733c0759,733c0759-388f-4022-bff8-c595880434e3,686752,pepir001,pepiory01,pepiot000rya,26221,,,,,Q111112153,Pepiot,Ryan,Ryan Michael,,,,1997,8,21,,,,2019,2024,2022,2024,2017,2019,,,,,,,,,,
733df4eb,733df4eb-25d5-4195-824a-7e898f3e2d73,676879,ashba003,ashbyaa01,ashby-001aar,23550,,,,,Q107379200,Ashby,Aaron,Aaron Phillip,,,,1998,5,24,,,,2018,2024,2021,2024,,,,,,,,,,,,
736b8eb5,736b8eb5-7797-4765-a266-2255594be846,476589,warra001,warread01,warren001ada,9029,,,,,Q901842,Warren,Adam,Adam Parrish,,,,1987,8,25,,,,2009,2021,2012,2019,2006,2009,,,,,,,,,,
73851ae5,73851ae5-f222-4a02-9657-80f3457ac2c2,663567,lambp001,lambepe01,lamber000pet,17969,,,,,Q64827881,Lambert,Peter,Peter Joseph,,,,1997,4,18,,,,2015,2024,2019,2024,,,,,,,,,,,,
738719e3,738719e3-4ece-4c45-b836-2a07d59f7ae9,452252,linda001,lindad01,lind--001ada,8027,,,,,Q1058345,Lind,Adam,Adam Alan,,,,1983,7,17,,,,2004,2018,2006,2017,2003,2004,,,,,,,,,,
739ff127,739ff127-dac5-4fea-9785-298a87339278,605483,snelb001,snellbl01,snell-000bla,13543,,,,,Q21062597,Snell,Blake,Blake Ashton,,,,1992,12,4,,,,2011,2024,2016,2024,,,,,,,,,,,,
73dd747b,73dd747b-8e4e-4707-a04a-10c78ab276af,608369,seagc001,seageco01,seager001cor,13624,,,,,Q17403431,Seager,Corey,Corey Drew,,,,1994,4,27,,,,2012,2024,2015,2024,,,,,,,,,,,,
73f98110,73f98110-cbd4-4806-b3ed-833893c501eb,607560,harpr001,harpery01,harper000ryn,12680,,,,,Q30080255,Harper,Ryne,Ryne Richard,,,,1989,3,27,,,,2011,2022,2019,2021,2008,2011,,,,,,,,,,
74071442,74071442-35a2-4d6f-90ea-de71ddd765c0,452104,headc001,headlch01,headle001cha,4720,,,,,Q2961326,Headley,Chase,Chase Jordan,,,,1984,5,9,,,,2005,2018,2007,2018,2003,2005,,,,,,,,,,
740cab63,740cab63-8a04-42ff-8689-16cdf2f88916,449181,orlap001,orlanpa01,orland001pau,8628,,,,,Q6360301,Orlando,Paulo,Paulo Roberto,,,,1985,11,1,,,,2006,2021,2015,2018,,,,,,,,,,,,
740e5f57,740e5f57-cf82-4e41-ba8b-47e6088d9950,656883,reetj001,reetzja01,reetz-000jak,17837,,,,,Q107484999,Reetz,Jakson,Jakson Dale,,,,1996,1,3,,,,2014,2024,2021,2024,,,,,,,,,,,,
74176dbd,74176dbd-f962-4222-92c5-24e57d9d05a7,519083,norrd001,norride01,norris001der,6867,,,,,Q3023760,Norris,Derek,Derek Russell,,,,1989,2,14,,,,2007,2018,2012,2017,,,,,,,,,,,,
74349db0,74349db0-633f-44d2-9b45-dac48290a3cc,542585,cisnj001,cisnejo01,cisner002jos,6399,,,,,Q6291921,Cisnero,José,José Luis,,,,1989,4,11,,,,2008,2024,2013,2024,,,,,,,,,,,,
74526912,74526912-58a8-4f3b-8ebf-e38bfbead635,657044,thomr007,thompry02,thomps005rya,16647,,,,,Q97657185,Thompson,Ryan,Ryan Scott,,,,1992,6,26,,,,2014,2024,2020,2024,2012,2014,,,,,,,,,,
74556c6f,74556c6f-da2a-463b-806c-e903d62ef963,502264,adcon001,adcocna01,adcock001nat,3282,,,,,Q3336698,Adcock,Nathan,Nathan Masler,,,,1988,2,25,,,,2006,2015,2011,2015,,,,,,,,,,,,
74609114,74609114-fa8c-441a-9a36-c45cd059242c,429783,betar001,betanra01,betanc001raf,177,,,,,Q3107994,Betancourt,Rafael,Rafael Jose,,,,1975,4,29,,,,1994,2015,2003,2015,,,,,,,,,,,,
746bb717,746bb717-78bc-4dd4-8fe6-3fa2afd1d002,488703,bianj001,biancje01,bianch001jef,9958,,,,,Q3176429,Bianchi,Jeff,Jeffrey Thomas,,,,1986,10,5,,,,2005,2016,2012,2015,,,,,,,,,,,,
747a3f8b,747a3f8b-a740-441f-81a9-1c43665cb1f4,543174,forne001,fornaer01,fornat001eri,7042,,,,,Q16586923,Fornataro,Eric,Eric Anthony,,,,1988,1,2,,,,2008,2017,2014,2014,,,,,,,,,,,,
74902851,74902851-b451-409e-9bb6-998d041debe6,489039,lafrb001,lafrobo01,lafrom001bob,7758,,,,,Q11840054,LaFromboise,Bobby,Robert Joseph,,,,1986,6,25,,,,2008,2017,2013,2015,2007,2008,,,,,,,,,,
74a2eac1,74a2eac1-6010-4efb-95a8-dfc71cf71e9a,454560,ellia001,ellisaj01,ellis-001and,5677,,,,,Q2092249,Ellis,A. J.,Andrew James,,,,1981,4,9,,,,2003,2018,2008,2018,2000,2003,,,,,,,,,,
74b53315,74b53315-a893-4d88-afed-1475d5f72e8e,518493,britd001,brittdr01,britto001dra,2868,,,,,Q5305587,Britton,Drake,John Drake,,,,1989,5,22,,,,2008,2018,2013,2014,,,,,,,,,,,,
74e4a496,74e4a496-a888-46ed-a5b6-2e92b81bc265,624512,mcgur002,mcguire01,mcguir001ree,15674,,,,,Q16236898,McGuire,Reese,Reese Jackson,,,,1995,3,2,,,,2013,2024,2018,2024,,,,,,,,,,,,
74eae72f,74eae72f-561b-417b-be33-3b5ae2376d32,542914,bassa001,bassan01,bass--001ant,7982,43545132,,,,Q2852806,Bass,Anthony,Anthony Edward,,,,1987,11,1,,,,2008,2023,2011,2023,2006,2008,,,,,,,,,,
74f4550f,74f4550f-3c89-4752-a313-e2880b514429,666128,felim002,felicma01,felici000mar,20263,,,,,Q106684775,Feliciano,Mario,Mario Javier,,Santiago,,1998,11,20,,,,2016,2024,2021,2022,,,,,,,,,,,,
74fc43a2,74fc43a2-c449-4dfc-b0bd-17457f665391,662139,varsd001,varshda01,varsho000dau,19918,,,,,Q66730474,Varsho,Daulton,Daulton John,,,,1996,7,2,,,,2017,2024,2020,2024,2015,2017,,,,,,,,,,
750b7ed9,750b7ed9-1cc3-4a7f-9843-2eb88ff389e1,607776,willm008,willima11,willia028joh,14158,,,,,Q16738091,Williamson,Mac,Johnathan Mackensey,,,,1990,7,15,,,,2012,2019,2015,2019,2010,2012,,,,,,,,,,
75103df0,75103df0-e411-4822-ba04-3edf4ee05a67,605541,wrigm001,wrighmi01,wright000den,12586,,,,,Q16761691,Wright,Mike,Dennis Michael,,,,1990,1,3,,,,2011,2024,2015,2021,2009,2011,,,,,,,,,,
7550ab0c,7550ab0c-44aa-49da-b1b1-751b7eea4a01,462956,paulf001,paulife01,paulin001fel,3777,73075132,,,,Q1392877,Paulino,Felipe,Felipe Adolfo,,del Guidice,,1983,10,5,,,,2003,2020,2007,2014,,,,,,,,,,,,
7579a9a4,7579a9a4-25d8-4dc9-b22f-baf8d3aba416,669060,wilsb003,wilsobr02,wilson004bry,19990,,,,,Q56212695,Wilson,Bryse,Bryse Everett,,,,1997,12,20,,,,2016,2024,2018,2024,,,,,,,,,,,,
75913b42,75913b42-ffde-47ac-b496-b027910409f1,642770,guerj004,guerrja02,guerra000jav,17292,33735159,,,,Q50829101,Guerra,Javy,Javier Alexis,,Gomez,,1995,9,25,,,,2013,2024,2018,2023,,,,,,,,,,,,
759a25f5,759a25f5-0f3c-49e5-b7f4-03ace70848b0,689147,kerko001,kerkeor01,kerker000ori,31776,,,,,,Kerkering,Orion,Richard Orion,,,,2001,4,4,,,,2022,2024,2023,2024,2020,2022,,,,,,,,,,
75a8d62c,75a8d62c-8d55-40ae-be83-49dd6593ed87,685107,venea001,venezan01,venezi000ant,27453,,,,,,Veneziano,Anthony,Anthony James,,,,1997,9,1,,,,2019,2024,2023,2024,2017,2019,,,,,,,,,,
75b3d2c3,75b3d2c3-cfdb-4512-8c62-91bb93603358,664141,brubj001,brubajt01,brubak000jt-,17578,,,,,Q62512879,Brubaker,JT,Jonathan Trey,,,,1993,11,17,,,,2015,2024,2020,2022,2013,2015,,,,,,,,,,
75d6364c,75d6364c-151f-48dc-90ce-5e54c8e9af76,670102,franb002,francbo01,franci000bow,20548,,,,,,Francis,Bowden,Robert Bowden,,,,1996,4,22,,,,2017,2024,2022,2024,,,,,,,,,,,,
75e19ecd,75e19ecd-69d7-4077-9580-5741a0757264,680430,allgn001,allgeni01,allgey000nic,24486,,,,,,Allgeyer,Nick,Nicholas Joseph,,,,1996,2,3,,,,2018,2023,2021,2021,2015,2018,,,,,,,,,,
75f56d78,75f56d78-e3d5-4f2f-8ae1-d0dcc0c37828,572788,cravt001,cravyty01,cravy-001tyl,10770,,,,,Q18921583,Cravy,Tyler,Tyler Jay,,,,1989,7,13,,,,2009,2018,2015,2016,,,,,,,,,,,,
761971ad,761971ad-272b-48fb-bdf1-0c755dddaef0,467143,gomeh001,gomezhe01,gomez-001hec,2264,,,,,Q3069114,Gómez,Héctor,Héctor Alexis,,,,1988,3,5,,,,2006,2024,2011,2015,,,,,,,,,,,,
7631bdc6,7631bdc6-9708-4905-96f0-1c2e8a938ef5,669720,haysa001,haysau01,hays--000aus,19363,,,,,Q38801391,Hays,Austin,Austin Charles Bryan,,,,1995,7,5,,,,2016,2024,2017,2024,2015,2016,,,,,,,,,,
764b685e,764b685e-9c56-4a16-b616-195d4dec3d36,669738,nollj001,nollja01,noll--000jak,19703,,,,,Q62570994,Noll,Jake,Jacob,,,,1994,3,8,,,,2016,2023,2019,2020,2014,2016,,,,,,,,,,
767ba61c,767ba61c-7a8e-4537-9d56-c4bcc4ba85d5,666164,ruthb001,ruthebl01,ruther000bla,19957,,,,,,Rutherford,Blake,Blake Anthony,,,,1997,5,2,,,,2016,2024,2023,2023,,,,,,,,,,,,
767cf632,767cf632-66ee-42a2-ba1e-4fddf5f5fec3,593993,bricj001,bricejo01,bricen001jos,13151,,,,,Q53844673,Briceño,José,José Manuel,,,,1992,9,19,,,,2010,2024,2018,2020,,,,,,,,,,,,
7693e818,7693e818-769b-4984-b7d9-d33b0b22a80b,644374,chany001,changyu01,chang-000yu-,14773,,,,,Q50824361,Chang,Yu,Yu-Cheng,,,,1995,8,18,,,,2014,2024,2019,2023,,,,,,,,,,,,
769adf41,769adf41-ed6c-4614-9f5c-67b04d1496f7,434643,rodrw002,rodriwa01,rodrig001wan,2586,,,,,Q1133541,Rodríguez,Wandy,Wandy Fulton,,,,1979,1,18,,,,2001,2018,2005,2015,,,,,,,,,,,,
76c57bba,76c57bba-9e2b-44f8-ab6e-eb16436067c7,453268,bardd001,bardda01,bard--001dan,7115,,,,,Q1049715,Bard,Daniel,Daniel Paul,,,,1985,6,25,,,,2007,2023,2009,2023,2004,2006,,,,,,,,,,
76d31fbd,76d31fbd-67a6-4689-ba56-a62c206e4ce6,641933,oneit001,oneilty01,oneill000tyl,15711,,,,,Q24289074,O'Neill,Tyler,Tyler Alan,,,,1995,6,22,,,,2013,2024,2018,2024,,,,,,,,,,,,
76d9fda9,76d9fda9-d5f8-46a9-95b9-9e37e1c5d43f,592885,yelic001,yelicch01,yelich001chr,11477,,,,,Q14375933,Yelich,Christian,Christian Stephen,,,,1991,12,5,,,,2010,2024,2013,2024,,,,,,,,,,,,
76e29709,76e29709-b6e4-442d-8bc5-32ae47b64845,542454,santd001,santada01,santan001dan,10322,,,,,Q16761629,Santana,Danny,Daniel Ernesto,,,,1990,11,7,,,,2008,2024,2014,2021,,,,,,,,,,,,
76f27af1,76f27af1-e2cf-4c62-be90-646f0b5c5c21,570489,alcaa001,alcanar01,alcant003ari,10711,83585155,,,,Q16146017,Alcántara,Arismendy,Arismendy,,,,1991,10,29,,,,2009,2024,2014,2017,,,,,,,,,,,,
77235434,77235434-0433-4670-9629-b577dbae9ff3,572140,skagt001,skaggty01,skaggs001tyl,10190,,,,,Q777728,Skaggs,Tyler,Tyler Wayne,,,,1991,7,13,2019,7,1,2009,2019,2012,2019,,,,,,,,,,,,
774472f3,774472f3-9dac-4f21-8b86-c3bc64c9853f,687799,marlc001,marloca01,marlow000mat,25505,,,,,,Marlowe,Cade,Matthew Cade,,,,1997,6,24,,,,2019,2024,2023,2024,,,,,,,,,,,,
776b9313,776b9313-ba2a-4154-9500-3be383b30d65,518927,laynt001,layneto01,layne-001tho,7501,,,,,Q3530776,Layne,Tommy,Thomas Kevin,,,,1984,11,2,,,,2007,2019,2012,2017,,,,,,,,,,,,
77877d2c,77877d2c-8c66-47b4-b838-8f12f7781c3f,591971,valeb001,valerbr01,valera001bre,12758,73075155,,,,Q39052371,Valera,Breyvic,Breyvic Jose,,Henriquez,,1992,1,8,,,,2010,2024,2017,2021,,,,,,,,,,,,
778f1e1a,778f1e1a-9c24-4f1e-b31e-92edcebdb43e,686747,lasoj001,lasorjo01,lasors000joe,25481,,,,,,La Sorsa,Joe,Joseph Peter,,,,1998,4,29,,,,2019,2024,2023,2024,2017,2019,,,,,,,,,,
77b05099,77b05099-8d43-43fc-9524-06bc4d2583b0,669309,perej003,perezjo02,perez-012joe,22254,,,,,,Perez,Joe,Joseph,,,,1999,8,12,,,,2018,2024,2022,2022,,,,,,,,,,,,
77b5acc3,77b5acc3-825d-4209-af56-5de56d554854,645444,herrj003,herrejo04,herrer014jos,17040,,,,,Q111962699,Herrera,José,José Gregorio,,Solorzano,,1997,2,24,,,,2014,2024,2022,2024,,,,,,,,,,,,
77c29974,77c29974-a77b-495a-b663-2e59e0164796,681432,littl001,littllu01,little000luk,28036,,,,,,Little,Luke,Luke Justice,,,,2000,8,30,,,,2021,2024,2023,2024,,,,,,,,,,,,
77dfd1bb,77dfd1bb-c277-40fd-b977-22f55c578fbb,672282,detmr001,detmere01,detmer000rei,27468,,,,,Q85199714,Detmers,Reid,Reid Kristien,,,,1999,7,8,,,,2021,2024,2021,2024,2018,2020,,,,,,,,,,
77f890b3,77f890b3-f49b-420b-8dbb-8cc18feac3f6,572804,deckc001,deckeco01,decker001cod,9665,,,,,Q7413703,Decker,Cody,Cody Marshall,,,,1987,1,17,,,,2009,2019,2015,2015,,,,,,,,,,,,
780c10d2,780c10d2-8109-42ee-af30-e3d2629c9c23,542587,araue001,araujel01,araujo001elv,12854,03305134,,,,Q19861839,Araújo,Elvis,Elvis Alejandro,,,,1991,7,15,,,,2008,2024,2015,2016,,,,,,,,,,,,
78192d4b,78192d4b-e49c-4475-916a-626e99f66f71,664126,fairp001,fairbpe01,fairba000pet,17998,,,,,Q64980554,Fairbanks,Pete,Peter Anderson,,,,1993,12,16,,,,2015,2024,2019,2024,2013,2015,,,,,,,,,,
7828a333,7828a333-edb6-49b0-8e6a-8d6b64710573,592833,wahlb001,wahlbo01,wahl--001rob,14832,,,,,Q16235141,Wahl,Bobby,Robert Martin,,,,1992,3,21,,,,2013,2022,2017,2020,2011,2013,,,,,,,,,,
7833ac33,7833ac33-3248-48f0-b847-e87f7936a6b2,592314,foltm001,foltymi01,foltyn001mic,10811,,,,,Q16233794,Foltynewicz,Mike,Michael Gary,,,,1991,10,7,,,,2010,2021,2014,2021,,,,,,,,,,,,
787544d5,787544d5-a325-4df9-b351-73afd3119749,456665,pears001,pearcst01,pearce002ste,9957,,,,,Q902082,Pearce,Steve,Steven Wayne,,,,1983,4,13,,,,2005,2019,2007,2019,2002,2005,,,,,,,,,,
787b2ac6,787b2ac6-b65b-46b5-9aac-f8da7354aec2,650489,castw003,castrwi01,castro003wil,17338,,,,,Q50824324,Castro,Willi,Willi Rafael,,Capellan,,1997,4,24,,,,2014,2024,2019,2024,,,,,,,,,,,,
788ff229,788ff229-6755-4dce-8e47-750b7c640aff,572193,teper001,teperry01,tepera001den,10291,,,,,Q19900778,Tepera,Ryan,Dennis Ryan,,,,1987,11,3,,,,2009,2023,2015,2023,,,,,,,,,,,,
7894e4a8,7894e4a8-1c3e-4d95-9e6d-839cba8b255e,435180,andir001,andinro01,andino001rob,4900,,,,,Q3434434,Andino,Robert,Robert Lazaro,,,,1984,4,25,,,,2002,2017,2005,2016,,,,,,,,,,,,
789c7591,789c7591-5b0e-4976-b582-d31f2ea22234,457707,bellt002,belltr01,bell--001tre,7074,,,,,Q3538561,Bell,Trevor,Trevor Daniel,,,,1986,10,12,,,,2005,2016,2009,2014,,,,,,,,,,,,
78d808f8,78d808f8-26c7-456c-b278-2c23c45ce30a,641878,milli001,milleia01,miller000ian,15156,,,,,Q60229709,Miller,Ian,Ian Andrew,,,,1992,2,21,,,,2013,2021,2019,2020,2011,2013,,,,,,,,,,
78e41f42,78e41f42-cfc6-47ff-b810-d56eadcf32b1,592815,tuivs001,tuivasa01,tuivai001sam,13485,,,,,Q17403495,Tuivailala,Sam,Samuel Johnathan,,,,1992,10,19,,,,2010,2023,2014,2019,,,,,,,,,,,,
78e5c7bc,78e5c7bc-12df-42f8-8234-06da4aa47a1a,435043,dukez001,dukeza01,duke--001zac,3840,,,,,Q1060795,Duke,Zach,Zachary Thomas,,,,1983,4,19,,,,2002,2019,2005,2019,,,,,,,,,,,,
78e899e6,78e899e6-8763-4528-919a-6ff347f1b0ce,690829,joycb001,joycebe01,joyce-000ben,31461,,,,,,Joyce,Ben,Benjamin Alan,,,,2000,9,17,,,,2022,2024,2023,2024,2022,2022,,,,,,,,,,
78eb495b,78eb495b-7a11-4f73-9ab4-36d70d38305f,457453,jurrj001,jurrjja01,jurrje001jai,5556,,,,,Q959800,Jurrjens,Jair,Jair Francoise,,,,1986,1,29,,,,2003,2024,2007,2014,,,,,,,,,,,,
7903ca59,7903ca59-7a1e-4f25-8e3c-d40988291460,475253,smoaj001,smoakju01,smoak-001jus,9054,23725153,,,,Q3190500,Smoak,Justin,Justin Kyle,,,,1986,12,5,,,,2008,2021,2010,2020,2006,2008,,,,,,,,,,
790b568f,790b568f-4321-408e-8b3c-46928f6a1beb,666163,rortb001,rortvbe01,rortve000ben,20287,,,,,Q106673782,Rortvedt,Ben,Benjamin Thomas,,,,1997,9,25,,,,2016,2024,2021,2024,,,,,,,,,,,,
79124d7d,79124d7d-2560-4d8e-a0e9-5e20d6ddc5b2,547749,tazaj001,tazawju01,tazawa001jun,4079,,,,,Q2558597,Tazawa,Junichi,Junichi,,,,1986,6,6,,,,2009,2022,2009,2018,,,,,,,,,,,,
7931c9c0,7931c9c0-a4de-40ab-9029-53485ed9d8f6,682120,herrt002,herriti01,herrin000tim,25139,,,,,,Herrin,Tim,Timothy Edward,,,,1996,10,8,,,,2018,2024,2023,2024,2016,2018,,,,,,,,,,
796da1ce,796da1ce-3cd3-4664-9647-8a425af342de,453539,fulds001,fuldsa01,fuld--001sam,8254,,,,,Q3470492,Fuld,Sam,Samuel Babson,,,,1981,11,20,,,,2005,2015,2007,2015,2001,2004,,,,,,,,,,
798c1597,798c1597-63fe-4002-8b44-b19a9049ef61,643256,cimba001,cimbead01,cimber000ada,15288,,,,,Q51022966,Cimber,Adam,Adam Christian,,,,1990,8,15,,,,2013,2024,2018,2024,2010,2013,,,,,,,,,,
799220ab,799220ab-63db-4efe-9455-ab6793971690,621366,borur001,borucry01,boruck000rya,16350,,,,,Q30099413,Borucki,Ryan,Ryan Joseph,,,,1994,3,31,,,,2012,2024,2018,2024,,,,,,,,,,,,
79afb927,79afb927-c829-40f9-85a8-48a259217dc8,430583,bartj001,bartlja01,bartle001jas,8219,,,,,Q1185295,Bartlett,Jason,Jason Alan,,,,1979,10,30,,,,2001,2014,2004,2014,1998,2001,,,,,,,,,,
79ce621b,79ce621b-2c7f-4587-9122-60475affe639,621107,efliz001,eflinza01,eflin-000zac,13774,,,,,Q18390636,Eflin,Zach,Zachary Adams,,,,1994,4,8,,,,2012,2024,2016,2024,,,,,,,,,,,,
79f9873b,79f9873b-30cf-48ea-ad3b-6ee0300312fa,116338,huntt001,hunteto01,hunter001tor,731,,,,,Q770084,Hunter,Torii,Torii Kedar,,,Spiderman,1975,7,18,,,,1993,2015,1997,2015,,,,,,,,,,,,
7a0ac8cc,7a0ac8cc-1889-4497-b971-a569e665d28e,503556,gonzm002,gonzama01,gonzal009mar,5497,83085157,,,,Q3296105,González,Marwin,Marwin Javier,,,,1989,3,14,,,,2006,2024,2012,2022,,,,,,,,,,,,
7a0e5016,7a0e5016-273b-404c-8164-97a54e6a7c14,543903,websa001,webstal01,webste001car,3993,,,,,Q12224021,Webster,Allen,Carl Allen,,,,1990,2,10,,,,2008,2019,2013,2019,,,,,,,,,,,,
7a17bcd7,7a17bcd7-be52-4c6e-8aa0-b2bafc1c35cd,461829,gonzg003,gonzagi01,gonzal002gio,7448,,,,,Q1525217,Gonzalez,Gio,Giovany Aramis,,,,1985,9,19,,,,2004,2020,2008,2020,,,,,,,,,,,,
7a1d4bb0,7a1d4bb0-b4e4-45dc-87e5-5d9540ba7870,502213,ashln001,ashlene01,ashley001nev,3274,,,,,Q7004902,Ashley,Nevin,Nevin Robert,,,,1984,8,14,,,,2006,2016,2015,2015,,,,,,,,,,,,
7a27c6e1,7a27c6e1-59b2-4ecf-998e-28679d7f3e11,607752,travs001,travisa01,travis000sam,16263,,,,,Q17319006,Travis,Sam,Samuel John,,,,1993,8,27,,,,2014,2024,2017,2019,2012,2014,,,,,,,,,,
7a5975a3,7a5975a3-346e-4b7b-a4f9-19016eb97306,461416,venaw001,venabwi01,venabl001wil,211,,,,,Q596390,Venable,Will,William Dion,,,,1982,10,29,,,,2005,2016,2008,2016,2003,2005,,,,,,,,,,
7a76b501,7a76b501-4323-4ae8-bd89-cacab9b2ee17,543257,grosr001,grossro01,grossm002rob,5254,,,,,Q12981591,Grossman,Robbie,Robert Edward,,,,1989,9,16,,,,2008,2024,2013,2024,,,,,,,,,,,,
7a7e1725,7a7e1725-2bab-44e9-9ce1-b9b390f8dd62,643355,haths001,hathast01,hathaw000ste,15293,,,,,Q26207487,Hathaway,Steve,Steven Ryland,,,,1990,9,13,,,,2013,2017,2016,2016,2011,2013,,,,,,,,,,
7a9fde92,7a9fde92-0e26-4d42-b4be-8c4ff0bc9833,596057,norrd002,norrida01,norris000dan,13475,,,,,Q16929736,Norris,Daniel,Daniel David,,,,1993,4,25,,,,2012,2023,2014,2023,,,,,,,,,,,,
7aa1ec7f,7aa1ec7f-22b1-41d8-9870-71a4cef6186a,453311,linct001,linceti01,lincec001tim,5705,,,,,Q1604,Lincecum,Tim,Timothy LeRoy,,,The Freak,1984,6,15,,,,2006,2018,2007,2016,2004,2006,,,,,,,,,,
7aa6c313,7aa6c313-ecdb-4fc1-807d-8227c5a674ab,676969,degeb001,degeubr01,degeus000bre,23592,,,,,Q106328152,de Geus,Brett,Brett,,,,1997,11,4,,,,2018,2024,2021,2024,,,,,,,,,,,,
7aaba386,7aaba386-db89-4545-945c-464990245346,663485,sandc001,sandsco01,sands-000col,21461,,,,,,Sands,Cole,Bryson Cole,,,,1997,7,17,,,,2019,2024,2022,2024,2016,2018,,,,,,,,,,
7abe2c34,7abe2c34-e4c4-4418-9c3d-e1e7fcc81149,607309,kleip001,kleinph01,klein-000phi,12675,03505134,,,,Q17476794,Klein,Phil,Phil William,,,,1989,4,30,,,,2011,2017,2014,2016,2008,2011,,,,,,,,,,
7ac3c36c,7ac3c36c-a1ea-4d4d-bfec-0a7387335fd5,642226,wothm001,wothema01,wother000mat,16452,,,,,Q62733480,Wotherspoon,Matt,Matt Mark,,,,1991,10,6,,,,2014,2019,2019,2019,2011,2014,,,,,,,,,,
7acf50be,7acf50be-d879-4b98-9fe5-925beca4965b,607179,weemj001,weemsjo01,weems-000jor,13190,,,,,Q97575934,Weems,Jordan,Jordan Blake,,,,1992,11,7,,,,2011,2024,2020,2024,,,,,,,,,,,,
7ad8e7ce,7ad8e7ce-1f7a-48c3-b72b-2cb6a0543835,592774,stanc002,stanlco01,stanle002cod,10838,,,,,Q19838041,Stanley,Cody,Cody Franklin,,,,1988,12,21,,,,2010,2019,2015,2015,,,,,,,,,,,,
7af39fd2,7af39fd2-0874-4ce7-aca3-7ef8551d8060,517369,pirej001,pireljo01,pirela001jos,5485,23725151,,,,Q17306393,Pirela,José,José Manuel,,,,1989,11,21,,,,2007,2024,2014,2019,,,,,,,,,,,,
7b084b1d,7b084b1d-45d0-4622-967b-b962c67dc628,656811,ohear001,ohearry01,ohearn000rya,16442,,,,,Q55874921,O'Hearn,Ryan,Ryan Patrick,,,,1993,7,26,,,,2014,2024,2018,2024,2012,2014,,,,,,,,,,
7b085015,7b085015-f1ec-4e12-b70b-39d75dcea122,547007,whalr001,whalero01,whalen002rob,14165,,,,,Q26251054,Whalen,Robert,Robert Donald,,,,1994,1,31,,,,2012,2022,2016,2018,,,,,,,,,,,,
7b19da06,7b19da06-2601-4558-94a9-a722966a4137,668665,nogos001,nogosst01,nogose000ste,19545,,,,,Q64747307,Nogosek,Stephen,Stephen James,,,,1995,1,11,,,,2016,2024,2019,2023,2014,2016,,,,,,,,,,
7b1cf062,7b1cf062-156c-440d-ab21-4e16fe21bfcb,571825,jonej005,jonesja06,jones-023jam,9767,,,,,Q16467448,Jones,James,James Steven,,,,1988,9,24,,,,2009,2023,2014,2015,,,,,,,,,,,,
7b334004,7b334004-18fb-41a2-aacb-a95d53e625c1,592499,lewia001,lewicar01,lewick000art,16731,,,,,Q38291379,Lewicki,Artie,Arthur Michael,,,,1992,4,8,,,,2014,2021,2017,2020,2011,2014,,,,,,,,,,
7b3b380f,7b3b380f-3a21-485b-a30a-e02ec803ac90,517060,hernp001,hernape02,hernan007ped,4578,,,,,Q3374063,Hernández,Pedro,Pedro Michel,,Camacho,,1989,4,12,,,,2007,2018,2012,2014,,,,,,,,,,,,
7b48ee70,7b48ee70-b72d-4904-9eef-16938a9393d9,434630,white004,whiteel03,whites001dus,3536,,,,,Q45573,Whiteside,Eli,Dustin Eli,,,,1979,10,22,,,,2001,2014,2005,2014,1999,2001,,,,,,,,,,
7b76be79,7b76be79-b5cf-4caa-b7cd-06bbebab4388,150274,nathj001,nathajo01,nathan001jos,1122,,,,,Q1185309,Nathan,Joe,Joseph Michael,,,,1974,11,22,,,,1995,2017,1999,2016,1993,1995,,,,,,,,,,
7b79141f,7b79141f-e76a-4321-8e02-7a955cb2efa8,607644,meanj001,meansjo01,means-000joh,16269,,,,,Q59830934,Means,John,John Alan,,,,1993,4,24,,,,2014,2024,2018,2024,2012,2014,,,,,,,,,,
7b826553,7b826553-24da-4d05-a08a-c3a9acfea05a,673904,walsj002,walshja02,walsh-001jak,20227,,,,,,Walsh,Jake,Jacob Dalton,,,,1995,7,20,,,,2017,2024,2022,2022,2015,2017,,,,,,,,,,
7b8bd81f,7b8bd81f-4931-48e0-b78b-de93de776087,641487,crawj002,crawfjp01,crawfo000jp-,15491,,,,,Q16236713,Crawford,J. P.,John Paul,,,,1995,1,11,,,,2013,2024,2017,2024,,,,,,,,,,,,
7b8f246d,7b8f246d-b695-475e-b5a5-88fcb65ea959,572863,garnd001,garnedu01,garnea001dus,9433,,,,,Q20858439,Garneau,Dustin,Dustin Thomas,,,,1987,8,13,,,,2009,2022,2015,2022,,,,,,,,,,,,
7ba8f9ac,7ba8f9ac-800a-4fef-bd71-a95e50faecc8,607208,turnt001,turnetr01,turner000tre,16252,,,,,Q16235922,Turner,Trea,Trea Vance,,,,1993,6,30,,,,2014,2024,2015,2024,2012,2014,,,,,,,,,,
7bb397ed,7bb397ed-cd1b-40c7-95a7-1c637d74e303,425856,floyg001,floydga01,floyd-001gav,3886,,,,,Q2747575,Floyd,Gavin,Gavin Christopher,,,,1983,1,27,,,,2002,2016,2004,2016,,,,,,,,,,,,
7bdf71fc,7bdf71fc-d9d0-481c-8312-50652936c6ab,430661,mcgod001,mcgowdu01,mcgowa001dus,8600,,,,,Q941060,McGowan,Dustin,Dustin Michael,,,,1982,3,24,,,,2000,2017,2005,2017,,,,,,,,,,,,
7bfd5458,7bfd5458-2e07-47b9-b077-6532bdc159d0,600524,nuner001,nunezre01,nunez-002ren,14503,53055155,,,,Q18394007,Núñez,Renato,Renato Rafael,,,,1994,4,4,,,,2011,2024,2016,2021,,,,,,,,,,,,
7c0b7e9e,7c0b7e9e-0322-4bc9-8949-a98b9226ac3d,455376,leona002,leonar02,leon--001arc,8846,,,,,Q28740191,León,Arcenio,Arcenio,,,,1986,9,22,,,,2005,2022,2017,2017,,,,,,,,,,,,
7c1b3a4c,7c1b3a4c-26d8-491c-9c68-32a7da1f23e9,661440,llovm001,llovema01,llover000mau,20080,,,,,Q98968579,Llovera,Mauricio,Mauricio Alejandro,,Serrano,,1996,4,17,,,,2015,2024,2020,2023,,,,,,,,,,,,
7c1cd208,7c1cd208-e817-437c-89bb-0b08454b4463,501992,karnn001,karnsna01,karns-001nat,12638,,,,,Q6969170,Karns,Nate,Nathan Alan,,,,1987,11,25,,,,2011,2019,2013,2019,2008,2009,,,,,,,,,,
7c5d0a52,7c5d0a52-2cd4-4dc8-a877-da19b7675b67,663372,feltr001,feltnry01,feltne000rya,21446,,,,,,Feltner,Ryan,Ryan Donald,,,,1996,9,2,,,,2018,2024,2021,2024,2016,2018,,,,,,,,,,
7c7bac6f,7c7bac6f-9b83-4a08-8aa8-bcfd9f9c9308,622795,mendy001,mendeyo01,mendez000yoh,14391,93095157,,,,Q26837638,Méndez,Yohander,Yohander Manuel,,Ortega,,1995,1,17,,,,2012,2024,2016,2019,,,,,,,,,,,,
7c89ba9f,7c89ba9f-596e-4adc-99ee-2904af6378fa,501697,marij001,marinjh01,marine001jha,5830,,,,,Q548426,Mariñez,Jhan,Jhan Carlos,,Fuente,,1988,8,12,,,,2006,2024,2010,2018,,,,,,,,,,,,
7c97331e,7c97331e-10fd-4e66-8205-64bdcd4979fb,678545,basao001,basabos01,basabe000osl,23985,,,,,,Basabe,Osleivis,Osleivis Jose,,Chourio,,2000,9,13,,,,2017,2024,2023,2023,,,,,,,,,,,,
7cacd663,7cacd663-a008-4c7f-ab99-adc2d1c2f4a8,279827,quinh001,quinthu01,quinte001hum,1824,,,,,Q3143215,Quintero,Humberto,Humberto,,,,1979,8,2,,,,1999,2016,2003,2014,,,,,,,,,,,,
7cc624f8,7cc624f8-4711-4738-9a36-564f29d13772,431145,martr004,martiru01,martin003rus,4616,,,,,Q1027572,Martin,Russell,Russell Nathan Coltrane,,Jeanson,,1983,2,15,,,,2002,2019,2006,2019,2001,2002,,,,,,,,,,
7cc7fb70,7cc7fb70-2900-46a1-9e97-1e482048b02a,628711,uriaj001,uriasju01,urias-000jul,14765,,,,,Q16929779,Urías,Julio,Julio Cesar,,Acosta,,1996,8,12,,,,2013,2023,2016,2023,,,,,,,,,,,,
7cfb0ef8,7cfb0ef8-ce4e-4922-8316-37e191b777b7,664299,javic001,javiecr01,javier000cri,17606,,,,,Q81783309,Javier,Cristian,Cristian,,Mieses,,1997,3,26,,,,2015,2024,2020,2024,,,,,,,,,,,,
7d0ca363,7d0ca363-019f-4d26-b998-79608500cf78,607727,smitj005,smithja06,smith-017jac,14379,,,,,Q27062660,Smith,Jake,Jacob Matthew,,,,1990,6,2,,,,2012,2017,2016,2016,2011,2011,,,,,,,,,,
7d101896,7d101896-e647-4ece-b537-2b96ed3171c5,623508,giamt001,giambtr01,giambr000tre,19250,,,,,Q108746558,Giambrone,Trent,Trent Joseph,,,,1993,12,20,,,,2016,2024,2021,2021,2015,2016,,,,,,,,,,
7d245886,7d245886-e587-4675-8b1c-971aa3f6c85b,608665,gravk001,graveke01,gravem000ken,15514,,,,,Q17811619,Graveman,Kendall,Kendall Chase,,,,1990,12,21,,,,2013,2023,2014,2023,2010,2013,,,,,,,,,,
7d3ec7a5,7d3ec7a5-3df7-4df5-a0c1-57c83054dcea,543569,moreb001,morelbr01,morel-001bre,6402,13915132,,,,Q2924487,Morel,Brent,Brenton Andre,,,,1987,4,21,,,,2008,2017,2010,2015,2006,2008,,,,,,,,,,
7d65d9ce,7d65d9ce-801a-48ce-8eba-274cc472aad3,519025,middw001,middlwi01,middle001wil,7002,,,,,Q3568295,Middlebrooks,Will,William Scott,,,,1988,9,9,,,,2008,2017,2012,2017,,,,,,,,,,,,
7d9cbe12,7d9cbe12-5d6b-4478-a3b3-c83e7e2bd322,572233,walkc002,walkech02,walker002chr,13419,,,,,Q17403522,Walker,Christian,Christian Dickson,,,,1991,3,28,,,,2012,2024,2014,2024,2010,2012,,,,,,,,,,
7da72897,7da72897-e495-4064-a240-a9a17e551678,572208,tolla001,tollias01,tolliv001ash,10044,,,,,Q24248334,Tolliver,Ashur,Ashur Jordan,,,,1988,1,24,,,,2009,2019,2016,2017,,,,,,,,,,,,
7da75f36,7da75f36-7a8f-4b37-924b-54b30b1b3c1e,543633,perej002,perezju02,perez-014jua,5371,,,,,Q13500376,Pérez,Juan,Juan Carlos,,,,1986,11,13,,,,2009,2023,2013,2015,,,,,,,,,,,,
7dd0a609,7dd0a609-f642-45e6-8fac-3efb5238b028,607162,garco001,garcion01,garcia000one,13674,33535136,,,,Q15455346,García,Onelki,Onelki,,Speck,,1989,8,2,,,,2007,2024,2013,2017,,,,,,,,,,,,
7de40bd0,7de40bd0-c806-4fa0-8ec6-f11319d2a3fe,657077,verda001,verdual01,verdug000ale,17027,,,,,Q28911581,Verdugo,Alex,Alexander Brady,,,,1996,5,15,,,,2014,2024,2017,2024,,,,,,,,,,,,
7e11b222,7e11b222-9edf-4a8e-b200-58148fc02009,548337,verrl001,verrelo01,verret000log,12905,,,,,Q16573321,Verrett,Logan,Scott Logan,,,,1990,6,19,,,,2012,2022,2015,2017,2009,2011,,,,,,,,,,
7e4136d0,7e4136d0-4956-449c-abf9-cb900fdbba5b,543779,siegk001,siegrke01,siegri001kev,8180,,,,,Q13580430,Siegrist,Kevin,Kevin Ryan,,,,1989,7,20,,,,2008,2022,2013,2017,,,,,,,,,,,,
7e4f5711,7e4f5711-7959-4427-9e51-137de0414440,573009,mantj002,mantijo01,mantip001jos,14857,,,,,Q19571616,Mantiply,Joe,Joseph Newman,,,,1991,3,1,,,,2013,2024,2016,2024,2010,2013,,,,,,,,,,
7e515ddc,7e515ddc-170f-490a-9ff3-41d09d7a633b,663975,duron001,duronni01,duron-000nic,21092,,,,,Q113119111,Duron,Nick,Nicholas Gregory,,,,1996,1,30,,,,2015,2023,2022,2022,,,,,,,,,,,,
7e7c9f53,7e7c9f53-a34f-44ea-84bd-aecf55cae07c,461314,kempm001,kempma01,kemp--001mat,5631,,,,,Q746914,Kemp,Matt,Matthew Ryan,,,The Bison,1984,9,23,,,,2003,2020,2006,2020,,,,,,,,,,,,
7e7ebe04,7e7ebe04-9d44-479f-930f-c8a27e58d854,669008,dawsr001,dawsoro01,dawson002ron,19710,,,,,Q39071334,Dawson,Ronnie,Ronnie Silas,,,,1995,5,19,,,,2016,2024,2021,2022,2014,2016,,,,,,,,,,
7e86d18d,7e86d18d-ac4b-4ac7-89bb-b6d2b3d103ac,573062,norta001,northaa01,northc001aar,10218,,,,,Q4662294,Northcraft,Aaron,Aaron Lee,,,,1990,5,28,,,,2009,2022,2021,2021,,,,,,,,,,,,
7e8aa7eb,7e8aa7eb-c193-42a0-927d-5f1c506313d6,572073,rickj001,rickajo01,rickar000joe,13277,,,,,Q23724882,Rickard,Joey,Joseph Mark,,,,1991,5,21,,,,2012,2021,2016,2020,2010,2012,,,,,,,,,,
7e901a77,7e901a77-825a-45c7-bb05-89134ee00216,408047,mornj001,morneju01,mornea001jus,1737,,,,,Q127585,Morneau,Justin,Justin Ernest George,,,,1981,5,15,,,,1999,2016,2003,2016,,,,,,,,,,,,
7eaa8a6b,7eaa8a6b-6631-489d-9575-6694a2f379fb,642215,wilsw002,wilsowe01,wilson001wes,19358,,,,,,Wilson,Weston,Weston Graham,,,,1994,9,11,,,,2016,2024,2023,2024,2014,2016,,,,,,,,,,
7eadf82c,7eadf82c-f416-47bb-89b2-2e74008fe2b2,663411,mccaj002,mccarjo04,mccart002joe,18399,03205155,,,,Q50528996,McCarthy,Joe,Joseph Edward,,,,1994,2,23,,,,2015,2022,2020,2020,2013,2015,,,,,,,,,,
7eae1678,7eae1678-6bad-4338-b869-0147d69aa95d,669724,hanib001,hanifbr01,hanife000bre,22304,,,,,,Hanifee,Brenan,Brenan Reese,,,,1998,5,29,,,,2017,2024,2023,2024,,,,,,,,,,,,
7ecd7cf2,7ecd7cf2-3e8c-433c-860c-f1b5bbf712a1,605396,murrc002,murraco02,murray000col,12264,,,,,,Murray,Colton,Colton James,,,,1990,4,22,,,,2011,2018,2015,2016,2009,2011,,,,,,,,,,
7ed9afe4,7ed9afe4-4fd4-42e6-b971-b12c13fd4e58,599998,campl001,campole01,campos000leo,12277,53555136,,,,Q17811514,Campos,Leonel,Leonel Enrique,,Linares,,1987,7,17,,,,2010,2024,2014,2017,,,,,,,,,,,,
7ee2cfcf,7ee2cfcf-0b2e-41c4-a981-52b42688ddfd,543482,maggd001,maggidr01,maggi-001and,11381,,,,,,Maggi,Drew,Andrew Jerome,,,,1989,5,16,,,,2010,2024,2023,2023,2009,2010,,,,,,,,,,
7eeab24a,7eeab24a-d8f8-42f8-a428-4e3d6391df83,485567,carre001,carreez01,carrer001eze,9048,,,,,Q3062821,Carrera,Ezequiel,Ezequiel Manuel,,Reyes,,1987,6,11,,,,2005,2020,2011,2017,,,,,,,,,,,,
7ef315a9,7ef315a9-849e-44f1-a290-9867a9354b09,570810,bonil001,bonilli01,bonill001lis,11266,,,,,Q17859743,Bonilla,Lisalverto,Lisalverto,,,,1990,6,18,,,,2009,2024,2014,2017,,,,,,,,,,,,
7f087dfc,7f087dfc-3850-4405-adb3-a6126940d1bd,608717,strac001,stratch01,stratt000chr,13761,,,,,Q5108178,Stratton,Chris,Christopher Lee,,,,1990,8,22,,,,2012,2024,2016,2024,2010,2012,,,,,,,,,,
7f114ac2,7f114ac2-7932-4b3b-b18f-f663df6a5678,677592,peree005,pereiev01,pereir000eve,23695,,,,,,Pereira,Everson,Everson Jose,,Gil,,2001,4,10,,,,2018,2024,2023,2023,,,,,,,,,,,,
7f596a85,7f596a85-e550-4f92-9a5d-11a14bce8e2e,664731,higgp001,higgipj01,higgin000pj-,18433,,,,,Q106916483,Higgins,P. J.,Patrick James,,,,1993,5,10,,,,2015,2024,2021,2022,2013,2015,,,,,,,,,,
7f5d30a9,7f5d30a9-7713-4622-9ca0-e5b40d7fbb71,621044,valej006,valenje01,valent000jes,14548,,,,,Q30031398,Valentín,Jesmuel,Jesmuel Jose,,,,1994,5,12,,,,2012,2024,2018,2018,,,,,,,,,,,,
7f641c08,7f641c08-5c31-47f4-88a2-927d3a684c4a,543685,renda001,rendoan01,rendon001ant,12861,,,,,Q4773350,Rendon,Anthony,Anthony Michael,,,,1990,6,6,,,,2012,2024,2013,2024,2009,2011,,,,,,,,,,
7f7573f2,7f7573f2-b2fa-4521-aded-67e07dd4c460,430580,simoa001,simonal01,simon-001alf,2155,,,,,Q278502,Simón,Alfredo,Alfredo,,Cabrera,,1981,5,8,,,,2001,2024,2008,2016,,,,,,,,,,,,
7f7dd44c,7f7dd44c-5b97-489e-86b4-a2789d626c1d,621006,martr006,martiri01,martin017ric,17736,,,,,Q20657279,Martin,Richie,Richard Allen,,,,1994,12,22,,,,2015,2024,2019,2022,2013,2015,,,,,,,,,,
7f95f67d,7f95f67d-574d-4716-92d3-68d499a260bc,660422,guzmj006,guzmajo04,guzman003jor,17505,,,,,Q72905454,Guzmán,Jorge,Jorge,,Florentino,,1996,1,28,,,,2015,2023,2020,2021,,,,,,,,,,,,
7ff00997,7ff00997-567f-401b-9ea7-32d266675a3f,431151,wrigd002,wrighda03,wright002dav,3787,,,,,Q684849,Wright,David,David Allen,,,,1982,12,20,,,,2001,2018,2004,2018,,,,,,,,,,,,
