key_person,key_uuid,key_mlbam,key_retro,key_bbref,key_bbref_minors,key_fangraphs,key_npb,key_sr_nfl,key_sr_nba,key_sr_nhl,key_wikidata,name_last,name_first,name_given,name_suffix,name_matrilineal,name_nick,birth_year,birth_month,birth_day,death_year,death_month,death_day,pro_played_first,pro_played_last,mlb_played_first,mlb_played_last,col_played_first,col_played_last,pro_managed_first,pro_managed_last,mlb_managed_first,mlb_managed_last,col_managed_first,col_managed_last,pro_umpired_first,pro_umpired_last,mlb_umpired_first,mlb_umpired_last
60096e9a,60096e9a-b343-4d92-90c8-4733777e8a37,669618,barlj001,barlojo01,barlow000joe,22296,,,,,Q107343456,Barlow,Joe,Joseph Israel,,,,1995,9,28,,,,2016,2024,2021,2023,,,,,,,,,,,,
6020b1f4,6020b1f4-4854-4617-a86b-33e3f959c901,430911,aardd001,aardsda01,aardsm001dav,1902,,,,,Q1208089,Aardsma,David,David Allan,,,,1981,12,27,,,,2003,2017,2004,2015,2001,2003,,,,,,,,,,
603a3487,603a3487-fec4-4947-92c6-474912aced72,650644,civaa001,civalaa01,civale000aar,19479,,,,,Q64780742,Civale,Aaron,Aaron James,,,,1995,6,12,,,,2016,2024,2019,2024,2014,2016,,,,,,,,,,
605248a6,605248a6-f557-440d-834c-35e6fc95d96c,666464,encaj002,encarje01,encarn000yer,21871,,,,,,Encarnacion,Jerar,Jerar Luis,,Olmos,,1997,10,22,,,,2016,2024,2022,2024,,,,,,,,,,,,
60555660,60555660-1f7b-4ba6-b1d8-4a23580254ed,448855,guerj003,guerrju02,guerra001jun,5702,,,,,Q20088611,Guerra,Junior,Junior J.,,,,1985,1,16,,,,2003,2024,2015,2021,,,,,,,,,,,,
606031bf,606031bf-cff1-4c35-98e9-aa8b24c0dbc7,663978,paddc001,paddach01,paddac000chr,20099,,,,,Q62571018,Paddack,Chris,Christopher Joseph,,,,1996,1,8,,,,2015,2024,2019,2024,,,,,,,,,,,,
608f31cf,608f31cf-f7b6-4dbd-94f3-1b5f75ed5f1e,519393,waldm002,waldema01,walden001mar,8004,,,,,Q50999111,Walden,Marcus,Marcus Walter,,,,1988,9,13,,,,2007,2023,2018,2020,,,,,,,,,,,,
609315d6,609315d6-f835-4062-88d1-ea184b215c5d,666745,britj003,britojh01,brito-000jho,25386,,,,,,Brito,Jhony,Jhony Rafael,,Feliz,,1998,2,17,,,,2016,2024,2023,2024,,,,,,,,,,,,
60e5ec60,60e5ec60-60a9-483b-861e-8569e66beedc,686668,doylb001,doylebr02,doyle-000bre,25479,,,,,,Doyle,Brenton,Brenton Edward,,,,1998,5,14,,,,2019,2024,2023,2024,2017,2019,,,,,,,,,,
60ee2869,60ee2869-1cd7-40be-a02d-f99125f1fd46,596112,stepr002,stephro01,stephe006rob,13594,,,,,Q7350038,Stephenson,Robert,Robert William,,,,1993,2,24,,,,2012,2024,2016,2023,,,,,,,,,,,,
60fa4272,60fa4272-42dd-423d-b574-a4223761c473,519008,mcfat001,mcfartj01,mcfarl001tj-,3237,,,,,Q10337116,McFarland,T. J.,Timothy John,,,,1989,6,8,,,,2008,2024,2013,2024,,,,,,,,,,,,
611522c1,611522c1-7861-4064-a662-4d6898152079,460579,morgn001,morgany01,morgan001nyj,4885,61865137,,,,Q861733,Morgan,Nyjer,Nyjer Jamid,,,Tony Plush,1980,7,2,,,,2003,2017,2007,2014,2001,2002,,,,,,,,,,
6128e02f,6128e02f-5844-4b4a-9f8f-9ea6aaea3dc9,453203,robis001,robinsh01,robins001sha,4249,,,,,Q3481377,Robinson,Shane,Shane Michael,,,,1984,10,30,,,,2006,2021,2009,2018,2004,2006,,,,,,,,,,
6136c974,6136c974-5d0b-42f6-8d37-470294caaa3d,407793,lackj001,lackejo01,lackey002joh,1507,,,,,Q3178824,Lackey,John,John Derran,,,,1978,10,23,,,,1999,2017,2002,2017,1998,1999,,,,,,,,,,
613e9d5c,613e9d5c-31ac-4db2-b72d-2a03670a7157,673451,akiys001,akiyash01,akiyam000sho,27461,31135133,,,,Q11595041,Akiyama,Shogo,Shogo,,,,1988,4,16,,,,2011,2024,2020,2021,,,,,,,,,,,,
614c3058,614c3058-08af-4467-b78d-5766b756f681,588751,hecha001,hechaad01,hechav001ade,10459,33035153,,,,Q2824173,Hechavarría,Adeiny,Adeiny,,Barrera,,1989,4,15,,,,2006,2024,2012,2020,,,,,,,,,,,,
6178c693,6178c693-7174-4fb1-a184-384803ab08aa,460269,gimec001,gimench01,gimene001chr,7324,,,,,Q2964720,Gimenez,Chris,Christopher Paul,,,,1982,12,27,,,,2004,2018,2009,2018,2002,2004,,,,,,,,,,
61b03e07,61b03e07-c9ba-40f5-bd13-8377776887c2,493141,,,nakaji001hir,14446,01005113,,,,,Nakajima,Hiroyuki,Hiroyuki,,,,1982,7,31,,,,2002,2024,,,,,,,,,,,,,,
61e632b4,61e632b4-e791-4349-a833-9f0e88bb2547,670056,barac001,baragca01,barage000cal,19231,,,,,Q97626771,Baragar,Caleb,Caleb,,,,1994,4,9,,,,2016,2024,2020,2021,2015,2016,,,,,,,,,,
6215928c,6215928c-30b5-4232-9961-88b646fae246,621076,kaprj001,kaprija01,kaprie000jam,18331,,,,,Q19881149,Kaprielian,James,James Douglas,,,,1994,3,2,,,,2015,2024,2020,2023,2013,2015,,,,,,,,,,
622c9e87,622c9e87-c357-490d-bd2c-fb8c2082ef2a,623182,kivlp001,kivlepa01,kivleh000pat,13910,63265155,,,,Q17306153,Kivlehan,Patrick,Patrick Anthony,,,,1989,12,22,,,,2012,2023,2016,2021,2012,2012,,,,,,,,,,
623266f1,623266f1-ff4f-40d3-bfea-ecd4f5eb41ad,571760,heana001,heanean01,heaney001and,15423,,,,,Q4757270,Heaney,Andrew,Andrew Mark,,,,1991,6,5,,,,2012,2024,2014,2024,2010,2012,,,,,,,,,,
623e0e60,623e0e60-2ca6-4b00-b7e2-dad07c23785b,656514,hasea001,haselad01,hasele000ada,19878,,,,,Q29474928,Haseley,Adam,Adam Donald,,,,1996,4,12,,,,2017,2023,2019,2023,2015,2017,,,,,,,,,,
62540694,62540694-406e-47d6-9d10-49305f8aeff1,465679,dedus001,dedunsa01,deduno001sam,5285,,,,,Q3471103,Deduno,Sam,Samuel,,Lake,,1983,7,2,,,,2004,2018,2010,2015,,,,,,,,,,,,
62586b55,62586b55-4899-4e8b-bf73-dfed2e4626fe,543475,lylej001,lylesjo01,lyles-001jor,7593,,,,,Q377491,Lyles,Jordan,Jordan Horton,,,,1990,10,19,,,,2008,2024,2011,2024,,,,,,,,,,,,
625d0034,625d0034-eaa7-4308-9928-7ceb8ae115db,642130,taylb004,taylobl01,taylor002bla,16418,,,,,Q97721715,Taylor,Blake,Blake Michael,,,,1995,8,17,,,,2013,2024,2020,2022,,,,,,,,,,,,
6278dfa5,6278dfa5-6f03-4a8f-81a1-e86304ac675b,592346,gonzc002,gonzach01,gonzal001ale,14663,,,,,Q20022762,González,Chi Chi,Alexander,,,,1992,1,15,,,,2013,2023,2015,2023,2011,2013,,,,,,,,,,
628392db,628392db-64fc-46b9-89b2-4e1954fa9d76,664294,mored002,moretda01,moreta000dau,21101,,,,,,Moreta,Dauri,Dauri Michell,,Perez,,1996,4,15,,,,2015,2023,2021,2023,,,,,,,,,,,,
6284f67d,6284f67d-3f3b-4609-8893-dd6816e90f6a,687888,waltb002,waltebr01,walter000bra,26056,,,,,,Walter,Brandon,Brandon Lee,,,,1996,9,8,,,,2019,2023,2023,2023,2016,2019,,,,,,,,,,
6293b884,6293b884-afe2-4476-8f2a-d90eaab82d34,547874,iwakh001,iwakuhi01,iwakum001his,13048,01105111,,,,Q1148945,Iwakuma,Hisashi,Hisashi,,,,1981,4,12,,,,2001,2019,2012,2017,,,,,,,,,,,,
629b4792,629b4792-9d25-464b-b807-3dfd6dd2edab,594986,ryank002,ryanky01,ryan--001kyl,11753,,,,,Q17746513,Ryan,Kyle,Kyle,,,,1991,9,25,,,,2010,2022,2014,2021,,,,,,,,,,,,
62b4d109,62b4d109-f262-4a5d-a8ee-802d411ebd4d,605400,nolaa001,nolaaa01,nola--000aar,16149,,,,,Q16235688,Nola,Aaron,Aaron Michael,,,,1993,6,4,,,,2014,2024,2015,2024,2012,2014,,,,,,,,,,
62b6bf66,62b6bf66-c5fd-45ff-8c2b-656e04070f12,502281,hatlm001,hatlema01,hatley001mar,4002,,,,,Q20631192,Hatley,Marcus,Marcus Allen,,,,1988,3,26,,,,2007,2015,2015,2015,,,,,,,,,,,,
6316009d,6316009d-6760-4305-af9e-b86da149b33b,519304,soton001,sotone01,soto--001nef,5663,03505136,,,,Q6987041,Soto,Neftali,Neftali O.,,,,1989,2,28,,,,2007,2024,2013,2014,,,,,,,,,,,,
637059e5,637059e5-739f-4a42-8afb-fa3c10b1ecfb,462564,uggld001,ugglada01,uggla-001dan,3442,,,,,Q1083403,Uggla,Dan,Daniel Cooley,,,,1980,3,11,,,,2001,2015,2006,2015,1999,2001,,,,,,,,,,
63719224,63719224-28d8-46bd-9226-3ff7ec224a5b,622226,cozed001,cozendy01,cozens000dyl,15115,,,,,Q29841080,Cozens,Dylan,Dylan Wallace,,,,1994,5,31,,,,2012,2021,2018,2019,,,,,,,,,,,,
638189d3,638189d3-dd8b-4542-b925-44fab88bee01,672715,patil001,patinlu01,patino000lui,22815,,,,,Q66479977,Patiño,Luis,Luis Fernando,,Arzuza,,1999,10,26,,,,2017,2023,2020,2023,,,,,,,,,,,,
639bbc74,639bbc74-4310-4914-adb2-5c0d4ac9d023,518813,hollg001,hollagr01,hollan001gre,7196,,,,,Q3116245,Holland,Greg,Gregory Scott,,,,1985,11,20,,,,2007,2022,2010,2022,2005,2007,,,,,,,,,,
63a7de3f,63a7de3f-c979-4dbc-bf4c-16438712bdc5,553883,campv001,campovi01,campos003jos,11681,,,,,Q26702451,Campos,Vicente,Jose Vicente,,Carnota,,1992,7,27,,,,2009,2024,2016,2016,,,,,,,,,,,,
63bf6c51,63bf6c51-abc1-44b1-8df3-5fe8498eb6d1,676641,sulsb001,sulsebe01,sulser000bea,23420,,,,,Q111721117,Sulser,Beau,Beau Grayson,,,,1994,5,5,,,,2017,2024,2022,2022,2013,2017,,,,,,,,,,
63e6be37,63e6be37-8f59-4cbc-b6aa-5e61f27e70f8,657434,ograb001,ogradbr01,ogrady000bri,16729,43745155,,,,Q66154915,O'Grady,Brian,Brian Patrick,,,,1992,5,17,,,,2014,2024,2019,2021,2011,2014,,,,,,,,,,
63ea8a28,63ea8a28-4847-4fed-aca6-d767b60213f3,502239,cahit001,cahiltr01,cahill001tre,6249,,,,,Q3112328,Cahill,Trevor,Trevor John,,,,1988,3,1,,,,2006,2022,2009,2021,,,,,,,,,,,,
641f257c,641f257c-251d-44fe-8e56-804dfc7d5b1d,445153,downd001,downsda02,downs-001dar,5903,,,,,Q3016117,Downs,Darin,Darin Burton,,,,1984,12,26,,,,2003,2021,2012,2014,,,,,,,,,,,,
6432c429,6432c429-72fb-4e45-8024-7bc4e71c1720,639373,bautg001,bautige01,bautis001ger,19256,,,,,Q50813528,Bautista,Gerson,Gerson,,,,1995,5,31,,,,2014,2024,2018,2019,,,,,,,,,,,,
6451a8e5,6451a8e5-0891-40de-9579-2e97eed920a3,605346,lopej005,lopezja03,lopez-002jac,13663,,,,,Q107556401,López,Jack,Jack Henry,,,,1992,12,16,,,,2012,2024,2021,2024,,,,,,,,,,,,
645e2478,645e2478-52d8-4999-900c-d0a17ea53533,425549,barmc001,barmecl01,barmes001cli,1830,,,,,Q2979321,Barmes,Clint,Clint Harold,,,,1979,3,6,,,,2000,2016,2003,2015,1998,2000,,,,,,,,,,
64790a8c,64790a8c-3f65-477a-aa10-6ce49ed401a3,623474,hergj001,hergeji01,herget000jim,17556,,,,,Q65029088,Herget,Jimmy,Jimmy Matthew,,,,1993,9,9,,,,2015,2024,2019,2024,2013,2015,,,,,,,,,,
64a40670,64a40670-b5f9-431e-a0a5-ca76b586369e,452254,pench001,pencehu01,pence-001hun,8252,,,,,Q2421765,Pence,Hunter,Hunter Andrew,,,,1983,4,13,,,,2004,2020,2007,2020,2002,2004,,,,,,,,,,
64c3f077,64c3f077-12f8-4f40-9eb9-2a5c1a107e70,686580,slatj002,slateju01,slaten000jus,25648,,,,,,Slaten,Justin,Justin Michael,,,,1997,9,15,,,,2019,2024,2024,2024,2017,2019,,,,,,,,,,
64dc631c,64dc631c-321b-4ca6-85f3-f97fa5449300,592261,deshd002,deshide02,deshie002del,11379,,,,,Q4140539,DeShields,Delino,Delino Diaab,,,,1992,8,16,,,,2010,2024,2015,2021,,,,,,,,,,,,
64dfeef1,64dfeef1-87e9-41f5-9633-b0eb6b35f854,650490,diazy001,diazya01,diaz--000yan,16578,,,,,Q27644382,Díaz,Yandy,Yandy,,Fernández,,1991,8,8,,,,2008,2024,2017,2024,,,,,,,,,,,,
64ec2fee,64ec2fee-da81-41c9-b8c2-98fbfc106657,548348,josed001,josepdo01,joseph001don,6491,,,,,Q5296668,Joseph,Donnie,Don Atley,,,,1987,11,1,,,,2009,2016,2013,2014,2007,2009,,,,,,,,,,
65146d65,65146d65-28a1-4ea8-9dfd-1b6cd014f7c1,663845,rivaa001,rivasal01,rivas-001alf,21560,,,,,Q108328854,Rivas,Alfonso,Alfonso,,,,1996,9,13,,,,2018,2024,2021,2023,2016,2018,,,,,,,,,,
65205cb5,65205cb5-45f4-4fc2-b29a-3ab74d413657,664869,conlp001,conlopj01,conlon000pj-,18213,,,,,Q52801195,Conlon,P. J.,Patrick Joshua,,,,1993,11,11,,,,2015,2019,2018,2018,2013,2015,,,,,,,,,,
6525f701,6525f701-9325-4b4a-a693-c44c1ec700e5,676840,peacm001,peacoma01,peacoc000mat,20339,,,,,Q106410668,Peacock,Matt,Matthew Allen,,,,1994,2,27,,,,2017,2023,2021,2022,2014,2017,,,,,,,,,,
65381047,65381047-892b-41cf-aa8a-daf49102ec48,453286,schem001,scherma01,scherz001max,3137,,,,,Q3028907,Scherzer,Max,Maxwell Martin,,,,1984,7,27,,,,2007,2024,2008,2024,2004,2006,,,,,,,,,,
657e6fd2,657e6fd2-e3db-4937-a62e-8a52aeeeff58,570805,taveo001,taveros01,tavera001osc,11173,,,,,Q8078870,Taveras,Oscar,Oscar Francisco,,,,1992,6,19,2014,10,26,2009,2014,2014,2014,,,,,,,,,,,,
6590f8a3,6590f8a3-55e8-41bc-a3d4-99c4dcc153b4,474599,wagnn001,wagnene01,wagner001nei,8162,63765136,,,,Q3337841,Wagner,Neil,Neil Kannas,,,,1984,1,1,,,,2006,2018,2011,2014,2003,2005,,,,,,,,,,
6596c8a7,6596c8a7-c5c6-400d-a4ac-f84018f6594e,664238,moord002,mooredy01,moore-000dyl,18042,,,,,Q58494721,Moore,Dylan,Dylan Scott,,,,1992,8,2,,,,2015,2024,2019,2024,2014,2015,,,,,,,,,,
659cc1f9,659cc1f9-3de2-4cb1-a2ea-101985b20a78,449786,corpc001,corpoca01,corpor001car,5587,,,,,Q521653,Corporán,Carlos,Carlos Fernando,,,,1984,1,7,,,,2003,2019,2009,2015,,,,,,,,,,,,
659f674e,659f674e-2621-4b75-8321-b49e2dcdb9f2,682928,abrac001,abramcj01,abrams000pau,25768,,,,,Q64738468,Abrams,CJ,Paul Christopher,,,,2000,10,3,,,,2019,2024,2022,2024,,,,,,,,,,,,
65b4a397,65b4a397-11fa-4aed-8b94-5b900dcc3d9e,425794,waina001,wainwad01,wainwr001ada,2233,,,,,Q1185516,Wainwright,Adam,Adam Parrish,,,,1981,8,30,,,,2000,2023,2005,2023,,,,,,,,,,,,
65b8bfe1,65b8bfe1-8792-4bcb-b1cb-b5eac4f37324,605228,fernj003,fernajo02,fernan009jos,11530,,,,,Q12808506,Fernández,José,José Delfin,,Gomez,,1992,7,31,2016,9,25,2011,2016,2013,2016,,,,,,,,,,,,
65ca0a0c,65ca0a0c-805a-48d0-9d42-67ef08eae04c,518790,hestc001,hestoch01,heston001chr,10302,,,,,Q5106869,Heston,Chris,Christopher L.,,,Hesto Presto,1988,4,10,,,,2009,2018,2014,2017,,,,,,,,,,,,
65d8d522,65d8d522-ec2d-45df-8871-8d10c319ab5a,434622,jimeu001,jimenub01,jimene001uba,3374,,,,,Q769788,Jiménez,Ubaldo,Ubaldo,,,,1984,1,22,,,,2002,2019,2006,2017,,,,,,,,,,,,
65e6cf19,65e6cf19-6564-4f9d-9040-c319a38683dc,571970,muncm001,muncyma01,muncy-001max,13301,,,,,Q19838042,Muncy,Max,Maxwell Steven,,,,1990,8,25,,,,2012,2024,2015,2024,2010,2012,,,,,,,,,,
65fd4402,65fd4402-60d0-4432-8254-2c92b9f03fbf,666137,lee-k001,leekh01,lee---000kha,19952,,,,,Q64785871,Lee,Khalil,Khalil Rashad,,,,1998,6,26,,,,2016,2024,2021,2022,,,,,,,,,,,,
660d6734,660d6734-a90a-40e1-8478-1b533077910d,502578,barra001,barreaa01,barret001aar,11243,,,,,Q16198187,Barrett,Aaron,Aaron James,,,,1988,1,2,,,,2010,2022,2014,2020,,,,,,,,,,,,
660f139f,660f139f-dafb-49ed-9582-c8ed36944553,668909,willg004,williga01,willia001gav,30122,,,,,,Williams,Gavin,Gavin Scott,,,,1999,7,26,,,,2022,2024,2023,2024,2018,2021,,,,,,,,,,
661c3c71,661c3c71-fb29-4d83-883f-453306df4521,425834,uptob001,uptonbj01,upton-001mel,5015,,,,,Q2876661,Upton,B. J.,Melvin Emanuel,Jr.,,,1984,8,21,,,,2003,2017,2004,2016,,,,,,,,,,,,
661e2c16,661e2c16-71a1-4694-a04f-dd3e2d06031d,431171,mcgec001,mcgehca01,mcgehe001cas,6086,21825137,,,,Q1047220,McGehee,Casey,Casey Michael,,,,1982,10,12,,,,2003,2018,2008,2016,2001,2003,,,,,,,,,,
6622f351,6622f351-9beb-4a6e-a041-d6cffd889e05,693821,eldeb001,elderbr01,elder-000bry,27779,,,,,Q111594731,Elder,Bryce,Bryce Cason,,,,1999,5,19,,,,2021,2024,2022,2024,2018,2020,,,,,,,,,,
66262d42,66262d42-c554-46ea-b7ba-9d307960885b,572308,valdj003,valdejo03,valdez012jos,14470,,,,,Q20749850,Valdez,José,José Alfredo,,,,1990,3,1,,,,2009,2024,2015,2018,,,,,,,,,,,,
662aaa53,662aaa53-c126-4f53-8935-18ca4a6cccc1,641907,murpp001,murphpa02,murphy011pat,19712,23925159,,,,Q72907790,Murphy,Patrick,Patrick Brian,,,,1995,6,10,,,,2014,2024,2020,2022,,,,,,,,,,,,
663ecca1,663ecca1-6b4e-4a11-9494-1caa6d6b2d13,439524,,,thoen-001eve,,,,,,,'t Hoen,Evert Jan,Evert Jan Axel Charles,,,E. J.,1975,11,8,,,,1996,2007,,,,,,,,,,,,,,
663f4abe,663f4abe-e61d-4e61-b1f3-2dd1c3bbded8,663992,lover001,lovelri01,lovela000ric,19337,,,,,Q63117664,Lovelady,Richard,Richard Tyler,,,,1995,7,7,,,,2016,2024,2019,2024,2016,2016,,,,,,,,,,
665cc19a,665cc19a-517e-4bd6-8907-41559da83c63,667670,rookb001,rookebr01,rooker000bre,19627,,,,,,Rooker,Brent,Terry Brent,,,,1994,11,1,,,,2017,2024,2020,2024,2015,2017,,,,,,,,,,
66649237,66649237-3b7b-4b34-a42e-16bd330a5e81,668868,thomz002,thompza02,thomps009zac,25918,,,,,,Thompson,Zack,Zachary David,,,,1997,10,28,,,,2019,2024,2022,2024,2017,2019,,,,,,,,,,
6677ec75,6677ec75-912f-4ec0-80bb-1b56dddab8e6,691587,peree004,perezeu02,perez-003eur,27768,,,,,,Pérez,Eury,Eury Rafael,,Polanco,,2003,4,15,,,,2021,2023,2023,2023,,,,,,,,,,,,
667f5e29,667f5e29-b788-4730-8f2c-eac204612782,519175,reede002,reedev01,reed--001eva,1349,,,,,Q13225475,Reed,Evan,Evan David,,,,1985,12,31,,,,2007,2017,2013,2014,2005,2007,,,,,,,,,,
668dd6c0,668dd6c0-5ce8-4531-ba1d-d0cfbc5ef590,644337,orf-n001,orfna01,orf---000nat,15407,,,,,Q55356762,Orf,Nate,Nathan,,,,1990,2,1,,,,2013,2020,2018,2020,2012,2013,,,,,,,,,,
669c5ecb,669c5ecb-fb10-4e32-9b7c-f7b0656d2c29,679885,martj011,martiju01,martin007jus,24453,,,,,Q120579594,Martinez,Justin,Justin,,Almonte,,2001,7,30,,,,2018,2024,2023,2024,,,,,,,,,,,,
669d364b,669d364b-1fef-42fa-947e-d7ef02617bec,435623,frank001,frandke01,frands001kev,7528,,,,,Q3195702,Frandsen,Kevin,Kevin Vincent,,,,1982,5,24,,,,2004,2015,2006,2015,2001,2004,,,,,,,,,,
66b7ac5b,66b7ac5b-f069-4c7a-81c8-7b9b22a3493f,542960,bracb001,brachbr01,brach-001bra,6627,,,,,Q2923385,Brach,Brad,Brad,,,,1986,4,12,,,,2008,2022,2011,2021,2005,2008,,,,,,,,,,
66b8643d,66b8643d-6b49-4887-9236-001fbf5a0cbb,467793,santc002,santaca01,santan001car,2396,,,,,Q2367902,Santana,Carlos,Carlos,,,,1986,4,8,,,,2005,2024,2010,2024,,,,,,,,,,,,
66c2aa54,66c2aa54-1304-4125-b155-ef46ec533043,595885,birdg001,birdgr01,bird--000gre,14131,,,,,Q16234441,Bird,Greg,Gregory Paul,,,,1992,11,9,,,,2011,2024,2015,2019,,,,,,,,,,,,
66c48ac7,66c48ac7-01c0-4330-a699-b8d6ffd51175,543668,pryos001,pryorst01,pryor-001ste,10663,,,,,Q3498635,Pryor,Stephen,Stephen Michael,,,,1989,7,23,,,,2010,2015,2012,2014,2010,2010,,,,,,,,,,
66dc0c43,66dc0c43-12de-4c10-8e48-a92dabe6c73f,608678,leond003,leonedo01,leone-000dom,13763,,,,,Q16233962,Leone,Dominic,Dominic Joseph,,,,1991,10,26,,,,2012,2024,2014,2024,2010,2012,,,,,,,,,,
66e4d325,66e4d325-43cf-4e1b-8589-7458514e4653,543594,nolis001,nolinse01,nolin-001sea,11341,13715151,,,,Q13417042,Nolin,Sean,Sean Patrick,,,,1989,12,26,,,,2010,2023,2013,2023,,,,,,,,,,,,
66ef148b,66ef148b-c9b3-4b72-b69f-540867fffcb8,642851,wynna001,wynnsau01,wynns-000aus,15271,,,,,Q50582046,Wynns,Austin,Robert Austin,,,,1990,12,10,,,,2013,2024,2018,2024,2010,2013,,,,,,,,,,
66f53b6d,66f53b6d-2738-43b8-a1e8-1fe195a68642,457762,andeb005,anderbr05,anders002bry,9871,,,,,Q284987,Anderson,Bryan,Bryan Douglas,,,,1986,12,16,,,,2005,2016,2010,2015,,,,,,,,,,,,
671abdd8,671abdd8-35c1-49b0-853a-0a0192a73869,518748,grimj002,grimmju01,grimm-001jus,11720,,,,,Q3190445,Grimm,Justin,Justin Scott,,,,1988,8,16,,,,2011,2022,2012,2022,2008,2010,,,,,,,,,,
671ad26b,671ad26b-4015-42db-90b2-217481524e30,544993,gelts001,geltzst01,geltz-001ste,8402,,,,,Q3499224,Geltz,Steve,Steven Andrew,,,,1987,11,1,,,,2008,2017,2012,2016,,,,,,,,,,,,
67265e79,67265e79-9d03-4ea0-bbbb-4a3467e6ac07,642736,leybd001,leybado01,leyba-000dom,16404,,,,,Q30029538,Leyba,Domingo,Domingo Junior,,Santana,,1995,9,11,,,,2013,2024,2019,2021,,,,,,,,,,,,
6731e251,6731e251-b91b-46df-bbfa-b93a63c7e66b,641857,mcmar001,mcmahry01,mcmaho000rya,15112,,,,,Q36828735,McMahon,Ryan,Ryan Patrick,,,,1994,12,14,,,,2013,2024,2017,2024,,,,,,,,,,,,
675213de,675213de-b86c-436d-8079-3a309bd99d8e,516969,herrk001,herreke01,herrer001kel,6033,,,,,Q3068998,Herrera,Kelvin,Kelvin De Jesus,,Mercado,,1989,12,31,,,,2007,2020,2011,2020,,,,,,,,,,,,
6754910b,6754910b-c363-411c-b436-07c85fcfef3e,491624,valdc003,valdece01,valdez001ces,9013,,,,,Q3010513,Valdez,César,César Miguel,,,,1985,3,17,,,,2006,2024,2010,2022,,,,,,,,,,,,
67768ac9,67768ac9-738e-49ee-b51e-0c42a962119e,592622,paytm001,paytoma01,payton001mar,16042,13015157,,,,Q18352843,Payton,Mark,Mark David,,,,1991,12,7,,,,2014,2024,2020,2022,2011,2014,,,,,,,,,,
6793f127,6793f127-ef98-498a-a896-608cb5a8ff2f,686452,milld003,milladr01,millas000dre,25643,,,,,,Millas,Drew,Andrew Theodore,,,,1998,1,15,,,,2021,2024,2023,2024,2017,2019,,,,,,,,,,
67990d0a,67990d0a-05e4-443c-9588-985aad26a380,457779,kirkm001,kirkmmi01,kirkma001mic,9877,,,,,Q387042,Kirkman,Michael,Michael Scott,,,,1986,9,18,,,,2005,2016,2010,2016,,,,,,,,,,,,
679ade4d,679ade4d-8d41-43c8-843e-f2a26d2a3757,570632,urenj001,urenajo01,urena-004jos,11589,,,,,Q19803084,Ureña,José,José Miguel,,Rodriguez,,1991,9,12,,,,2009,2024,2015,2024,,,,,,,,,,,,
67b8f940,67b8f940-1ce6-487a-a492-5e776c63cb07,664054,stasc001,stashco01,stasha000cod,18088,,,,,Q65764534,Stashak,Cody,Cody William,,,,1994,6,4,,,,2015,2024,2019,2022,2015,2015,,,,,,,,,,
67ca5adc,67ca5adc-0b17-48f0-bcdd-a220bbf566a3,519068,navae001,navaref01,navarr001efr,9854,93995136,,,,Q3049104,Navarro,Efren,Efren,,,,1986,5,14,,,,2007,2024,2011,2018,2005,2007,,,,,,,,,,
67ff8ea7,67ff8ea7-c0c6-416a-95ee-10a153329f01,457711,osuls001,osullse01,osulli001sea,9137,,,,,Q3476768,O'Sullivan,Sean,Sean Daniel,,,,1987,9,1,,,,2006,2018,2009,2016,,,,,,,,,,,,
6802e516,6802e516-8a0b-4510-a23c-736a7dfda983,623470,newbj001,newbeja01,newber000jak,15136,,,,,Q56223685,Newberry,Jake,Christopher Jake,,,,1994,11,20,,,,2012,2023,2018,2021,,,,,,,,,,,,
68185e53,68185e53-3d7c-4bbd-87a2-463db7942638,611093,bracs001,brachsi01,bracho000sil,15051,,,,,Q20897565,Bracho,Silvino,Silvino,,Saavedra,,1992,7,17,,,,2012,2024,2015,2023,,,,,,,,,,,,
6824f21f,6824f21f-7e9d-4fca-9aa4-fa620807ca6a,643354,hartd002,hartdo01,hart--000don,15306,,,,,Q25915927,Hart,Donnie,Donnie Scott,,,,1990,9,6,,,,2013,2024,2016,2019,2011,2013,,,,,,,,,,
682a49ca,682a49ca-bdaf-4cc0-9922-d541c2cbb1a4,502570,galer002,galero01,gale--001roc,10533,,,,,Q7355783,Gale,Rocky,Rocky Michael,,,,1988,2,22,,,,2010,2021,2015,2019,,,,,,,,,,,,
682ff57a,682ff57a-185d-4c0c-95d0-a5dafb1cd579,548357,bergc001,bergmch01,bergma001chr,10925,,,,,Q17152048,Bergman,Christian,Christian Stanford,,,,1988,5,4,,,,2010,2019,2014,2018,,,,,,,,,,,,
68405d9b,68405d9b-7f41-4866-b624-fbae3a8657a1,677950,thoma004,thomaal01,thomas002ale,23792,,,,,,Thomas,Alek,Alek,,,,2000,4,28,,,,2018,2024,2022,2024,,,,,,,,,,,,
68466eb4,68466eb4-a220-49fd-91b0-fccb91dd9220,596847,choij001,choiji01,choi--001ji-,5452,,,,,Q15303194,Choi,Ji Man,Ji Man,,,,1991,5,19,,,,2010,2024,2016,2023,,,,,,,,,,,,
684fdfff,684fdfff-22f9-4a8a-862f-3dc05ffc33c2,575070,frane001,francen01,franco001end,11896,,,,,Q28925181,Franco,Enderson,Enderson Daniel,,,,1992,12,29,,,,2010,2024,2019,2019,,,,,,,,,,,,
68556f19,68556f19-740e-47d1-8c02-27de63e70c38,621563,wendj002,wendljo01,wendle000jos,13853,,,,,Q16233657,Wendle,Joey,Joseph Patrick,,,,1990,4,26,,,,2012,2024,2016,2024,2009,2012,,,,,,,,,,
685c846a,685c846a-425d-4fb5-a1ba-d6ddfd26af16,607385,collt002,collity01,collin000tyl,12723,,,,,Q16233062,Collins,Tyler,Tyler James,,,,1990,6,6,,,,2011,2018,2014,2017,,,,,,,,,,,,
686b1b28,686b1b28-ea29-44a0-b330-cc9f5345b8d3,663753,knehr001,knehrre01,knehr-000rei,21541,,,,,Q107476163,Knehr,Reiss,David Reiss,,,,1996,11,3,,,,2018,2023,2021,2023,2016,2018,,,,,,,,,,
688c291a,688c291a-2864-4f36-a77d-750e99974ec0,543456,lobsk001,lobstky01,lobste001kyl,9178,,,,,Q17594927,Lobstein,Kyle,Kyle Eric,,,,1989,8,12,,,,2009,2023,2014,2021,,,,,,,,,,,,
68ad4b19,68ad4b19-fa5e-4d08-b8e5-183561f534b1,608648,dufft001,duffety01,duffey000tyl,13758,,,,,Q18619016,Duffey,Tyler,Tyler Blinn,,,,1990,12,27,,,,2012,2024,2015,2024,2010,2012,,,,,,,,,,
68b2bcf7,68b2bcf7-1da8-4f84-bb72-ec63346d6ec0,621433,philb002,phillbr02,philli000bre,14735,,,,,Q18217148,Phillips,Brett,Brett Maverick,,,,1994,5,30,,,,2012,2024,2017,2023,,,,,,,,,,,,
68bd3b08,68bd3b08-b65c-4f9b-b628-4ea6de763c67,571946,mills001,millesh01,miller002she,10197,,,,,Q3481793,Miller,Shelby,Shelby Charles,,,,1990,10,10,,,,2009,2024,2012,2024,,,,,,,,,,,,
68bf2714,68bf2714-9594-4948-8052-e804fc24291e,605194,cottj001,cottojh01,cotton000jha,13654,63765157,,,,Q23872460,Cotton,Jharel,Jharel Leandre,,,,1992,1,19,,,,2012,2023,2016,2022,2012,2012,,,,,,,,,,
68ce17ad,68ce17ad-3942-4634-a349-45f21a5dbbaa,448674,bernd001,bernido01,bernie001dou,4518,,,,,Q5300297,Bernier,Doug,Douglas Howell,,,,1980,6,24,,,,2002,2017,2008,2015,1999,2002,,,,,,,,,,
68d9b6e8,68d9b6e8-13f9-495f-b347-6ee8d97f0d31,642423,sierm002,sierrma01,sierra000mag,17023,,,,,Q29860689,Sierra,Magneuris,Magneuris,,Sanchez,,1996,4,7,,,,2013,2024,2017,2022,,,,,,,,,,,,
68fc25c1,68fc25c1-c1f1-432f-a56d-8f43f0ffcc89,592426,jackl001,jackslu01,jackso001luk,11752,,,,,Q17182980,Jackson,Luke,Luke Ray,,,,1991,8,24,,,,2011,2024,2015,2024,,,,,,,,,,,,
69097619,69097619-9b6e-4f33-a863-fe1d47dc08cd,,,,baker-006wil,75423998,,,,,,Baker,William,William Leroy,,,,1929,12,20,1998,10,26,1949,1953,,,,,,,,,,,,,,
69285de8,69285de8-f91c-450c-b988-8b86e623da8a,643393,kempt001,kempto01,kemp--000ton,14894,,,,,Q18226439,Kemp,Tony,Anthony Allen,,,,1991,10,31,,,,2013,2024,2016,2024,2011,2013,,,,,,,,,,
692e421d,692e421d-8e79-4429-9d34-6cdf4267280b,543643,pettj001,pettijo02,pettib001jon,7106,,,,,Q12224022,Pettibone,Jonathan,Harry Jonathan,,,,1990,7,19,,,,2008,2018,2013,2014,,,,,,,,,,,,
697d2f96,697d2f96-645f-4ce0-b966-f309fbec1a13,407845,rodnf001,rodnefe01,rodney001fer,494,,,,,Q331916,Rodney,Fernando,Fernando,,,Kimbo,1977,3,18,,,,1999,2023,2002,2019,,,,,,,,,,,,
697e5193,697e5193-2100-4522-ba04-e8390918d9c0,657585,garrr001,garrere01,garret000ree,16866,03305151,,,,Q64005640,Garrett,Reed,Reed,,,,1993,1,2,,,,2014,2024,2019,2024,2012,2014,,,,,,,,,,
699924e2,699924e2-9cfa-4684-bc6b-4e05c723a6d7,519390,vogts001,vogtst01,vogt--001ste,5000,,,,,Q3498674,Vogt,Stephen,Stephen Guy,,,,1984,11,1,,,,2007,2022,2012,2022,,,2024,2024,2024,2024,,,,,,
69bcbf1b,69bcbf1b-97ba-4d50-8759-014e5d218fdf,592222,claua001,claudal01,claudi001ale,12890,,,,,Q17510720,Claudio,Alex,Alexander,,,,1992,1,31,,,,2010,2024,2014,2023,,,,,,,,,,,,
69c08698,69c08698-cd47-4e3e-b942-913a3c0b4bce,606131,perdl002,perdolu02,perdom002lui,14682,13215157,,,,Q23725840,Perdomo,Luis,Luis David,,,,1993,5,9,,,,2011,2024,2016,2022,,,,,,,,,,,,
69c5c148,69c5c148-b039-478f-84fb-0470328c181e,592390,hembh001,hembrhe01,hembre001ric,11632,,,,,Q15935032,Hembree,Heath,Richard Heath,,,,1989,1,13,,,,2010,2024,2013,2023,2008,2010,,,,,,,,,,
69d10314,69d10314-2dc2-48fb-8cc7-38b4c94a4acd,607257,loper002,lopezra02,lopez-008raf,12606,,,,,Q17811733,Lopez,Rafael,Rafael Manuel,,,,1987,10,2,,,,2011,2019,2014,2018,2009,2011,,,,,,,,,,
69e02ef8,69e02ef8-e710-42a2-8e00-6ccc4c8e85e1,593140,felim001,felizmi01,feliz-001mic,11903,83285157,,,,Q18818048,Feliz,Michael,Michael,,Lemos,,1993,6,28,,,,2010,2024,2015,2022,,,,,,,,,,,,
69e23bb1,69e23bb1-9b52-43b3-a1eb-feaec78be6de,671212,boylj001,boylejo01,boyle-000joe,29608,,,,,,Boyle,Joe,Joseph Patrick,,,,1999,8,14,,,,2021,2024,2023,2024,2018,2020,,,,,,,,,,
69eedffa,69eedffa-1d81-4cc9-8e53-eec5372ab09c,640461,pindc001,pindech01,pinder000cha,15191,,,,,Q26405645,Pinder,Chad,Chadwick Hudson,,,,1992,3,29,,,,2013,2023,2016,2022,2011,2013,,,,,,,,,,
69f1457a,69f1457a-9153-4452-bb1a-36dd1aef813b,664702,stram002,strawmy01,straw-000myl,17620,,,,,Q56635599,Straw,Myles,Myles James Noble,,,,1994,10,17,,,,2015,2024,2018,2024,,,,,,,,,,,,
69fac730,69fac730-dd99-4d9b-a36b-e058c5733c1c,669214,menec001,menezco01,menez-000con,19199,73475155,,,,Q65748000,Menez,Conner,Conner Scott,,,,1995,5,29,,,,2016,2024,2019,2022,,,,,,,,,,,,
69fcce71,69fcce71-e6fb-4507-b0ba-e1ce651205ad,689172,wiseb001,wiselbr01,wisely000bre,27735,,,,,,Wisely,Brett,Brett Michael,,,,1999,5,8,,,,2019,2024,2023,2024,,,,,,,,,,,,
6a4c049c,6a4c049c-8b73-4287-a618-f4d1a2e75364,519306,souzs001,souzast01,souza-001ste,5667,,,,,Q16504256,Souza,Steven,Steven Jeffrey,,,,1989,4,24,,,,2007,2022,2014,2022,,,,,,,,,,,,
6a4dff11,6a4dff11-bcff-4830-aced-03e7cd00e148,572122,seagk001,seageky01,seager001kyl,9785,,,,,Q2152662,Seager,Kyle,Kyle Duerr,,,,1987,11,3,,,,2009,2021,2011,2021,2007,2009,,,,,,,,,,
6a587464,6a587464-f3f1-4e96-9ef7-6e65af42529b,592239,cunnt001,cunnito01,cunnin003tho,10822,,,,,Q14873949,Cunningham,Todd,Thomas David,,,,1989,3,20,,,,2010,2018,2013,2016,2008,2010,,,,,,,,,,
6a5a59fc,6a5a59fc-380c-44a9-8f06-43ad3355c3d9,621281,wagnt001,wagnety01,wagner000tyl,13796,,,,,Q18355415,Wagner,Tyler,Tyler Joseph,,,,1991,1,24,,,,2012,2018,2015,2016,2010,2012,,,,,,,,,,
6a5ae81f,6a5ae81f-513e-413f-8f06-513e5b659919,657756,seabc001,seaboco01,seabol000con,19695,,,,,,Seabold,Connor,Connor,,,,1996,1,24,,,,2017,2024,2021,2023,2015,2017,,,,,,,,,,
6a5df1e4,6a5df1e4-db04-4c5b-900b-bd08666b4c6b,592696,rosae001,rosared01,rosari001edd,12155,,,,,Q5336461,Rosario,Eddie,Eddie Manuel,,,,1991,9,28,,,,2010,2024,2015,2024,,,,,,,,,,,,
6a648ede,6a648ede-e646-4d98-bc3a-ad017054a998,458676,lindj004,lindbjo01,lindbl001jos,7882,,,,,Q3066301,Lindblom,Josh,Joshua William,,,,1987,6,15,,,,2008,2022,2011,2021,2006,2008,,,,,,,,,,
6a64fbf4,6a64fbf4-c734-433c-8353-61471051fef1,570482,urshg001,urshegi01,urshel001gio,10681,,,,,Q20078801,Urshela,Gio,Giovanny,,Salcedo,,1991,10,11,,,,2009,2024,2015,2024,,,,,,,,,,,,
6a8b267f,6a8b267f-edae-4746-b2e2-ed4f3218f3ee,518618,dietd001,dietrde01,dietri002der,10542,,,,,Q5261919,Dietrich,Derek,Derek Richard,,,,1989,7,18,,,,2010,2023,2013,2020,2008,2010,,,,,,,,,,
6a9263d7,6a9263d7-115a-409a-86df-707d89351b13,593372,martc006,martica04,matias001car,11682,,,,,Q13305341,Martínez,Carlos,Carlos Ernesto,,,,1991,9,21,,,,2010,2024,2013,2021,,,,,,,,,,,,
6aa70716,6aa70716-c048-439d-8c02-28178c6c6611,547173,lopec001,lopesch01,lopes-000chr,13472,,,,,,Lopes,Christian,Christian Michael,,,,1992,10,1,,,,2012,2022,2022,2022,,,,,,,,,,,,
6aab81a2,6aab81a2-7284-477f-8bfc-bddf66203efa,686839,whitb002,whitebr01,white-002bre,26024,,,,,,White,Brendan,Brendan James,,,,1998,11,18,,,,2019,2024,2023,2023,2017,2019,,,,,,,,,,
6abb3005,6abb3005-e55c-4f6f-8f6d-22b3309fac6d,276542,benoj001,benoijo01,benoit001joa,1437,,,,,Q965470,Benoit,Joaquín,Joaquín Antonio,,Pena,,1977,7,26,,,,1997,2017,2001,2017,,,,,,,,,,,,
6abe077d,6abe077d-8991-4f4d-bb42-2220d6cd51f7,670541,alvay001,alvaryo01,alvare000yor,19556,,,,,Q55638110,Álvarez,Yordan,Yordan Ruben,,Cadogan,,1997,6,27,,,,2013,2024,2019,2024,,,,,,,,,,,,
6af3a372,6af3a372-5811-4699-adde-dfd988b194b5,277417,beckj002,beckejo02,becket001jos,510,,,,,Q1365880,Beckett,Josh,Joshua Patrick,,,,1980,5,15,,,,2000,2014,2001,2014,,,,,,,,,,,,
6af72c6a,6af72c6a-b0a5-4f50-8960-e80e862f549b,592804,thort001,thornty01,thornb001tyl,10688,,,,,Q3546042,Thornburg,Tyler,Tyler Michael,,,,1988,9,29,,,,2010,2022,2012,2022,2008,2010,,,,,,,,,,
6b1d203e,6b1d203e-67be-4f5a-9fc7-c4bae251906a,687145,juste001,justiev01,justic000eva,30008,,,,,,Justice,Evan,John Evan William,,,,1998,7,7,,,,2021,2024,2023,2024,2018,2021,,,,,,,,,,
6b2bc0c1,6b2bc0c1-1907-4276-a4da-52d67cac7142,543921,wielj001,wielajo01,wielan001jos,6109,23325134,,,,Q3180216,Wieland,Joe,Joseph Andrew,,,,1990,1,21,,,,2008,2024,2012,2016,,,,,,,,,,,,
6b316948,6b316948-f8ef-410d-b52a-f0ffadcef507,346795,chave002,chaveen01,chavez002end,768,,,,,Q3041889,Chávez,Endy,Endy de Jesus,,,,1978,2,7,,,,1997,2018,2001,2014,,,2022,2022,,,,,,,,
6b37a7f2,6b37a7f2-0433-468e-af27-a2f39837104a,502671,goldp001,goldspa01,goldsc001pau,9218,,,,,Q3067488,Goldschmidt,Paul,Paul Edward,,,,1987,9,10,,,,2009,2024,2011,2024,2007,2009,,,,,,,,,,
6b39e627,6b39e627-4bba-4237-ac0a-568a2cdfa449,594792,cunnb001,cunnibr02,cunnif001bra,11509,,,,,Q19776212,Cunniff,Brandon,Brandon Michael,,,,1988,10,7,,,,2010,2022,2015,2016,,,,,,,,,,,,
6b3af7bb,6b3af7bb-aca5-4ca3-b7fe-e9af33118bfb,593679,ynoag001,ynoaga01,ynoa--001gab,12938,83185151,,,,Q16558264,Ynoa,Gabriel,Gabriel,,Gomez,,1993,5,26,,,,2010,2024,2016,2019,,,,,,,,,,,,
6b3d4f0c,6b3d4f0c-bf91-493e-ba7f-cb50fb4e107a,668804,reynb001,reynobr01,reynol000bry,19326,,,,,Q24389595,Reynolds,Bryan,Bryan Patrick,,,,1995,1,27,,,,2016,2024,2019,2024,2014,2016,,,,,,,,,,
6b405d14,6b405d14-ba93-4f87-b1f2-6b0d3242622e,665154,procf001,proctfo01,procto000for,21634,,,,,,Proctor,Ford,Jay Clifford,,,,1996,12,4,,,,2018,2023,2022,2022,2016,2018,,,,,,,,,,
6b4aa974,6b4aa974-7296-4209-8e52-143b0388c2dc,543001,carpr001,carpery01,carpen001rya,12699,,,,,Q55632144,Carpenter,Ryan,Ryan Nicholas,,,,1990,8,22,,,,2011,2024,2018,2019,2009,2011,,,,,,,,,,
6b5be20a,6b5be20a-5942-4669-af53-feb921e77792,430945,jonea003,jonesad01,jones-001ada,6368,73575151,,,,Q1060788,Jones,Adam,Adam LaMarque,,,,1985,8,1,,,,2003,2021,2006,2019,,,,,,,,,,,,
6b5d784d,6b5d784d-dea1-49f2-90c6-d7053ce86069,694384,schan001,schanno01,schanu000nol,33189,,,,,,Schanuel,Nolan,Nolan Ryan,,,,2002,2,14,,,,2023,2024,2023,2024,2021,2023,,,,,,,,,,
6b72d623,6b72d623-cdff-461b-8236-2395a881e6e4,488671,avila001,avilaal01,avila-001ale,7476,,,,,Q2832899,Avila,Alex,Alexander Thomas,,,,1987,1,29,,,,2008,2021,2009,2021,2006,2008,,,,,,,,,,
6b7e0856,6b7e0856-f56c-4504-ba79-b5a9e8b25837,543409,kohnm001,kohnmi01,kohn--001mic,8505,,,,,Q3308303,Kohn,Michael,Michael Thomas,,,,1986,6,26,,,,2008,2019,2010,2015,2005,2008,,,,,,,,,,
6b93448c,6b93448c-e7b5-466c-9e7d-bcc6eff23184,656308,chavm001,chavimi01,chavis000mic,17321,,,,,Q17198075,Chavis,Michael,Michael Scott,,,,1995,8,11,,,,2014,2024,2019,2023,,,,,,,,,,,,
6b94268e,6b94268e-4014-433f-8615-45429ded901b,572309,flork002,floreke01,flores001ken,12118,,,,,Q20054561,Flores,Kendry,Kendry,,Mateo,,1991,11,24,,,,2009,2023,2015,2016,,,,,,,,,,,,
6ba38609,6ba38609-65ef-4469-a000-e1feecc5af08,668984,leguc001,legumca01,legumi000cas,25921,,,,,,Legumina,Casey,Casey Davey,,,,1997,6,19,,,,2021,2024,2023,2024,2017,2019,,,,,,,,,,
6bb1a352,6bb1a352-5805-4b8e-aecf-79b0f7fe641b,473879,dysos001,dysonsa01,dyson-001sam,11710,,,,,Q3470478,Dyson,Sam,Samuel Isaac,,,,1988,5,7,,,,2012,2022,2012,2019,2008,2010,,,,,,,,,,
6bc65b14,6bc65b14-3d56-4560-b6af-37e755faee49,518725,gindc001,gindlca01,gindl-001cal,5002,,,,,Q13582668,Gindl,Caleb,Caleb Charles,,,,1988,8,31,,,,2007,2021,2013,2014,,,,,,,,,,,,
6bda7205,6bda7205-a6f8-49d7-a348-db78b36380db,630263,bourj003,bourqja01,bourqu000jam,16668,,,,,Q64980827,Bourque,James,James Buchanan,,,,1993,7,9,,,,2014,2023,2019,2020,2012,2014,,,,,,,,,,
6bf76063,6bf76063-64d0-4dbd-b53e-65df97752e0e,346798,lohsk001,lohseky01,lohse-001kyl,739,,,,,Q2356080,Lohse,Kyle,Kyle Matthew,,,,1978,10,4,,,,1997,2018,2001,2016,1997,1997,,,,,,,,,,
6bf7b25c,6bf7b25c-8686-4ebd-8dd5-de78c915a0b8,663886,stept001,stephty01,stephe000tyl,17988,,,,,Q98004323,Stephenson,Tyler,Tyler Robert,,,,1996,8,16,,,,2015,2024,2020,2024,,,,,,,,,,,,
6bf94432,6bf94432-b361-4878-b36b-22b0a6bcf170,545001,delae002,delareu01,delaro001eur,4055,,,,,Q14199209,De La Rosa,Eury,Eury,,,,1990,2,24,,,,2008,2020,2013,2014,,,,,,,,,,,,
6c3138d2,6c3138d2-c5b9-4ed4-8c8c-7a37b2fe408c,621289,schuj002,schulja02,schult000jai,15066,,,,,Q20745287,Schultz,Jaime,Jaime Matthew,,,,1991,6,20,,,,2013,2023,2018,2019,2010,2013,,,,,,,,,,
6c90fd9f,6c90fd9f-419a-48fd-9ec0-7dd24517b1bb,543495,marte002,martiet01,martin001eth,3877,,,,,Q14918721,Martin,Ethan,Ethan Cash,,,,1989,6,6,,,,2009,2015,2013,2014,,,,,,,,,,,,
6c92f787,6c92f787-e9b2-451b-b259-1764674a9a52,650530,garcb001,garcibr01,garcia003bry,19457,,,,,Q67015392,Garcia,Bryan,Bryan,,,,1995,4,19,,,,2016,2024,2019,2022,2014,2016,,,,,,,,,,
6ca46e85,6ca46e85-c043-4dba-875b-9bdb4d7416b4,596133,weavl001,weavelu01,weaver000luk,16918,,,,,Q17184002,Weaver,Luke,Luke Allen,,,,1993,8,21,,,,2014,2024,2016,2024,2012,2014,,,,,,,,,,
6cb2c853,6cb2c853-04fa-45f0-9135-f4cd63a3a9d7,600921,macha003,machaan02,machad002and,14681,43945159,,,,Q38286511,Machado,Andrés,Andrés Eduardo,,,,1993,4,22,,,,2011,2024,2017,2023,,,,,,,,,,,,
6cb7b855,6cb7b855-9087-4765-8951-36f3270d189b,666158,lux-g001,luxga01,lux---000gav,19955,,,,,Q24572525,Lux,Gavin,Gavin Thomas,,,,1997,11,23,,,,2016,2024,2019,2024,,,,,,,,,,,,
6cc375ca,6cc375ca-8f30-49f4-a59a-e9d38c88d537,501925,smitj002,smithjo05,smith-001jos,3281,,,,,Q3180189,Smith,Joe,Joseph Michael,,,,1984,3,22,,,,2006,2022,2007,2022,2004,2006,,,,,,,,,,
6cdb363e,6cdb363e-fd3b-4e2b-adb9-69cdb5e241bb,673237,diazy004,diazya02,diaz--000yai,23003,,,,,,Diaz,Yainer,Yainer Radhames,,Lopez,,1998,9,21,,,,2017,2024,2022,2024,,,,,,,,,,,,
6cf5eb59,6cf5eb59-a9a4-49b1-b1d5-8f480897bff4,678394,bellb002,bellobr01,bello-001bra,23920,,,,,Q112239377,Bello,Brayan,Brayan,,Jimenez,,1999,5,17,,,,2018,2024,2022,2024,,,,,,,,,,,,
6d00497b,6d00497b-6e79-4721-8300-417a1f7c8d6f,663558,moraj003,moranjo01,moran-000jov,20422,,,,,Q108536018,Morán,Jovani,Jovani,,Moreno,,1997,4,24,,,,2015,2023,2021,2023,,,,,,,,,,,,
6d0c2e4f,6d0c2e4f-8018-4266-a362-f79eea4a121e,665161,penaj004,penaje02,pena--002jer,21636,,,,,Q111316773,Peña,Jeremy,Jeremy Joan,,Pineyro,,1997,9,22,,,,2018,2024,2022,2024,2016,2018,,,,,,,,,,
6d12e02c,6d12e02c-c515-40d8-9031-7d64d850c588,430585,kubej002,kubelja01,kubel-001jas,2161,,,,,Q3162961,Kubel,Jason,Jason James,,,,1982,5,25,,,,2000,2014,2004,2014,,,,,,,,,,,,
6d136ca4,6d136ca4-5268-4c7e-869e-645134c8a1dc,640458,merco003,mercaos01,mercad000osc,16375,,,,,Q28935635,Mercado,Óscar,Óscar Mauricio,,,,1994,12,16,,,,2013,2024,2019,2023,,,,,,,,,,,,
6d141f51,6d141f51-6d21-49c7-a4de-7d77b706a65e,694497,carte001,carteev01,carter000eva,27790,,,,,Q113567550,Carter,Evan,Evan Jason,,,,2002,8,29,,,,2021,2024,2023,2024,,,,,,,,,,,,
6d1b2722,6d1b2722-590a-4a23-a362-2677bbae0451,670223,mervm001,mervima01,mervis000mat,27845,,,,,,Mervis,Matt,Matthew Jared,,,,1998,4,16,,,,2021,2024,2023,2024,2017,2020,,,,,,,,,,
6d1e0e9e,6d1e0e9e-afd4-4a38-bf4e-bdeaa2b6e714,534947,adlet001,adlemti01,adlema001tim,10968,,,,,Q24007251,Adleman,Tim,Timothy Max,,,,1987,11,13,,,,2010,2022,2016,2017,,,,,,,,,,,,
6d2b4426,6d2b4426-7ea4-431a-829a-e8dc6846c655,457706,jacka001,jacksau01,jackso001aus,9848,,,,,Q2872124,Jackson,Austin,Austin Jarriel,,,,1987,2,1,,,,2005,2018,2010,2018,,,,,,,,,,,,
6d2db3c2,6d2db3c2-238e-4a11-8035-ca26bb67a1b4,641741,katog001,katohgo01,katoh-000gos,15697,81385157,,,,,Katoh,Gosuke,Gosuke John,,,,1994,10,8,,,,2013,2024,2022,2022,,,,,,,,,,,,
6d44c771,6d44c771-d338-437f-9034-65731e7f5dc4,663432,raint003,raineta01,rainey000tan,17610,,,,,Q50414135,Rainey,Tanner,Tanner Scott,,,,1992,12,25,,,,2015,2024,2018,2024,2012,2015,,,,,,,,,,
6d4734b4,6d4734b4-acf1-491f-8ccb-ed3ad52209b2,606157,aquia001,aquinar01,aquino000ari,15482,43545157,,,,Q30015023,Aquino,Aristides,Aristides,,Nunez,,1994,4,22,,,,2011,2024,2018,2022,,,,,,,,,,,,
6d5f96cf,6d5f96cf-ea32-420c-b8ca-feaa1fbd026d,681402,varlg001,varlagu01,varlan000gus,24737,,,,,,Varland,Gus,Augustus James,,,,1996,11,6,,,,2018,2024,2023,2024,2016,2018,,,,,,,,,,
6d700e8a,6d700e8a-91f0-4c96-b49f-3457e3dbeb9c,642180,wadet002,wadety01,wade--000tyl,15730,,,,,Q30944519,Wade,Tyler,Tyler Dean,,,,1994,11,23,,,,2013,2024,2017,2024,,,,,,,,,,,,
6da62e59,6da62e59-779c-4663-a4e8-0f05b3007db1,571871,kroli001,krolia01,krol--001ian,10066,53455155,,,,Q13565788,Krol,Ian,Ian A.,,,,1991,5,9,,,,2009,2024,2013,2021,,,,,,,,,,,,
6db90837,6db90837-2ba3-4b03-93fb-f74055d05c47,516414,penaa003,penaar01,pena--001ari,10240,,,,,Q20931752,Peña,Ariel,Ariel,,Mora,,1989,5,20,,,,2007,2019,2015,2016,,,,,,,,,,,,
6dbd13a9,6dbd13a9-3d19-4616-b02a-35046b75279a,445612,thayd001,thayeda01,thayer001dal,5032,,,,,Q3012328,Thayer,Dale,Dale Scott,,,,1980,12,17,,,,2003,2016,2009,2015,,,,,,,,,,,,
6dcb549b,6dcb549b-a33f-4891-b008-41612dbb8545,435220,sweer001,sweenry01,sweene001rya,6352,,,,,Q3453863,Sweeney,Ryan,Ryan Joseph,,,,1985,2,20,,,,2003,2014,2006,2014,,,,,,,,,,,,
6dd8e74a,6dd8e74a-5828-4eb6-b80c-3cd152351f41,458584,cedex001,cedenxa01,cedeno001xav,36,,,,,Q3570626,Cedeño,Xavier,Xavier,,Quinones,,1986,8,26,,,,2005,2021,2011,2019,,,,,,,,,,,,
6dea1210,6dea1210-6865-406b-8ea3-00f60c214045,489189,outmj001,outmajo01,outman001jos,4004,,,,,Q3185994,Outman,Josh,Joshua Stephen,,,,1984,9,14,,,,2005,2019,2008,2014,2003,2005,,,,,,,,,,
6df248c8,6df248c8-82e0-4a3c-9b55-b84e7835609d,451783,molld001,molledu01,mollek001dus,6200,73575135,,,,Q5317125,Molleken,Dustin,Dustin Douglas,,,,1984,8,21,,,,2003,2019,2016,2016,,,,,,,,,,,,
6df7e264,6df7e264-55bc-40c4-a8a2-780be12fd965,641995,ramir005,ramirro02,ramire000roe,16470,,,,,,Ramírez,Roel,Roel Octavio,,,,1995,5,26,,,,2013,2024,2020,2021,,,,,,,,,,,,
6e0b7b32,6e0b7b32-f45d-4110-9e74-966e6f6ff663,534737,deanp001,deanpa02,dean--002pat,11350,,,,,Q23870657,Dean,Pat,Patrick Michael,,,,1989,5,25,,,,2010,2019,2016,2016,,,,,,,,,,,,
6e20abd5,6e20abd5-6e28-4350-b7b6-869ed5be6c46,516770,casts001,castrst01,castro001sta,4579,,,,,Q1486575,Castro,Starlin,Starlin DeJesus,,,,1990,3,24,,,,2007,2024,2010,2021,,,,,,,,,,,,
6e32fbd5,6e32fbd5-1026-4e21-993f-930b7748fb25,665854,oviel001,oviedlu01,oviedo000lui,21728,,,,,Q104094384,Oviedo,Luis,Luis Jose,,Perez,,1999,5,15,,,,2016,2024,2021,2021,,,,,,,,,,,,
6e50937c,6e50937c-788a-4226-a619-c2d67e17c070,621458,riose001,riosed01,rios--001edw,18316,,,,,Q64853175,Ríos,Edwin,Edwin Gabriel,,,,1994,4,21,,,,2015,2024,2019,2024,2013,2015,,,,,,,,,,
6e5ad026,6e5ad026-6764-4bca-85b1-761e715a021c,430589,qualc001,quallch01,qualls001cha,2170,,,,,Q2947451,Qualls,Chad,Chad Michael,,,,1978,8,17,,,,2001,2017,2004,2017,1997,2000,,,,,,,,,,
6e62bd4f,6e62bd4f-d0fb-4a63-9f26-e8d674ece78b,502054,phamt001,phamth01,pham--001tho,2967,,,,,Q18016093,Pham,Tommy,Thomas James,,,,1988,3,8,,,,2006,2024,2014,2024,,,,,,,,,,,,
6e6ea4f3,6e6ea4f3-53e2-4050-986c-82c74eca6e10,518792,heywj001,heywaja01,heywar001jas,4940,,,,,Q1653296,Heyward,Jason,Jason Alias,,,,1989,8,9,,,,2007,2024,2010,2024,,,,,,,,,,,,
6e7b57f5,6e7b57f5-12d6-4482-8140-4717a736dd9b,572998,lucaj001,lucasjo02,lucas-002jos,11686,,,,,Q37904085,Lucas,Josh,Joshua Timothy,,,,1990,11,5,,,,2010,2023,2017,2019,,,,,,,,,,,,
6e894fbc,6e894fbc-95df-4f40-8aa0-87e2cfd61415,519411,westm002,westma03,west--002mat,7980,43345134,,,,Q15056763,West,Matt,Matthew Robert O'Neil,,,,1988,11,21,,,,2007,2020,2014,2015,,,,,,,,,,,,
6e923ab0,6e923ab0-bca1-429a-8b2a-069477fe66be,640463,shipb001,shiplbr01,shiple000bra,15158,,,,,Q16235010,Shipley,Braden,Braden Alec,,,,1992,2,22,,,,2013,2022,2016,2018,2011,2013,,,,,,,,,,
6ea4b764,6ea4b764-0f6f-45f9-afd3-3c80619801d7,676534,faucc001,fauchca01,fauche000cal,20116,,,,,,Faucher,Calvin,Calvin Louis,,,,1995,9,22,,,,2017,2024,2022,2024,2016,2017,,,,,,,,,,
6ea8df5c,6ea8df5c-243f-41ba-b31c-f9a6c1d8d491,642759,fernj007,fernaju02,fernan005jul,18341,,,,,,Fernández,Julian,Julian Antonio,,,,1995,12,5,,,,2013,2024,2021,2021,,,,,,,,,,,,
6eab178b,6eab178b-ff34-43fd-ba8c-d9bf6bbbc9cb,592444,jonej006,jonesja07,jones-011jac,14818,,,,,Q16730404,Jones,JaCoby,JaCoby Mylon,,,,1992,5,10,,,,2013,2022,2016,2021,2011,2013,,,,,,,,,,
6ebc0bd3,6ebc0bd3-31d1-49ba-b677-fdfa2e34b8c4,605469,shepc001,shephch01,shephe000jam,16166,,,,,Q25316353,Shepherd,Chandler,James Chandler,,,,1992,8,25,,,,2014,2022,2019,2019,2012,2014,,,,,,,,,,
6eca6bc0,6eca6bc0-3485-4600-a2f1-282f0ed30a1f,502179,espip001,espinpa01,espino001pao,8246,,,,,Q7132185,Espino,Paolo,Paolo Alesandro,,,,1987,1,10,,,,2007,2024,2017,2024,,,,,,,,,,,,
6ecee74b,6ecee74b-4747-4867-b76a-2b7b19f17457,657611,hillc001,hillca02,hill--002cam,16840,,,,,,Hill,Cam,Cameron Price,,,,1994,5,24,,,,2014,2024,2020,2020,,,,,,,,,,,,
6ee27bd9,6ee27bd9-c698-4d68-b1a7-49087e7d4654,592761,smitc006,smithca03,smith-005cal,14875,,,,,Q33125480,Smith,Caleb,Caleb Anthony,,,,1991,7,28,,,,2013,2024,2017,2022,2011,2013,,,,,,,,,,
6f0d63b9,6f0d63b9-e222-4bbd-84fd-d865f5fd2ab2,607572,howas002,howarsa01,howard000sam,16265,,,,,Q28606448,Howard,Sam,Sam James,,,,1993,3,5,,,,2014,2022,2018,2022,2012,2014,,,,,,,,,,
6f24950c,6f24950c-373a-4549-9256-0afcaa730946,667472,myerd001,myersda01,myers-000dan,22054,,,,,,Myers,Dane,Dane Michael,,,,1996,3,8,,,,2017,2024,2023,2024,2015,2017,,,,,,,,,,
6f3653e3,6f3653e3-e819-4709-8eb5-ca52b99c8484,430910,penab002,penabr01,pena--001bra,3231,,,,,Q2924163,Peña,Brayan,Brayan Eduardo,,,,1982,1,7,,,,2001,2017,2005,2016,,,2018,2023,,,,,,,,
6f3d5d52,6f3d5d52-cb58-4a57-9ac8-289e6d271e63,643348,hamic001,hamilca01,hamilt000cal,19842,,,,,Q113114643,Hamilton,Caleb,Caleb Broderick,,,,1995,2,5,,,,2016,2024,2022,2023,2014,2016,,,,,,,,,,
6f6c11d6,6f6c11d6-db55-4d59-8e13-878536d98e5f,656976,smitp002,smithpa04,smith-000pav,19892,,,,,,Smith,Pavin,Pavin Joe,,,,1996,2,6,,,,2017,2024,2020,2024,2015,2017,,,,,,,,,,
6f72dc2f,6f72dc2f-e269-419c-a662-d4b41a1bf73d,469159,rodrh002,rodrihe03,rodrig001hen,6371,,,,,Q3133045,Rodríguez,Henry,Henry Alberto,,,,1987,2,25,,,,2006,2021,2009,2014,,,,,,,,,,,,
6f885092,6f885092-02fe-4dce-bfb6-931ad261f078,621290,bacud001,bacusda01,bacus-000dak,14545,,,,,,Bacus,Dakota,Dakota John,,,,1991,4,2,,,,2012,2021,2020,2020,2012,2012,,,,,,,,,,
6f8b68fc,6f8b68fc-2d26-4192-80d3-c275de27a3dd,543935,wilsa001,wilsoal01,wilson001ale,9239,,,,,Q11990332,Wilson,Alex,William Alexander,,,,1986,11,3,,,,2009,2019,2013,2019,2009,2009,,,,,,,,,,
6f8c5e3c,6f8c5e3c-7ce4-46f5-a7a2-df20a0b7676b,571740,hamib001,hamilbi02,hamilt002bil,10199,,,,,Q2903644,Hamilton,Billy,Billy R.,,,,1990,9,9,,,,2009,2024,2013,2023,,,,,,,,,,,,
6f8f9da2,6f8f9da2-827d-4fda-9643-205f3f2f3d4a,608641,coont001,cooneti01,cooney000tim,13762,,,,,Q19844524,Cooney,Tim,Timothy Manus,,,,1990,12,19,,,,2012,2017,2015,2015,2010,2012,,,,,,,,,,
6f9ae0cb,6f9ae0cb-240e-49dc-a472-68850057e110,621311,dahld001,dahlda01,dahl--000dav,13744,,,,,Q5232791,Dahl,David,David Martin,,,,1994,4,1,,,,2012,2024,2016,2024,,,,,,,,,,,,
6fa580f8,6fa580f8-a9e0-4204-9977-fe9d210ad1a4,584171,velah001,velazhe01,velazq002hec,19341,,,,,Q29986805,Velázquez,Héctor,Héctor,,Aguilar,,1988,11,26,,,,2010,2024,2017,2019,,,,,,,,,,,,
6fa86f5b,6fa86f5b-f6b6-43c6-b602-7bcdb966f52a,607192,glast001,glasnty01,glasno000tyl,14374,,,,,Q16929591,Glasnow,Tyler,Tyler Allen,,,,1993,8,23,,,,2012,2024,2016,2024,,,,,,,,,,,,
6fbb379f,6fbb379f-d43d-4e79-9791-6874f651072f,596271,lawrc001,lawreca01,lawren001cas,11121,93595138,,,,Q29327151,Lawrence,Casey,Casey Lee,,,,1987,10,28,,,,2010,2024,2017,2023,,,,,,,,,,,,
6fca0aa0,6fca0aa0-8575-40a5-9611-d476768be5f4,466320,cabrm002,cabreme01,cabrer001mel,4022,,,,,Q2733440,Cabrera,Melky,Melky,,Astacio,,1984,8,11,,,,2003,2022,2005,2019,,,,,,,,,,,,
6fdcfe74,6fdcfe74-f7ad-4c3d-838e-0138ff2bfa06,678061,kerrr001,kerrra01,kerr--000ray,23809,,,,,,Kerr,Ray,Raymond Alexander,,,,1994,9,10,,,,2017,2024,2022,2024,,,,,,,,,,,,
6ff1e71e,6ff1e71e-0acb-488e-be49-9967918fb077,676760,marir001,marinro01,marina000ron,23488,,,,,Q111550978,Marinaccio,Ron,Ronald James,,,,1995,7,1,,,,2017,2024,2022,2024,2015,2017,,,,,,,,,,
