key_person,key_uuid,key_mlbam,key_retro,key_bbref,key_bbref_minors,key_fangraphs,key_npb,key_sr_nfl,key_sr_nba,key_sr_nhl,key_wikidata,name_last,name_first,name_given,name_suffix,name_matrilineal,name_nick,birth_year,birth_month,birth_day,death_year,death_month,death_day,pro_played_first,pro_played_last,mlb_played_first,mlb_played_last,col_played_first,col_played_last,pro_managed_first,pro_managed_last,mlb_managed_first,mlb_managed_last,col_managed_first,col_managed_last,pro_umpired_first,pro_umpired_last,mlb_umpired_first,mlb_umpired_last
40006dea,40006dea-b8cf-409a-92bc-d2103255a6ff,607030,mccra001,mccread01,mccree000ada,19550,,,,,Q56037252,McCreery,Adam,Adam Glenn,,,,1992,12,31,,,,2014,2019,2018,2018,2012,2013,,,,,,,,,,
40067b5c,40067b5c-7ad1-4ea9-a6be-efe85ab743c7,680983,cacek001,cacerke01,cacere000kel,24681,,,,,,Caceres,Kelvin,Kelvin Jose,,Rodriguez,,2000,1,26,,,,2018,2023,2023,2023,,,,,,,,,,,,
4009314f,4009314f-9f9c-4ccb-bf41-754ca25f0f42,571448,arenn001,arenano01,arenad001nol,9777,,,,,Q7048171,Arenado,Nolan,Nolan James,,,,1991,4,16,,,,2009,2024,2013,2024,,,,,,,,,,,,
40160d22,40160d22-454f-4010-a12d-c73dbe78c599,656814,ortil002,ortizlu02,ortiz-008lui,16942,,,,,Q17183443,Ortiz,Luis,Luis Francisco,,,,1995,9,22,,,,2014,2024,2018,2024,,,,,,,,,,,,
4037c26a,4037c26a-5c62-4a07-a53c-5b18b42866d1,435079,kinsi001,kinslia01,kinsle001ian,6195,,,,,Q1046180,Kinsler,Ian,Ian Michael,,,,1982,6,22,,,,2003,2021,2006,2019,2001,2003,,,,,,,,,,
40476afa,40476afa-d645-4aea-b1b9-f9ef55d21805,676710,crawk001,crawfku01,crawfo000kut,20531,,,,,Q108442732,Crawford,Kutter,Kutter Martin,,,,1996,4,1,,,,2017,2024,2021,2024,2017,2017,,,,,,,,,,
405185e0,405185e0-20eb-421c-9a0e-b373bf8e6860,593974,peraw002,peralwa01,peralt001wan,14295,,,,,Q26775358,Peralta,Wandy,Wandy Luis,,Dominguez,,1991,7,27,,,,2010,2024,2016,2024,,,,,,,,,,,,
405b3e88,405b3e88-3017-4231-bbb8-4b418387634a,595465,winkd001,winklda01,winkle001dan,12237,,,,,Q16929789,Winkler,Dan,Daniel Allen,,,,1990,2,2,,,,2011,2022,2015,2021,2011,2011,,,,,,,,,,
405d103c,405d103c-7b39-4eeb-8d5b-f6e2f74ea774,539438,diams001,diamosc01,diamon001sco,5089,,,,,Q3476202,Diamond,Scott,Scott Michael,,,,1986,7,30,,,,2008,2017,2011,2016,,,,,,,,,,,,
405df261,405df261-617a-4703-a893-5880a210899e,686973,varll001,varlalo01,varlan000lou,27691,,,,,,Varland,Louie,Louis Dennis,,,,1997,12,9,,,,2019,2024,2022,2024,2017,2019,,,,,,,,,,
406d87c7,406d87c7-5e1e-4c44-8e3c-ba50e59ed8ce,656546,hoffj003,hoffmje02,hoffma002jef,17432,,,,,Q16235444,Hoffman,Jeff,Jeffrey Robert,,,,1993,1,8,,,,2015,2024,2016,2024,2012,2014,,,,,,,,,,
40951c7e,40951c7e-465f-47e6-8912-a0aa9d0fd41d,657670,mahlg001,mahlegr01,mahle-000gre,16877,,,,,Q18637674,Mahle,Greg,Gregory Norman,,,,1993,4,17,,,,2014,2024,2016,2016,2012,2014,,,,,,,,,,
4097bcd5,4097bcd5-055b-411c-becd-865a76c6abf0,669358,baz-s001,bazsh01,baz---000sha,22264,,,,,Q30033371,Baz,Shane,Shane Austin,,,,1999,6,17,,,,2017,2024,2021,2024,,,,,,,,,,,,
409b8a70,409b8a70-b4a3-44df-af3a-98b306177d58,624133,suarr001,suarera01,suarez000ran,17277,,,,,Q56248293,Suárez,Ranger,Ranger Jose,,,,1995,8,26,,,,2012,2024,2018,2024,,,,,,,,,,,,
409c3807,409c3807-83f7-4534-86db-8ca024c23fa3,452666,wilht001,wilheto01,wilhel001tho,9975,,,,,Q3530924,Wilhelmsen,Tom,Thomas Mark,,,,1983,12,16,,,,2003,2018,2011,2017,,,,,,,,,,,,
409c5800,409c5800-6f02-42e5-8ec7-a5c87279730d,472551,abadf001,abadfe01,abad--001fer,4994,,,,,Q3049069,Abad,Fernando,Fernando Antonio,,,,1985,12,17,,,,2006,2024,2010,2023,,,,,,,,,,,,
40caed38,40caed38-d6a2-4af0-be5a-b92fb4ff841a,435559,suzuk001,suzukku01,suzuki001kur,8259,,,,,Q2748566,Suzuki,Kurt,Kurt Kiyoshi,,,,1983,10,4,,,,2004,2022,2007,2022,2002,2004,,,,,,,,,,
40edcc54,40edcc54-44ce-4a9d-b7e1-e8b37844ef61,502168,owenr001,owensru01,owens-001rud,5226,,,,,Q7377669,Owens,Rudy,Rudy C.,,,,1987,12,18,,,,2007,2017,2014,2014,,,,,,,,,,,,
40f3a1a9,40f3a1a9-937d-4ff2-9d2b-cbb03a4af855,607231,gantj002,gantjo01,gant--000joh,13684,13915155,,,,Q16567429,Gant,John,John Michael,,,,1992,8,6,,,,2011,2023,2016,2021,,,,,,,,,,,,
412b2dc2,412b2dc2-cc28-47ce-a87d-22120d2a1ec9,664058,fletd002,fletcda02,fletch002dav,17992,,,,,Q55609108,Fletcher,David,David Owen,,,,1994,5,31,,,,2015,2024,2018,2024,2014,2015,,,,,,,,,,
413ed7c8,413ed7c8-4445-48d2-9602-d7598722c292,642216,winaa001,winanal01,winans000all,21238,,,,,,Winans,Allan,Allan Lee,,,,1995,8,10,,,,2018,2024,2023,2024,2017,2018,,,,,,,,,,
4147996f,4147996f-3f83-4fd4-96cd-723625f6f34c,675961,willa005,willial04,willia001ali,27604,,,,,,Williams,Alika,Alexander David,,,,1999,3,12,,,,2021,2024,2023,2024,2018,2020,,,,,,,,,,
41518929,41518929-cfa2-4622-b98f-03e24251e872,641401,brogc001,brogdco01,brogdo000con,21205,,,,,Q98398908,Brogdon,Connor,Connor Michael,,,,1995,1,29,,,,2017,2024,2020,2024,2016,2017,,,,,,,,,,
415af84a,415af84a-ce3b-4153-be12-efdce05ae3c8,657766,stjol001,stjohlo01,stjohn000ken,16850,,,,,Q64745716,St. John,Locke,Kenton Locke,,,,1993,1,31,,,,2014,2022,2019,2022,2014,2014,,,,,,,,,,
416a4861,416a4861-8bc3-46ab-9451-04e008f91bb6,518566,colet001,coleta01,cole--001tay,11964,,,,,Q36310958,Cole,Taylor,Taylor James,,,,1989,8,20,,,,2011,2022,2017,2019,2011,2011,,,,,,,,,,
41844a3f,41844a3f-8256-4fac-8c42-4a039b8ff1b3,545121,vargi001,vargail01,vargas001ild,13324,,,,,Q30030716,Vargas,Ildemaro,Ildemaro José,,,,1991,7,16,,,,2008,2024,2017,2024,,,,,,,,,,,,
41d19ec3,41d19ec3-989e-4cb7-910a-1d02a0afa060,607369,taijt001,taijetr01,taijer000tra,11935,,,,,Q38013847,Taijeron,Travis,Travis Nathaniel,,,,1989,1,20,,,,2011,2019,2017,2017,2011,2011,,,,,,,,,,
4203e9ec,4203e9ec-3510-47e0-a5ab-7852d46f2d8a,643418,longs001,longsh01,long--000she,16542,,,,,Q50829220,Long,Shed,Shedric Bernard,,,,1995,8,22,,,,2013,2024,2019,2021,,,,,,,,,,,,
420f625d,420f625d-4700-4b1e-ac2c-1eb0e230d15c,657205,curtz001,curtiza01,curtis000zac,16684,,,,,Q24007186,Curtis,Zac,Zachary Aaron,,,,1992,7,4,,,,2014,2019,2016,2018,2013,2014,,,,,,,,,,
422f495d,422f495d-b9f4-4f8a-a89d-35039092b89d,543094,deckj001,deckeja01,decker001jaf,7945,,,,,Q13682648,Decker,Jaff,Jaff Kyle,,,,1990,2,23,,,,2008,2018,2013,2017,,,,,,,,,,,,
424b365a,424b365a-e0cf-4885-944d-5686d42f5cae,608596,murpt002,murphto04,murphy004tom,13499,,,,,Q16234060,Murphy,Tom,Thomas James,,,,1991,4,3,,,,2012,2024,2015,2024,2010,2012,,,,,,,,,,
425cf43d,425cf43d-ac0a-4766-8d7b-4574e6dd2676,663611,madrn001,madrini01,madrig000nic,20521,,,,,Q30163049,Madrigal,Nick,Nicklaus Michael,,,,1997,3,5,,,,2018,2024,2020,2024,2016,2018,,,,,,,,,,
4262edec,4262edec-46b6-46f9-a9da-368a1efbca0a,658431,media001,medinad01,medina000ado,19903,,,,,Q55585037,Medina,Adonis,Adonis,,Del Rosario,,1996,12,18,,,,2014,2024,2020,2022,,,,,,,,,,,,
426408ec,426408ec-5608-444a-ab5f-0dcc8fcddc27,150212,cuddm001,cuddymi01,cuddye001mic,1534,,,,,Q861747,Cuddyer,Michael,Michael Brent,,,,1979,3,27,,,,1998,2015,2001,2015,,,,,,,,,,,,
4271f421,4271f421-b833-4aad-95f6-d108a75c7854,668663,barrt004,barretr01,barrer000tre,19977,,,,,Q67197316,Barrera,Tres,Felipe Jesus,,,,1994,9,15,,,,2016,2024,2019,2023,2014,2016,,,,,,,,,,
4277e62e,4277e62e-ac09-424d-873d-94b35d7d12df,656669,luplj001,luplojo01,luplow000jor,16424,,,,,Q34927196,Luplow,Jordan,Jordan Thomas,,,,1993,9,26,,,,2014,2024,2017,2023,2012,2014,,,,,,,,,,
42820e03,42820e03-96c0-4aba-a62d-abcded0b151d,597113,johnd005,johnsdj01,johnso009dan,12578,93595151,,,,Q58145047,Johnson,DJ,Daniel Stuart,,,,1989,8,30,,,,2010,2024,2018,2021,,,,,,,,,,,,
4286fe05,4286fe05-73ac-4a26-8b80-7061d929dc52,461235,mossb001,mossbr01,moss--001bra,4467,,,,,Q2923777,Moss,Brandon,Brandon Douglas,,,,1983,9,16,,,,2002,2017,2007,2017,,,,,,,,,,,,
428a0884,428a0884-707a-426e-9b12-818463d7bd50,614173,cordf003,cordefr02,corder003fra,14567,53755159,,,,Q30090153,Cordero,Franchy,Franchy,,Vargas,,1994,9,2,,,,2012,2024,2017,2023,,,,,,,,,,,,
4294dc2d,4294dc2d-0102-4e4c-a3b4-45dafbb98a39,605218,edwac001,edwarca01,edward000car,13607,,,,,Q16233772,Edwards,Carl,Carl Fleming,Jr.,,,1991,9,3,,,,2012,2024,2015,2024,,,,,,,,,,,,
4294f7fa,4294f7fa-8e57-4fab-9818-39eb24aa3fc0,656803,norwj001,norwoja01,norwoo000jam,16440,,,,,Q55614890,Norwood,James,James Krittipum,,,,1993,12,24,,,,2014,2023,2018,2022,2012,2014,,,,,,,,,,
42a849c9,42a849c9-7d5f-47fc-8791-c39b248b5d7c,685314,saala001,saalfan01,saalfr000and,26203,,,,,,Saalfrank,Andrew,Andrew Jacob,,,,1997,8,18,,,,2019,2024,2023,2024,2017,2019,,,,,,,,,,
42abe3dc,42abe3dc-5672-407e-9cf9-2c4cdcef1a82,663898,rodgb002,rodgebr02,rodger000bre,17907,,,,,Q19973684,Rodgers,Brendan,Brendan Austin,,,,1996,8,9,,,,2015,2024,2019,2024,,,,,,,,,,,,
42c7990b,42c7990b-bb38-42b1-9d8e-a192afb19df1,472528,valbl001,valbulu01,valbue001lui,4969,,,,,Q287048,Valbuena,Luis,Luis Adan,,,,1985,11,30,2018,12,6,2004,2018,2008,2018,,,,,,,,,,,,
42caf90a,42caf90a-cc25-484e-873a-3331f9b1e1ca,606988,greig001,greingr01,greine000gra,17062,,,,,Q50824617,Greiner,Grayson,Grayson James,,,,1992,10,11,,,,2014,2023,2018,2022,2012,2014,,,,,,,,,,
42cdca50,42cdca50-0a30-4dd1-91a2-f9289f14fc78,629496,hu--c002,huch02,hu----002chi,16419,,,,,Q17500215,Hu,Chih-Wei,Chih-Wei,,,,1993,11,4,,,,2013,2024,2017,2018,,,,,,,,,,,,
42de9b3f,42de9b3f-810a-4321-8125-518937ab0743,669016,marsb002,marshbr02,marsh-000bra,20202,,,,,Q96273354,Marsh,Brandon,Brandon Chase,,,,1997,12,18,,,,2017,2024,2021,2024,,,,,,,,,,,,
42e098b2,42e098b2-a590-4be3-b2e7-990f8f66eac1,425783,choos001,choosh01,choo--001shi,3174,,,,,Q489797,Choo,Shin-Soo,Shin-Soo,,,,1982,7,13,,,,2001,2024,2005,2020,,,,,,,,,,,,
42e63571,42e63571-d6b4-4d93-ae6a-091c20e210ea,664123,effrs001,effrosc01,effros000sco,18384,,,,,Q108311181,Effross,Scott,Scott Benjamin-Morton,,,,1993,12,28,,,,2015,2024,2021,2024,2013,2015,,,,,,,,,,
43077723,43077723-03ca-4745-93de-48227e8cd4d0,433586,garcj002,garcija01,casill001san,2873,,,,,Q3108661,Casilla,Santiago,Santiago,,,,1980,7,25,,,,2001,2018,2004,2018,,,,,,,,,,,,
430a5fcb,430a5fcb-3a03-4f61-979d-88fcd302c187,429666,hardj003,hardyjj01,hardy-001jam,3797,,,,,Q2759141,Hardy,J. J.,James Jerry,,,,1982,8,19,,,,2001,2017,2005,2017,,,,,,,,,,,,
43222d46,43222d46-31ad-4edd-8e93-2aa825b64b94,681297,cowsc001,cowseco01,cowser000col,29591,,,,,,Cowser,Colton,Colton Dale,,,,2000,3,20,,,,2021,2024,2023,2024,2019,2021,,,,,,,,,,
43289657,43289657-f765-4d19-8116-8f1434371b8e,595375,riddj001,riddljt01,riddle001jos,17642,,,,,Q29369355,Riddle,JT,Joshua Travis,,,,1991,10,12,,,,2013,2024,2017,2022,2011,2013,,,,,,,,,,
432bab9f,432bab9f-086e-493c-848a-d85eefb7b802,435459,kottg001,kottage01,kottar001geo,5506,,,,,Q3101708,Kottaras,George,George,,,,1983,5,10,,,,2003,2016,2008,2014,2002,2003,,,,,,,,,,
432f0e42,432f0e42-30ab-4af6-8c38-411bace29682,502117,negrk001,negrokr01,negron001kri,5306,,,,,Q3199828,Negrón,Kristopher,Kristopher David,,,,1986,2,1,,,,2006,2019,2012,2019,,,2021,2021,,,,,,,,
434d0528,434d0528-cb49-469f-a0b7-94ceb2386a95,595025,waltz001,walteza01,walter001zac,10622,,,,,Q15304411,Walters,Zach,Zachary Butler,,,,1989,9,5,,,,2010,2018,2013,2016,2008,2010,,,,,,,,,,
435d106c,435d106c-4788-49c4-abbc-e6b10902bc9c,609275,mondr003,mondera02,mondes000ada,13769,,,,,Q16236920,Mondesí,Adalberto,Raul Adalberto,,Sanchez,,1995,7,27,,,,2012,2022,2016,2022,,,,,,,,,,,,
435dcf4d,435dcf4d-3325-4e63-a1db-149ba9940d66,680869,geloz001,gelofza01,gelof-000zac,29766,,,,,,Gelof,Zack,Zachary Dunn,,,,1999,10,19,,,,2021,2024,2023,2024,2019,2021,,,,,,,,,,
437239d6,437239d6-ba23-4a22-ae97-22866b74f839,518755,hagum001,haguema01,hague-001mat,7772,73775132,,,,Q3299464,Hague,Matt,Matthew Donald,,,,1985,8,20,,,,2008,2018,2012,2015,2005,2008,,,,,,,,,,
437b18e8,437b18e8-f5d4-4188-909a-3d307a986f5f,657145,zagum002,zagunma01,zaguni000mar,16565,,,,,Q21063264,Zagunis,Mark,Mark Raymond,,,,1993,2,5,,,,2014,2022,2017,2019,2012,2014,,,,,,,,,,
43901ad9,43901ad9-741d-4643-b311-816c2d1d498d,605347,lopej004,lopezjo02,lopez-006jor,14527,,,,,Q21062598,López,Jorge,Jorge Yabiel,,Ramos,,1993,2,10,,,,2011,2024,2015,2024,,,,,,,,,,,,
439428c1,439428c1-f004-43bd-9302-2fca9b31a472,657624,jamej002,jamesjo02,james-004jos,16794,,,,,Q56753212,James,Josh,Joshua,,,,1993,3,8,,,,2014,2024,2018,2021,2012,2012,,,,,,,,,,
43ae4098,43ae4098-7890-42d8-ae88-eac416c5f6bd,669145,zimmb002,zimmebr02,zimmer002bru,20370,,,,,Q99455134,Zimmermann,Bruce,Bruce Anthony,,,,1995,2,9,,,,2017,2024,2020,2023,2016,2017,,,,,,,,,,
43b3e4be,43b3e4be-c51e-413d-b511-2269d0a86467,425766,lonej001,loneyja01,loney-001jam,4556,,,,,Q629493,Loney,James,James Anthony,,,,1984,5,7,,,,2002,2019,2006,2016,,,,,,,,,,,,
43c69595,43c69595-1be9-4854-a226-72ab0187f782,408045,mauej001,mauerjo01,mauer-001jos,1857,,,,,Q739917,Mauer,Joe,Joseph Patrick,,,,1983,4,19,,,,2001,2018,2004,2018,,,,,,,,,,,,
43d9670a,43d9670a-1eaf-4b4d-91d4-18464706a259,503285,odayd001,odayda01,oday--001dar,3321,,,,,Q168534,O'Day,Darren,Darren Christopher,,,,1982,10,22,,,,2006,2022,2008,2022,2003,2006,,,,,,,,,,
43e48861,43e48861-d30c-4258-bacf-2c38f996df5f,663478,davib006,davisbr04,davis-012bre,18587,,,,,,Davis,Brendon,Brendon,,,,1997,7,28,,,,2015,2024,2022,2022,,,,,,,,,,,,
43e53574,43e53574-ac7e-421b-9993-6116333a6c95,656557,houct001,houckta01,houck-000tan,19879,,,,,Q24579256,Houck,Tanner,Tanner Lee,,,,1996,6,29,,,,2017,2024,2020,2024,2015,2017,,,,,,,,,,
43eecb13,43eecb13-49e0-486c-846f-a41534de39ad,679881,martj012,martijp01,martin013jul,24451,,,,,,Martínez,J. P.,Julio Pablo,,Sánchez,,1996,3,21,,,,2012,2024,2023,2024,,,,,,,,,,,,
441d29a9,441d29a9-0798-480f-a7f5-1f17f03a7271,425492,madsr001,madsory01,madson001rya,1852,,,,,Q3109781,Madson,Ryan,Ryan Michael,,,,1980,8,28,,,,1998,2018,2003,2018,,,,,,,,,,,,
44370feb,44370feb-6349-4963-a25d-16ba110b4c95,543746,scahr001,scahiro01,scahil001rob,9286,,,,,Q3434229,Scahill,Rob,Robert Joseph,,,,1987,2,15,,,,2009,2018,2012,2018,2006,2009,,,,,,,,,,
4443bc0f,4443bc0f-1741-4025-897f-0cfd9b81b3ed,452672,hanir001,hanigry01,haniga001rya,4952,,,,,Q3453796,Hanigan,Ryan,Ryan Michael,,,,1980,8,16,,,,2002,2018,2007,2017,2000,2002,,,,,,,,,,
445fce30,445fce30-65f7-4032-92bd-dd4b48639bb2,519303,sotoe001,sotoel01,soto--001ell,11155,,,,,Q99638874,Soto,Elliot,Elliot Sebastian,,,,1989,8,21,,,,2010,2024,2020,2020,,,,,,,,,,,,
448a3565,448a3565-bae8-4cc1-8449-64592c1141fd,429722,sante001,santaer01,santan001erv,3200,,,,,Q3057523,Santana,Ervin,Ervin Ramon,,,,1982,12,12,,,,2001,2021,2005,2021,,,,,,,,,,,,
4493f36e,4493f36e-ad0d-4c6e-9abc-221242cb1dda,502212,bibea001,bibenau01,bibens001aus,9559,,,,,Q4822992,Bibens-Dirkx,Austin,Austin Mitchell,,,,1985,4,29,,,,2006,2022,2017,2018,,,,,,,,,,,,
4494a5b6,4494a5b6-7f41-4e78-8ea5-1ad0e2995399,572714,belnv001,belnovi01,belnom001vin,8126,,,,,Q17332436,Belnome,Vince,Vincent Michael,,,,1988,3,11,,,,2009,2015,2014,2014,,,,,,,,,,,,
44b5735c,44b5735c-0638-4338-aa57-5fd3a6f17f13,642233,yarde001,yardler01,yardle000eri,15538,,,,,Q66661321,Yardley,Eric,Eric Christian,,,,1990,8,18,,,,2013,2022,2019,2021,2010,2013,,,,,,,,,,
44f26b11,44f26b11-4112-47a3-bb03-87ed6e9a0eda,687798,roben002,roberni01,robert004nic,26226,,,,,,Robertson,Nick,Nicholas Parker,,,,1998,7,16,,,,2019,2024,2023,2024,2018,2019,,,,,,,,,,
4519771a,4519771a-9ac7-4366-a9ff-57876fc84fa8,686294,willa004,william01,willin000amo,26128,,,,,,Willingham,Amos,Amos Lee,,,,1998,8,21,,,,2019,2024,2023,2024,2019,2019,,,,,,,,,,
451bc42a,451bc42a-9c63-4ef8-9ea7-ca69810ece95,642584,kilof001,kilomfr01,kilome000fra,17861,,,,,,Kilome,Franklyn,Franklyn,,,,1995,6,25,,,,2014,2024,2020,2020,,,,,,,,,,,,
45264457,45264457-4afb-458b-89c8-9ea9379b04ee,435041,quenc001,quentca01,quenti001car,6274,,,,,Q859311,Quentin,Carlos,Carlos Jose,,,,1982,8,28,,,,2004,2017,2006,2014,2001,2003,,,,,,,,,,
452659d9,452659d9-a42e-4f09-b893-f97594e24b8b,594760,blaia001,blairaa01,blair-001aar,14934,,,,,Q16234443,Blair,Aaron,Aaron Daniel,,,,1992,5,26,,,,2013,2022,2016,2017,2011,2013,,,,,,,,,,
45272c9b,45272c9b-b43c-4b41-9ee4-e4a45adc4d43,592741,shrec001,shrevch01,shreve002cha,10855,,,,,Q17397723,Shreve,Chasen,Chasen Dean,,,,1990,7,12,,,,2010,2024,2014,2024,,,,,,,,,,,,
456018a2,456018a2-ed81-4fd1-bea0-35a192fdf890,516472,arcif001,arciafr01,arcia-001fra,10286,,,,,Q55767487,Arcia,Francisco,Francisco Antonio,,,,1989,9,14,,,,2007,2024,2018,2018,,,,,,,,,,,,
45947072,45947072-eee1-404a-ab00-6858ca96e703,678489,barrj004,barrojo01,barros001jor,23968,,,,,,Barrosa,Jorge,Jorge Luis,,Rojas,,2001,2,17,,,,2018,2024,2024,2024,,,,,,,,,,,,
45a043cd,45a043cd-9b10-420e-8e47-f4657040f6f0,688427,ingrk001,ingrako01,ingram000kol,26068,,,,,,Ingram,Kolton,Kolton Reed,,,,1996,10,21,,,,2019,2024,2023,2023,2016,2019,,,,,,,,,,
45ad06e8,45ad06e8-3269-4984-8636-a5713231b088,572086,rodgb001,rodgebr01,rodger001bra,13393,,,,,Q26775153,Rodgers,Brady,Brady Paul,,,,1990,9,17,,,,2012,2019,2016,2019,2010,2012,,,,,,,,,,
45d62ce6,45d62ce6-f6b4-4426-9d7c-c59ed2e97f25,592518,machm001,machama01,machad001man,11493,,,,,Q3079152,Machado,Manny,Manuel Arturo,,,,1992,7,6,,,,2010,2024,2012,2024,,,,,,,,,,,,
45dfe591,45dfe591-d900-4f10-a952-e0393e66d0ec,607249,krizj001,krizaja01,krizan000jas,12394,,,,,Q6162893,Krizan,Jason,Jason William,,,,1989,6,28,,,,2011,2022,2022,2022,2008,2011,,,,,,,,,,
460ea451,460ea451-5fc4-4b55-bf64-68c218e57062,676782,mcdom002,mcdonmi01,mcdona005mic,20533,,,,,Q112051228,McDonald,Mickey,Raymond Mickey,,,,1995,6,2,,,,2017,2022,2022,2022,2014,2017,,,,,,,,,,
4611954c,4611954c-f96f-42ee-b87f-ff790f0fcfa3,669200,mccom002,mccoyma01,mccoy-000mas,22232,,,,,,McCoy,Mason,Mason Steven,,,,1995,3,31,,,,2017,2024,2023,2024,2016,2017,,,,,,,,,,
461fd5de,461fd5de-5aae-436a-b0cc-b85e44def267,592781,stitm001,stitema01,stites001mat,12165,,,,,Q17280419,Stites,Matt,Matthew Steven,,,,1990,5,28,,,,2011,2017,2014,2015,2011,2011,,,,,,,,,,
46240207,46240207-4bb8-4fc5-8c7a-c50a18d7eb26,573262,yastm001,yastrmi01,yastrz001mic,14854,,,,,Q18159259,Yastrzemski,Mike,Michael Andrew,,,,1990,8,23,,,,2013,2024,2019,2024,2010,2013,,,,,,,,,,
464c1929,464c1929-7b4a-4099-92a9-e6825a7ac651,571893,libea001,liberad01,libera001ada,10637,,,,,Q19817064,Liberatore,Adam,Adam Joseph,,,,1987,5,12,,,,2010,2018,2015,2018,,,,,,,,,,,,
4684ff6d,4684ff6d-df38-4b3c-a664-28e8c5f4ccd6,670046,rosek001,rosenke01,rosenb000ken,20009,,,,,,Rosenberg,Kenny,Kenneth Walter,,,,1995,7,9,,,,2016,2024,2022,2024,2014,2016,,,,,,,,,,
469f7207,469f7207-addd-43cf-be2e-b5b60c293441,664850,mazep001,mazeipa01,mazeik000pat,18142,,,,,Q98640584,Mazeika,Patrick,Patrick Alan,,,,1993,10,14,,,,2015,2024,2021,2022,2013,2015,,,,,,,,,,
46a702e4,46a702e4-8317-4842-bdaf-4671eec6205e,519107,parra001,parrian01,parrin001and,3972,,,,,Q2849154,Parrino,Andy,Andrew Barker,,,,1985,10,31,,,,2007,2016,2011,2015,,,,,,,,,,,,
46acde22,46acde22-7877-4997-9098-711ed016ccfa,660634,herny003,hernayo02,hernan002yon,19432,,,,,Q107972875,Hernández,Yonny,Yonny Jose,,Rivera,,1998,5,4,,,,2015,2024,2021,2023,,,,,,,,,,,,
46e27a6f,46e27a6f-e8b2-4802-b8b7-4af3e09b8f7d,650402,torrg001,torregl01,torres000gle,16997,,,,,Q26720726,Torres,Gleyber,Gleyber David,,Castro,,1996,12,13,,,,2014,2024,2018,2024,,,,,,,,,,,,
47033146,47033146-6fa1-4a66-8522-b3628fe34489,503449,peraw001,peralwi01,peralt001wil,7738,,,,,Q3569226,Peralta,Wily,Wily,,,,1989,5,8,,,,2006,2024,2012,2022,,,,,,,,,,,,
4705a856,4705a856-7447-41cb-9759-8cd0149687d5,456655,stewi001,stewaia01,stewar001ian,5950,,,,,Q3147330,Stewart,Ian,Ian Kenneth,,,,1985,4,5,,,,2003,2015,2007,2014,,,,,,,,,,,,
470ef909,470ef909-0ddf-4e67-8502-3558bddabddc,543939,wongk001,wongko01,wong--001kol,12532,,,,,Q6427908,Wong,Kolten,Kolten Kaha,,,,1990,10,10,,,,2011,2024,2013,2023,2009,2011,,,,,,,,,,
4717bc15,4717bc15-6881-4d00-970a-423ec848026e,592662,ray-r002,rayro02,ray---001rob,11486,,,,,Q16735037,Ray,Robbie,Robert Glenn,,,,1991,10,1,,,,2010,2024,2014,2024,,,,,,,,,,,,
47231757,47231757-f88c-4a92-ba6a-921ab4b6f8f2,620396,aguim001,aguilmi01,aguila000mig,19246,,,,,,Aguilar,Miguel,Miguel Armando,,Vega,,1991,9,26,,,,2012,2024,2021,2021,,,,,,,,,,,,
473000c4,473000c4-f811-4ec0-a827-1d494d81d118,594835,gonzm005,gonzama02,gonzal013mar,15467,,,,,Q16234594,Gonzales,Marco,Marco Elias,,,,1992,2,16,,,,2013,2024,2014,2024,2011,2013,,,,,,,,,,
4735ed06,4735ed06-c9bf-491a-8112-57940c6c7ed8,543590,nieuk001,nieuwki01,nieuwe001kir,6400,,,,,Q2025165,Nieuwenhuis,Kirk,Kirk Robert,,,,1987,8,7,,,,2008,2019,2012,2017,,,,,,,,,,,,
47550231,47550231-5f96-4c3a-9397-587f5ce74bb2,593969,aquij001,aquinja01,aquino001jay,13150,,,,,Q25348411,Aquino,Jayson,Jayson Julio,,Felix,,1992,11,22,,,,2010,2018,2016,2017,,,,,,,,,,,,
477e5642,477e5642-036c-48a3-b616-e3518ae85aca,660761,suarj001,suarejo01,suarez007jos,19911,,,,,Q64982732,Suarez,José,José Rances,,Quintero,,1998,1,3,,,,2015,2024,2019,2024,,,,,,,,,,,,
4794bc84,4794bc84-a4a7-4315-94f6-abe3d3f5856a,542455,arcio001,arciaos01,arcia-001osw,10306,03305136,,,,Q12886359,Arcia,Oswaldo,Oswaldo Celestino,,,,1991,5,9,,,,2008,2024,2013,2016,,,,,,,,,,,,
479f757b,479f757b-8273-440b-9149-b932cfdbb854,669369,johnb005,johnsbr03,johnso005bry,20002,,,,,,Johnson,Bryce,Bryce Christopher,,,,1995,10,27,,,,2017,2024,2022,2024,2015,2017,,,,,,,,,,
47a4088e,47a4088e-f835-482e-a50b-d3f32944ec12,678894,pegul001,pegueli01,peguer001lio,24273,,,,,Q113533205,Peguero,Liover,Liover,,Sosa,,2000,12,31,,,,2018,2024,2022,2024,,,,,,,,,,,,
47aa5066,47aa5066-5119-496b-a469-b0282d0b5499,543483,magim001,magilma01,magill001mat,3950,,,,,Q12981587,Magill,Matt,Matthew W.,,,,1989,11,10,,,,2008,2020,2013,2020,,,,,,,,,,,,
47aa6933,47aa6933-3666-4285-9238-13187cbffc24,657053,toust001,toussto01,toussa000tou,16929,,,,,Q16886170,Toussaint,Touki,Dany Gilbert Kiti,,,,1996,6,20,,,,2014,2024,2018,2024,,,,,,,,,,,,
47b74c9e,47b74c9e-0ead-404b-8494-70e3f4f289ca,592716,sampa001,sampsad01,sampso000adr,13339,,,,,Q18350308,Sampson,Adrian,Adrian David,,,,1991,10,7,,,,2012,2024,2016,2022,,,,,,,,,,,,
47c9ebc6,47c9ebc6-9f01-4446-8835-f4bb2df17bbd,640470,alzoa001,alzolad01,alzola000adb,17859,,,,,Q50826156,Alzolay,Adbert,Adbert Marcelo,,,,1995,3,1,,,,2013,2024,2019,2024,,,,,,,,,,,,
47dd296d,47dd296d-176a-4fe4-a3e7-bbafcac3606c,669387,mlodc001,mlodzca01,mlodzi000car,27572,,,,,,Mlodzinski,Carmen,Carmen Alexander,,,,1999,2,19,,,,2021,2024,2023,2024,2018,2020,,,,,,,,,,
47f5b9a0,47f5b9a0-9f68-474a-8291-f1424a41b98d,282332,sabac001,sabatc.01,sabath001car,404,,,,,Q926404,Sabathia,CC,Carsten Charles,,,,1980,7,21,,,,1998,2019,2001,2019,,,,,,,,,,,,
48018234,48018234-f5d6-4557-ab70-f043a6a02128,580792,goodn001,goodyni01,goody-000nic,13685,,,,,Q17859783,Goody,Nick,Nicholas Gunnar,,,,1991,7,6,,,,2012,2022,2015,2020,2012,2012,,,,,,,,,,
48086b95,48086b95-5ac2-44d2-8673-0226caac950c,592230,cowak001,cowarka01,cowart001kal,11494,,,,,Q6351865,Cowart,Kaleb,Kaleb Bryant,,,,1992,6,2,,,,2010,2022,2015,2019,,,,,,,,,,,,
480bea5e,480bea5e-b263-4cf8-aabe-93a0049d8e39,656805,oakst001,oakstr01,oaks--000tre,16468,,,,,Q55636168,Oaks,Trevor,Trevor Scott,,,,1993,3,26,,,,2014,2019,2018,2018,2014,2014,,,,,,,,,,
48149e83,48149e83-33fa-4fa3-8ba3-9c61a36368db,676609,cabaj001,cabaljo01,caball003jos,23401,,,,,,Caballero,José,José Manuel Ortega,,,,1996,8,30,,,,2017,2024,2023,2024,,,,,,,,,,,,
4828b852,4828b852-0c68-4bf1-8a0d-43c303434133,678554,meadc001,meadcu01,mead--000cur,23986,,,,,,Mead,Curtis,Curtis James,,,,2000,10,26,,,,2017,2024,2023,2024,,,,,,,,,,,,
4835e745,4835e745-3fcc-4687-b32d-8b36b7be2309,670242,wallm001,wallnma01,wallne000mat,26466,,,,,,Wallner,Matt,Matthew John,,,,1997,12,12,,,,2019,2024,2022,2024,2017,2019,,,,,,,,,,
483d940e,483d940e-a4c6-41d5-b72b-2f86172ac013,519240,rzepm001,rzepcma01,rzepcz001mar,6612,,,,,Q2356090,Rzepczynski,Marc,Marc Walter,,,,1985,8,29,,,,2007,2022,2009,2018,2004,2007,,,,,,,,,,
484ecfc7,484ecfc7-287f-49ec-bed8-e742517e06bc,407825,guerm001,guerrma02,guerri001mat,2061,,,,,Q937165,Guerrier,Matt,Matthew Olson,,,,1978,8,2,,,,1999,2014,2004,2014,,,,,,,,,,,,
48555a48,48555a48-1e63-4865-bdb3-1929cc36bae4,663752,morrc001,morrico01,morris002cod,25388,,,,,,Morris,Cody,Cody McKinley,,,,1996,11,4,,,,2019,2024,2022,2023,2017,2018,,,,,,,,,,
485bfafd,485bfafd-1ba2-4660-bf84-a75818476e3f,622446,rodrj005,rodrije01,rodrig003jef,17018,,,,,Q50824683,Rodríguez,Jefry,Jefry Osvaldo,,Aquino,,1993,7,26,,,,2012,2022,2018,2021,,,,,,,,,,,,
48938057,48938057-a198-41d7-a86b-d3b3a77d3a30,430895,iztum001,izturma01,izturi001mai,2437,,,,,Q536221,Izturis,Maicer,Maicer,,,,1980,9,12,,,,1998,2015,2004,2014,,,,,,,,,,,,
48a2b680,48a2b680-e1a4-4235-9fb5-75882cee27a2,621056,woodh001,woodhu01,wood--000hun,15091,,,,,Q30121885,Wood,Hunter,Hunter Blake,,,,1993,8,12,,,,2013,2022,2017,2021,,,,,,,,,,,,
48a45885,48a45885-3b77-463c-a381-d54638a3f35e,433217,blana001,blancan01,blanco001and,1907,,,,,Q861758,Blanco,Andrés,Andrés Eloy,,Perez,,1984,4,11,,,,2002,2019,2004,2017,,,,,,,,,,,,
48ae5e9c,48ae5e9c-21bb-4dea-a288-c34d9751a983,640457,meada001,meadoau01,meadow000aus,15672,,,,,Q16236903,Meadows,Austin,Austin Wade,,,,1995,5,3,,,,2013,2023,2018,2023,,,,,,,,,,,,
48c88445,48c88445-43c4-4169-935a-580e77e5a035,622666,camaj001,camarjo01,camarg000joh,14950,,,,,Q29446266,Camargo,Johan,Johan Valentin,,Ramos,,1993,12,13,,,,2012,2023,2017,2023,,,,,,,,,,,,
48e241fa,48e241fa-92fc-41e9-8c6b-3107e5e518f3,448614,torrc001,torreca01,torres003car,7624,03105133,,,,Q2939479,Torres,Carlos,Carlos Ephriam,,,,1982,10,22,,,,2004,2021,2009,2019,2003,2004,,,,,,,,,,
48f32671,48f32671-dedc-4df0-a6e5-c20a056a7a80,623515,jackd004,jacksdr01,jackso003dre,17807,,,,,Q62571006,Jackson,Drew,Drew Hamilton,,,,1993,7,28,,,,2015,2022,2019,2022,2013,2015,,,,,,,,,,
49019b61,49019b61-6abb-487a-a3f1-ec8539a165a8,670955,ucete001,ucetaed01,uceta-000edw,20539,,,,,Q106658277,Uceta,Edwin,Edwin Daniel,,Martinez,,1998,1,9,,,,2016,2024,2021,2024,,,,,,,,,,,,
491a9365,491a9365-787b-473d-9459-c45ca9750a3b,621397,olsot002,olsonty01,olson-000tyl,14741,,,,,Q19789000,Olson,Tyler,Tyler Ray,,,,1989,10,2,,,,2013,2021,2015,2019,2009,2013,,,,,,,,,,
492b9445,492b9445-0dcd-49fc-b921-24aa2ab0d5ce,663423,thort002,thorntr01,thornt000tre,17948,,,,,Q62570934,Thornton,Trent,Trent Edward,,,,1993,9,30,,,,2015,2024,2019,2024,2013,2015,,,,,,,,,,
492de9af,492de9af-7e5b-4239-90f3-57054df53fc3,543023,chrin001,chrisni01,christ001nic,10332,,,,,Q15920004,Christiani,Nick,Nicholas John,,,,1987,7,17,,,,2010,2017,2013,2014,2006,2009,,,,,,,,,,
494d7547,494d7547-e081-498b-be6c-8d009cd41a93,515052,guaim001,guaipma01,guaipe001may,11663,,,,,Q20027796,Guaipe,Mayckol,Mayckol Martin,,Vicent,,1990,8,11,,,,2007,2024,2015,2016,,,,,,,,,,,,
494fb0d4,494fb0d4-1803-4d26-99c3-ab196aa87c11,459964,joycm001,joycema01,joyce-001mat,3353,,,,,Q515040,Joyce,Matt,Matthew Ryan,,,,1984,8,3,,,,2005,2021,2008,2021,2003,2005,,,,,,,,,,
496e63cf,496e63cf-e2d3-484d-80fe-71153a026452,518771,harrm002,harrimi03,harris001mit,4530,,,,,Q18619066,Harris,Mitch,Mitchell Andrew,,,,1985,11,7,,,,2013,2017,2015,2015,,,,,,,,,,,,
498ea310,498ea310-b08a-40db-9c06-c8283a95398e,425835,tsaoc001,tsaoch01,tsao--001chi,1776,,,,,Q697082,Tsao,Chin-hui,Chin-hui,,,,1981,6,2,,,,2000,2017,2003,2016,,,,,,,,,,,,
4992a4c4,4992a4c4-91d3-469a-9c1c-44c8d35a2294,656547,holdj002,holdejo02,holder000jon,16588,,,,,Q26837637,Holder,Jonathan,Jonathan Blake,,,,1993,6,9,,,,2014,2023,2016,2020,2012,2014,,,,,,,,,,
4995ef8f,4995ef8f-38d4-4961-928b-159edd2ddd0b,660787,deloy001,delosye01,deloss000yer,21420,,,,,Q112114001,De Los Santos,Yerry,Yerry Paulino,,Acosta,,1997,12,12,,,,2015,2024,2022,2023,,,,,,,,,,,,
499d0f19,499d0f19-1010-469b-88a8-720a5efa4b62,457454,saltj001,saltaja01,saltal001jar,5557,,,,,Q1429346,Saltalamacchia,Jarrod,Jarrod Scott,,,,1985,5,2,,,,2003,2018,2007,2018,,,,,,,,,,,,
49a758d3,49a758d3-9c0b-429f-b01b-316f803658e7,541608,cabrr001,cabrera01,cabrer001ram,10327,,,,,Q20931750,Cabrera,Ramón,Ramón Salvador,,,,1989,11,5,,,,2008,2024,2015,2016,,,,,,,,,,,,
49c34556,49c34556-a800-4669-b438-3eee5735f640,592200,casac001,casalcu01,casali000cur,12510,,,,,Q17385719,Casali,Curt,Curtis Michael,,,,1988,11,9,,,,2011,2024,2014,2024,2008,2011,,,,,,,,,,
49cc996f,49cc996f-4050-40e4-b6ae-484065bc6c87,543716,rolld002,rollida01,rollin001dav,11928,,,,,Q18818354,Rollins,David,David Dwane,,,,1989,12,21,,,,2011,2018,2015,2016,,,,,,,,,,,,
49e0a124,49e0a124-df26-4efd-b04b-ad4143236959,680574,mclam001,mclaima01,mclain000mat,29695,,,,,,McLain,Matt,Matthew Michael,,,,1999,8,6,,,,2021,2024,2023,2023,2019,2021,,,,,,,,,,
49edc297,49edc297-0481-4f54-b419-cb149af3ab3a,408307,crawc002,crawfca02,crawfo001car,1201,,,,,Q1037431,Crawford,Carl,Carl Demonte,,,,1981,8,5,,,,1999,2016,2002,2016,,,,,,,,,,,,
49f01724,49f01724-dd4f-4f39-a3a5-45e2dff2e167,669923,kirbg001,kirbyge01,kirby-001geo,25436,,,,,,Kirby,George,George Joseph,,,,1998,2,4,,,,2019,2024,2022,2024,2017,2019,,,,,,,,,,
49f9de62,49f9de62-af13-4876-8f13-18da0412aa08,607200,fedde001,feddeer01,fedde-000eri,17425,,,,,Q16745280,Fedde,Erick,Erick James,,,,1993,2,25,,,,2015,2024,2017,2024,2012,2014,,,,,,,,,,
49fb3eb6,49fb3eb6-26b3-42e0-863e-baa476e1219e,675912,lowtz001,lowthza01,lowthe000zac,20243,,,,,Q52011811,Lowther,Zac,Zacary William,,,,1996,4,30,,,,2017,2024,2021,2022,2015,2017,,,,,,,,,,
4a331fcb,4a331fcb-4654-4c27-bb16-99d16254ca88,518700,fryee001,fryerer01,fryer-001eri,8145,,,,,Q3056272,Fryer,Eric,Eric Joseph,,,,1985,8,26,,,,2007,2017,2011,2017,2005,2007,,,,,,,,,,
4a4fa511,4a4fa511-b3de-4dcc-941a-d72b47d0217f,613534,adama002,adamsau02,adams-002aus,13801,,,,,Q29976791,Adams,Austin,Austin Lance,,,,1991,5,5,,,,2012,2024,2017,2024,2010,2012,,,,,,,,,,
4a661411,4a661411-9164-4525-a353-55e825d4d22c,612672,chenw001,chenwe02,chen--001wei,13071,21625119,,,,Q708040,Chen,Wei-Yin,Wei-Yin,,,,1985,7,21,,,,2005,2024,2012,2019,,,,,,,,,,,,
4aad2103,4aad2103-d160-4001-bc25-63054c2d82e7,623184,obers001,obergsc01,oberg-000sco,13911,,,,,Q19803061,Oberg,Scott,Scott Michael,,,,1990,3,13,,,,2012,2019,2015,2019,2009,2012,,,,,,,,,,
4ab4da81,4ab4da81-1d47-4fd0-82bc-7be0074bcc2f,668968,crouh001,crousha01,crouse000han,22192,,,,,Q108711732,Crouse,Hans,Hans Michael,,,,1998,9,15,,,,2017,2024,2021,2024,,,,,,,,,,,,
4abfdc2c,4abfdc2c-5737-4338-884c-a310103ea912,676900,doror001,dorowry01,dorow-000rya,23559,,,,,Q108259706,Dorow,Ryan,Ryan,,,,1995,8,21,,,,2017,2022,2021,2021,2014,2017,,,,,,,,,,
4ae22766,4ae22766-d3ed-4ada-a35e-0bed479c62f8,682967,sweed002,sweetde01,sweet-000dev,25348,,,,,,Sweet,Devin,Devin,,,,1996,9,6,,,,2018,2024,2023,2023,2015,2018,,,,,,,,,,
4ae4ef0f,4ae4ef0f-66c9-4c14-86c2-89883a2b7d8b,541645,garca003,garciav01,garcia001avi,5760,,,,,Q2874408,García,Avisaíl,Avisaíl Antonio,,Yaguarin,,1991,6,12,,,,2008,2024,2012,2024,,,,,,,,,,,,
4af70aea,4af70aea-1743-4c45-b71f-6dc0418f25a0,657376,schmc002,schmicl01,schmid001cla,19899,,,,,Q29513525,Schmidt,Clarke,Clarke Douglas,,,,1996,2,20,,,,2018,2024,2020,2024,2015,2017,,,,,,,,,,
4b177c4a,4b177c4a-678e-4f63-8f64-26a24ab1a416,471865,gonzc001,gonzaca01,gonzal004car,7287,,,,,Q2699280,González,Carlos,Carlos Eduardo,,,,1985,10,17,,,,2003,2019,2008,2019,,,,,,,,,,,,
4b252f81,4b252f81-a413-43d3-b45d-cccb5bcc5474,519141,pomed001,pomerdr01,pomera001tho,11426,,,,,Q3039408,Pomeranz,Drew,Thomas Andrew,,,,1988,11,22,,,,2011,2024,2011,2021,2008,2010,,,,,,,,,,
4b2a0b1c,4b2a0b1c-31e0-43c0-a83b-6d057b21548a,434661,mclon001,mclouna01,mclout001nat,3190,,,,,Q3336510,McLouth,Nate,Nathan Richard,,,,1981,10,28,,,,2001,2014,2005,2014,,,,,,,,,,,,
4b4992f5,4b4992f5-4d64-47a2-a09a-297cb309c9ff,576788,butld001,butleda01,butler001dan,9968,,,,,Q17484125,Butler,Dan,Daniel John,,,,1986,10,17,,,,2009,2018,2014,2018,2005,2009,,,,,,,,,,
4b53365d,4b53365d-b6b2-4089-a239-ff560b9c2ff2,572728,bradm002,bradymi01,brady-005mic,8461,,,,,Q28517938,Brady,Michael,Michael James,,,,1987,3,21,,,,2009,2018,2017,2017,,,,,,,,,,,,
4b672984,4b672984-38a0-4db7-b33f-ef80af7dc72d,446192,moora001,mooread01,moore-001ada,9362,,,,,Q2823982,Moore,Adam,Adam Ross,,,,1984,5,8,,,,2006,2019,2009,2018,2006,2006,,,,,,,,,,
4b6d5f1d,4b6d5f1d-bee1-4b8e-9717-1811035d7897,621439,buxtb001,buxtoby01,buxton000byr,14161,,,,,Q5004319,Buxton,Byron,Byron Keiron,,,,1993,12,18,,,,2012,2024,2015,2024,,,,,,,,,,,,
4b6e3ac1,4b6e3ac1-3d33-4b93-b083-a1545544754d,641835,mayzt001,mayzati01,mayza-000tim,15042,,,,,Q36987979,Mayza,Tim,Timothy Gerard,,,,1992,1,15,,,,2013,2024,2017,2024,2011,2013,,,,,,,,,,
4b76348b,4b76348b-4592-4b53-956b-bc1f1a7ca869,640447,ervip001,ervinph01,ervin-000phi,14738,,,,,Q16234530,Ervin,Phil,Phillip S.,,,,1992,7,15,,,,2013,2024,2017,2020,2011,2013,,,,,,,,,,
4b81dfc2,4b81dfc2-b399-4348-93a9-8981ce33a4b5,669364,edwax001,edwarxa01,edward000xav,22266,,,,,,Edwards,Xavier,Xavier James,,,,1999,8,9,,,,2018,2024,2023,2024,,,,,,,,,,,,
4b83b456,4b83b456-d8dc-4928-ab74-396f2f1a1a2d,592712,sadzc001,sadzeco01,sadzec001con,13483,,,,,Q30063758,Sadzeck,Connor,Connor William,,,,1991,10,1,,,,2012,2024,2018,2022,,,,,,,,,,,,
4b8605b1,4b8605b1-d63a-4802-810e-cbe3d0918579,620982,pintr002,pintori01,pinto-000ric,16318,,,,,Q30031335,Pinto,Ricardo,Ricardo Antonio,,Valera,,1994,1,20,,,,2012,2024,2017,2024,,,,,,,,,,,,
4b862729,4b862729-14a8-4099-b878-982992fb3600,671277,garcl006,garcilu04,garcia019lui,20391,,,,,Q96707369,García,Luis,Luis Victoriano,,Mendoza,,2000,5,16,,,,2017,2024,2020,2024,,,,,,,,,,,,
4ba682fa,4ba682fa-1085-4bab-9240-c465ecd2b680,571911,magnd001,magnida01,magnif001dam,13395,,,,,Q23871185,Magnifico,Damien,Damien Jack,,,,1991,5,24,,,,2012,2019,2016,2017,2012,2012,,,,,,,,,,
4baf096b,4baf096b-c3ef-4441-af0e-36352fb5ee07,668751,mitcc002,mitchca01,mitche001cal,22169,,,,,Q112127327,Mitchell,Cal,Calvin,,,,1999,3,8,,,,2017,2024,2022,2023,,,,,,,,,,,,
4bb18454,4bb18454-da7a-40b8-84b7-e29dd6eae4ad,453281,leblw001,leblawa01,leblan001wad,5221,03505130,,,,Q3564992,LeBlanc,Wade,Wade Matthew,,,,1984,8,7,,,,2006,2021,2008,2021,2004,2006,,,,,,,,,,
4bc04fad,4bc04fad-e9c3-4e24-b412-cb94a76e97c0,543706,robed003,roberda09,robert002dan,6266,,,,,Q16735297,Robertson,Dan,Daniel Roger,,,,1985,9,30,,,,2008,2019,2014,2017,,,,,,,,,,,,
4bddf3ff,4bddf3ff-1d23-4144-a31e-dd4e6a77aa7e,621573,deana001,deanau01,dean--000aus,18288,,,,,Q56222073,Dean,Austin,Austin James,,,,1993,10,14,,,,2012,2024,2018,2022,,,,,,,,,,,,
4c1818ca,4c1818ca-2c78-4d59-b31f-a33ec5f11687,572044,pounb001,poundbr01,pounde001bro,10387,,,,,Q25683182,Pounders,Brooks,Brooks Casey,,,,1990,9,26,,,,2009,2021,2016,2019,,,,,,,,,,,,
4c34501e,4c34501e-b2e8-4899-b64c-160e6d59c4b4,501896,freed001,freesda01,freese001dav,9549,,,,,Q960743,Freese,David,David Richard,,,,1983,4,28,,,,2006,2019,2009,2019,2003,2006,,,,,,,,,,
4c3cf2bb,4c3cf2bb-43e2-488e-9aa4-05ef9b6b260a,687330,kellk004,kellyke02,kelly-004kev,25679,,,,,,Kelly,Kevin,Kevin Clayton,,,,1997,11,28,,,,2019,2024,2023,2024,2017,2019,,,,,,,,,,
4c408439,4c408439-4fae-4dd4-aec3-af26d87a4786,627262,smitc005,smithch10,smith-011chr,14449,,,,,Q27861882,Smith,Chris,Christopher Patrick,,,,1988,8,19,,,,2010,2020,2017,2017,,,,,,,,,,,,
4c61ea0d,4c61ea0d-9b54-434a-a069-f38f8956a552,678662,tovae001,tovarez01,tovar-000eze,24064,,,,,,Tovar,Ezequiel,Ezequiel Jesus,,Gota,,2001,8,1,,,,2018,2024,2022,2024,,,,,,,,,,,,
4c62e786,4c62e786-58b7-44df-9f3b-9d217c97972a,607951,laboj001,labouja01,labour000jai,14996,,,,,,Labourt,Jairo,Jairo Snaider,,,,1994,3,7,,,,2011,2018,2017,2017,,,,,,,,,,,,
4c9da00c,4c9da00c-88bf-49d5-8868-b1f90073523e,595023,walsc001,walshco02,walsh-001col,10961,,,,,Q23664923,Walsh,Colin,Colin Patrick,,,,1989,9,26,,,,2010,2018,2016,2016,,,,,,,,,,,,
4cb5a1ce,4cb5a1ce-fadf-4995-b78c-47a8b357bea4,625329,urruh001,urruthe01,urruti000hen,14441,,,,,Q14327266,Urrutia,Henry,Henry Alexander,,Rodríguez,,1987,2,13,,,,2005,2024,2013,2015,,,,,,,,,,,,
4cc53169,4cc53169-fbec-4aa9-ac44-3b897e2fb3b1,571584,cothc001,cothaca01,cotham001cal,10075,,,,,Q20740741,Cotham,Caleb,Caleb Kent,,,,1987,11,6,,,,2009,2016,2015,2016,,,,,,,,,,,,
4cc8a950,4cc8a950-61cb-4368-b60f-ffb6228da523,542208,perec003,perezca02,perez-010car,10642,,,,,Q19861747,Pérez,Carlos,Carlos Eduardo,,Alvarez,,1990,10,27,,,,2008,2024,2015,2023,,,,,,,,,,,,
4cd544e8,4cd544e8-8bab-4670-a2fb-11ce7cfb8b33,642772,basal001,basablu01,basabe000lui,17839,,,,,Q50823456,Basabe,Luis Alexander,Luis Alexander,,,,1996,8,26,,,,2013,2022,2020,2020,,,,,,,,,,,,
4cd8a0aa,4cd8a0aa-e76d-46b0-82ec-1a88fb2d81c9,446308,wietm001,wietema01,wieter001mat,4298,,,,,Q539704,Wieters,Matt,Matthew Richard,,,,1986,5,21,,,,2007,2020,2009,2020,2005,2007,,,,,,,,,,
4cdf113e,4cdf113e-cdcf-4f1f-98ad-6107941f5332,621350,frarc001,frareca01,frare-000cal,14353,,,,,Q56433758,Frare,Caleb,Caleb Michael,,,,1993,7,8,,,,2012,2021,2018,2019,,,,,,,,,,,,
4cdf1c3b,4cdf1c3b-4c02-421c-be03-cfe2a93cd998,656353,davit005,davidtu01,davids000tuc,19871,,,,,Q99658885,Davidson,Tucker,Joseph Tucker,,,,1996,3,25,,,,2016,2024,2020,2024,,,,,,,,,,,,
4d02a26b,4d02a26b-29d7-4ba9-afac-66953d8efd93,665896,martj010,martejo01,marte-002jos,21761,,,,,,Marte,José,José Manuel,,Ramirez,,1996,6,14,,,,2016,2024,2021,2024,,,,,,,,,,,,
4d06fcb6,4d06fcb6-859f-41b3-9daf-91f7cd017442,605125,aschc001,ascheco01,asche-000cod,11997,,,,,Q14889535,Asche,Cody,Cody James,,,,1990,6,30,,,,2011,2019,2013,2017,2009,2011,,,,,,,,,,
4d0f0e00,4d0f0e00-aa3d-443e-8f2e-a371f0e39034,543238,gosea001,gosean01,gose--001ant,5097,,,,,Q2852868,Gose,Anthony,Anthony Robert,,,,1990,8,10,,,,2008,2024,2012,2024,,,,,,,,,,,,
4d1148db,4d1148db-c541-42d7-84c5-a0b81baacfec,400121,martv001,martivi01,martin004vic,393,,,,,Q1133552,Martínez,Víctor,Víctor Jesús,,,,1978,12,23,,,,1999,2018,2002,2018,,,,,,,,,,,,
4d26411c,4d26411c-816a-41de-ac6a-657dcdf5d174,656495,guthd001,guthrda01,guthri000dal,21293,,,,,Q113813336,Guthrie,Dalton,Dalton James,,,,1995,12,23,,,,2017,2024,2022,2023,2015,2017,,,,,,,,,,
4d5072de,4d5072de-590b-4e03-a7e0-4183d5eb243a,650813,escol001,escoblu01,escoba002lui,17345,,,,,Q28741407,Escobar,Luis,Luis Alberto,,Hernandez,,1996,5,30,,,,2014,2024,2019,2019,,,,,,,,,,,,
4d616ee5,4d616ee5-d43e-42ba-bb95-c481fd8f9c4c,523260,kellj001,kellyjo05,kelly-002joe,9761,,,,,Q2351168,Kelly,Joe,Joseph William,,,,1988,6,9,,,,2009,2024,2012,2024,2007,2009,,,,,,,,,,
4d714500,4d714500-bcec-46bb-be92-9ca50da265bc,621121,mccul002,mcculla02,mccull002lan,14120,,,,,Q6483473,McCullers,Lance,Lance Graye,Jr.,,,1993,10,2,,,,2012,2022,2015,2022,,,,,,,,,,,,
4d769d4f,4d769d4f-17ed-430d-ac6c-1b50ae6b0ae9,663385,smitc007,smithch12,smith-054cha,20190,,,,,Q112339386,Smith,Chad,Rodney Chad,,,,1995,6,8,,,,2016,2023,2022,2023,2016,2016,,,,,,,,,,
4d7c6d29,4d7c6d29-0c75-47e0-99cb-1916b088ac58,519267,scrie001,scribev01,scribn001eva,7525,,,,,Q3061333,Scribner,Evan,Evan Lee,,,,1985,7,19,,,,2007,2018,2011,2017,2004,2007,,,,,,,,,,
4dac4d42,4dac4d42-3fdf-4add-8377-f9ab36e57036,664068,kings001,kingesc01,kinger000sco,17975,,,,,Q20714342,Kingery,Scott,Scott M.,,,,1994,4,29,,,,2015,2024,2018,2022,2013,2015,,,,,,,,,,
4dbc4e2d,4dbc4e2d-c8f3-476b-a26e-211b2bf32438,458709,lannj001,lannajo01,lannan001joh,7080,,,,,Q606534,Lannan,John,John Edward,,,,1984,9,27,,,,2005,2017,2007,2014,2003,2005,,,,,,,,,,
4dc04a90,4dc04a90-ae49-4543-b74c-5eb8076368d2,543331,hoovj002,hoovejj01,hoover001jj-,9037,,,,,Q722360,Hoover,J. J.,James Allen,,,,1987,8,13,,,,2008,2022,2012,2018,,,,,,,,,,,,
4e0163b0,4e0163b0-b35e-4b4d-a5e3-1cad85951fe8,656290,carld003,carltdr01,carlto000dre,19868,,,,,Q108419454,Carlton,Drew,Drew Michael,,,,1995,9,8,,,,2017,2023,2021,2023,2015,2017,,,,,,,,,,
4e182998,4e182998-6fe3-485d-bcf8-45ae7c820ef3,571704,gilek001,gileske01,giles-001ken,12910,,,,,Q16929691,Giles,Ken,Kenneth Robert,,,,1990,9,20,,,,2011,2024,2014,2022,,,,,,,,,,,,
4e1bd668,4e1bd668-40f2-49f3-b90a-91c101ec20b8,674072,henrt001,henryto01,henry-002tom,26285,,,,,,Henry,Tommy,Thomas Jack,,,,1997,7,29,,,,2019,2024,2022,2024,2017,2019,,,,,,,,,,
4e27531f,4e27531f-ea7f-4f40-b156-0eeaa9bb91bf,657129,wilsm003,wilsoma02,wilson006mar,17910,,,,,Q111142352,Wilson,Marcus,Marcus,,,,1996,8,15,,,,2014,2023,2022,2022,,,,,,,,,,,,
4e356628,4e356628-c87c-4d07-8f0c-37786f67db21,553878,rivef001,riverfe01,rivero001fel,12076,,,,,Q5442036,Vázquez,Felipe,Felipe Javier,,,,1991,7,5,,,,2009,2024,2015,2019,,,,,,,,,,,,
4e36c31c,4e36c31c-0441-4573-9990-aebccc6b1851,519058,mousm001,moustmi01,mousta001mik,4892,,,,,Q3313473,Moustakas,Mike,Michael Christopher,,,Moose,1988,9,11,,,,2007,2023,2011,2023,,,,,,,,,,,,
4e3a0f70,4e3a0f70-a77d-4a5d-9b90-82cea8aaee04,449079,wrigw001,wrighwe01,wright001deq,5960,,,,,Q3567390,Wright,Wesley,Dequam LaWesley,,,,1985,1,28,,,,2003,2017,2008,2015,,,,,,,,,,,,
4e6be1a0,4e6be1a0-f5dd-4523-9aa3-ee2b1f18c8d9,421685,haraa001,haranaa01,harang001aar,1451,,,,,Q2820054,Harang,Aaron,Aaron Michael,,,,1978,5,9,,,,1999,2015,2002,2015,1997,1999,,,,,,,,,,
4e98ddda,4e98ddda-f0f0-4f5c-b44b-619eafaa3029,656924,ryanr002,ryanry01,ryan--000ryd,19891,,,,,,Ryan,Ryder,Ryder Michael,,,,1995,5,11,,,,2016,2024,2023,2024,2015,2016,,,,,,,,,,
4ea7613b,4ea7613b-502b-483d-8791-97a82f14debd,656232,bielb001,bielabr01,bielak000bra,19866,,,,,Q98004833,Bielak,Brandon,Brandon Michael,,,,1996,4,2,,,,2017,2024,2020,2024,2015,2017,,,,,,,,,,
4eabfdb1,4eabfdb1-d174-4bf2-8d47-13d7041dfa68,527054,tehej001,teherju01,tehera001jul,6797,,,,,Q3065498,Teherán,Julio,Julio Alberto,,Pinto,,1991,1,27,,,,2008,2024,2011,2024,,,,,,,,,,,,
4ee9977e,4ee9977e-ba88-42e4-bed6-48d7b25c0920,621500,mathw001,mathiwy01,mathis000wya,14555,,,,,Q99291600,Mathisen,Wyatt,Wyatt Lane,,,,1993,12,30,,,,2012,2022,2020,2021,,,,,,,,,,,,
4efd1ad8,4efd1ad8-23e3-472f-8a61-bf3309c017ed,680779,davih001,davishe01,davis-004hen,29617,,,,,,Davis,Henry,Henry Cummings,,,,1999,9,21,,,,2021,2024,2023,2024,2019,2021,,,,,,,,,,
4f177a49,4f177a49-c532-4c52-91f8-8a96926683eb,519076,nelsj004,nelsoji02,nelson008jam,10547,,,,,Q15961822,Nelson,Jimmy,James Jacob,,,,1989,6,5,,,,2010,2023,2013,2021,2008,2010,,,,,,,,,,
4f207309,4f207309-ab09-4348-9e0c-b12f2a41c155,449107,avilm001,avilemi01,aviles001mic,5986,,,,,Q3313207,Aviles,Mike,Michael Anthony,,,,1981,3,13,,,,2003,2017,2008,2017,2000,2003,,,,,,,,,,
4f73ee64,4f73ee64-adbc-45b1-b869-77f650db76e2,592621,parkk001,parkeky01,parker002kyl,11763,,,,,Q6451344,Parker,Kyle,Kyle James,,,,1989,9,30,,,,2011,2016,2014,2015,,,,,,,,,,,,
4f823444,4f823444-fec2-41c2-a7d9-9f879b4afbbd,642082,siscc001,siscoch01,sisco-000cha,15694,,,,,Q18158001,Sisco,Chance,Chance Thomas Leo,,,,1995,2,24,,,,2013,2024,2017,2021,,,,,,,,,,,,
4f891cd2,4f891cd2-3aa8-4f98-b7e7-7a7f20e06e71,675540,currx001,curryxz01,curry-000xza,25595,,,,,,Curry,Xzavion,Xzavion Rashan,,,,1998,7,27,,,,2021,2024,2022,2024,2017,2019,,,,,,,,,,
4f98dc4e,4f98dc4e-d86b-452e-81f7-8854196d4231,641427,busea001,busenal01,buseni000ala,15239,03305138,,,,Q30323504,Busenitz,Alan,Alan Paul,,,,1990,8,22,,,,2013,2024,2017,2024,,,,,,,,,,,,
4fa15d3b,4fa15d3b-af36-4252-898d-18a2416f798d,502126,browd004,browndo01,brown-001dom,3154,,,,,Q3035629,Brown,Domonic,Domonic Larun,,,,1987,9,3,,,,2006,2019,2010,2015,,,,,,,,,,,,
4fa6e11e,4fa6e11e-22f7-4f93-929d-87933f9930d8,641477,cordr001,cordery01,cordel000rya,15181,,,,,Q30032219,Cordell,Ryan,Ryan Thomas,,,,1992,3,31,,,,2013,2021,2018,2020,2011,2013,,,,,,,,,,
4fb5738a,4fb5738a-2d1a-4c6c-b73c-25222f493486,602928,jorgf001,jorgefe01,jorge-000fel,14532,,,,,,Jorge,Felix,Felix De Jesus,,Estevez,,1994,1,2,,,,2011,2018,2017,2017,,,,,,,,,,,,
4fb667d9,4fb667d9-fbde-48ba-b997-e81b4b3886ee,489295,schlb001,schlibr01,schlit001bri,3599,13715134,,,,Q2924998,Schlitter,Brian,Brian Patrick,,,,1985,12,21,,,,2007,2024,2010,2019,2007,2007,,,,,,,,,,
4fd70135,4fd70135-7457-46a5-b1f0-6faf5de63e9d,671289,freet001,freemty01,freema000tyl,22532,,,,,,Freeman,Tyler,Tyler Andrew,,,,1999,5,21,,,,2017,2024,2022,2024,,,,,,,,,,,,
4fdc71cb,4fdc71cb-92a5-4bcb-9e46-438ce3b0a265,623143,browt002,browntr01,brown-004tre,13895,,,,,Q20995727,Brown,Trevor,Trevor Michael,,,,1991,11,15,,,,2012,2018,2015,2016,2010,2012,,,,,,,,,,
4ff2910f,4ff2910f-dd59-4f74-816c-aa5ac4e55aeb,605479,smitj006,smithjo08,smith-022jos,13629,,,,,Q64150042,Smith,Josh,Joshua Dwayne,,,,1989,10,11,,,,2012,2022,2019,2020,2009,2012,,,,,,,,,,
4ff3c228,4ff3c228-96ef-4805-9a99-840831c00792,664353,urquj001,urquijo01,hernan041jos,18413,,,,,Q65003402,Urquidy,José,José Luis,,Hernandez,,1995,5,1,,,,2015,2024,2019,2023,,,,,,,,,,,,
4ffb4f07,4ffb4f07-ad60-41ba-96cd-dee4f44a2811,694297,pfaab001,pfaadbr01,pfaadt001bra,27782,,,,,,Pfaadt,Brandon,Brandon Connor,,,,1998,10,15,,,,2021,2024,2023,2024,2018,2020,,,,,,,,,,
