key_person,key_uuid,key_mlbam,key_retro,key_bbref,key_bbref_minors,key_fangraphs,key_npb,key_sr_nfl,key_sr_nba,key_sr_nhl,key_wikidata,name_last,name_first,name_given,name_suffix,name_matrilineal,name_nick,birth_year,birth_month,birth_day,death_year,death_month,death_day,pro_played_first,pro_played_last,mlb_played_first,mlb_played_last,col_played_first,col_played_last,pro_managed_first,pro_managed_last,mlb_managed_first,mlb_managed_last,col_managed_first,col_managed_last,pro_umpired_first,pro_umpired_last,mlb_umpired_first,mlb_umpired_last
b01123a3,b01123a3-48d9-46a5-aa33-1ba6bd86314f,592872,wimma001,wimmeal01,wimmer001ale,11394,,,,,Q26705649,Wimmers,Alex,Alex Michael,,,,1988,11,1,,,,2010,2018,2016,2017,2008,2010,,,,,,,,,,
b028cac1,b028cac1-94bd-4209-8efa-e02675bee085,451088,sellj002,selleju01,seller002jus,4006,,,,,Q742857,Sellers,Justin,Justin Ryan,,,,1986,2,1,,,,2005,2015,2011,2014,,,,,,,,,,,,
b048f44f,b048f44f-87ec-4a6a-849f-9e34f8d761a5,458708,tomlj001,tomlijo01,tomlin001jos,9388,,,,,Q3186006,Tomlin,Josh,Joshua Aubrey,,,Little Cowboy,1984,10,19,,,,2006,2021,2010,2021,2006,2006,,,,,,,,,,
b09b2edb,b09b2edb-28a6-4792-996a-00968a6132af,425784,river003,riverre01,rivera002ren,3648,,,,,Q3426829,Rivera,René,René,,,,1983,7,31,,,,2001,2021,2004,2021,,,,,,,,,,,,
b0a51a64,b0a51a64-6fb9-4cd5-ad9c-5cc401abeb54,430630,frasj002,frasoja01,frasor001jas,1906,,,,,Q3162935,Frasor,Jason,Jason Andrew,,,,1977,8,9,,,,1999,2015,2004,2015,1996,1999,,,,,,,,,,
b0b08dc9,b0b08dc9-8fff-4d46-98da-c5d2a1b0dbd8,592866,willt002,willitr01,willia002tre,16977,,,,,Q26837136,Williams,Trevor,Trevor Anthony,,,,1992,4,25,,,,2013,2024,2016,2024,2011,2013,,,,,,,,,,
b0c36be7,b0c36be7-3495-4740-96b4-d2972699d100,605335,leibb001,leibrbr01,leibra000bra,16135,,,,,Q98522613,Leibrandt,Brandon,Brandon Charles,,,,1992,12,13,,,,2014,2024,2020,2024,2012,2014,,,,,,,,,,
b0c6959f,b0c6959f-5ba9-48f1-ae37-92e03372e60e,491640,rivec002,riverca02,rivero001car,1136,03005134,,,,Q17514612,Rivero,Carlos,Carlos Luis,,Milan,,1988,5,20,,,,2006,2024,2014,2014,,,,,,,,,,,,
b0d10954,b0d10954-17a6-4d27-bab7-87ea787041b4,453184,lincb001,lincobr01,lincol001bra,4241,,,,,Q2923408,Lincoln,Brad,Brad Eric,,,,1985,5,25,,,,2006,2015,2010,2014,2004,2006,,,,,,,,,,
b0d629f8,b0d629f8-ded2-4f8a-8da7-181b5ab35443,600466,readr002,readra01,read--000rau,15766,,,,,Q38626746,Read,Raudy,Raudy Miguel,,Placencia,,1993,10,29,,,,2011,2024,2017,2019,,,,,,,,,,,,
b12533d5,b12533d5-00dd-4cd7-836b-63b1f3673924,608349,knebc001,knebeco01,knebel001cor,15010,,,,,Q16233929,Knebel,Corey,Corey Andrew,,,,1991,11,26,,,,2013,2024,2014,2022,2011,2013,,,,,,,,,,
b1265a91,b1265a91-d167-4cc9-9d52-021081f9c020,519295,smolj002,smolija01,smolin001jak,5408,,,,,Q17329328,Smolinski,Jake,Jacob Michael,,,,1989,2,9,,,,2007,2019,2014,2018,,,,,,,,,,,,
b12e1a4c,b12e1a4c-572f-47f6-8a58-69eadbb3aade,523261,kiesr001,kiescro01,kiesch001rog,5225,,,,,Q7358454,Kieschnick,Roger,Roger Keith,,,,1987,1,21,,,,2008,2016,2013,2014,2006,2008,,,,,,,,,,
b141d5f8,b141d5f8-4ed0-4309-a8b3-7fd599306f65,594577,mayem001,mayermi01,mayers000mik,15451,,,,,Q26209486,Mayers,Mike,Michael Christopher,,,,1991,12,6,,,,2013,2024,2016,2023,2011,2013,,,,,,,,,,
b141e10c,b141e10c-f379-463d-ab9d-9c0da614f818,592858,wickr001,wickro01,wick--001row,14646,03505159,,,,Q28924877,Wick,Rowan,Rowan David,,,,1992,11,9,,,,2012,2024,2018,2022,2011,2011,,,,,,,,,,
b14ec27f,b14ec27f-b877-4a83-9ab2-84e63353e1ae,453943,frazt001,frazito01,frazie001tod,785,,,,,Q3530251,Frazier,Todd,Todd Brian,,,,1986,2,12,,,,2007,2021,2011,2021,2005,2007,,,,,,,,,,
b180e03a,b180e03a-a466-4195-b171-8ea5f87585f4,545337,fontn001,fontano01,fontan001nol,13267,,,,,Q16233795,Fontana,Nolan,Nolan David,,,,1991,6,6,,,,2012,2019,2017,2018,2010,2012,,,,,,,,,,
b18736b0,b18736b0-c131-4b40-9a46-98c66d147799,502028,woodb004,woodbl01,wood--001bla,1345,,,,,Q2905859,Wood,Blake,Blake Daniel,,,,1985,8,8,,,,2006,2018,2010,2018,2004,2006,,,,,,,,,,
b194503f,b194503f-fafb-46b2-bd52-67168868317d,518603,defrj001,defraju01,defrat001jus,4955,,,,,Q3190431,De Fratus,Justin,Justin Andrew,,,,1987,10,21,,,,2007,2019,2011,2015,,,,,,,,,,,,
b195917d,b195917d-cefc-4a66-90fc-90b8ab00c4b4,605227,featt001,feathta01,feathe000tay,12590,,,,,Q19801581,Featherston,Taylor,Taylor Joseph,,,,1989,10,8,,,,2011,2019,2015,2017,2009,2011,,,,,,,,,,
b1afebc5,b1afebc5-bd3f-4849-8a4a-c0d352846466,543698,roacd001,roachdo01,roach-001don,10620,43945136,,,,Q16232882,Roach,Donn,Donn Mitchell,,,,1989,12,14,,,,2010,2020,2014,2016,2009,2009,,,,,,,,,,
b1b6d23a,b1b6d23a-0612-4164-9edf-722e195347dd,668881,greeh001,greenhu01,greene000hun,22182,,,,,,Greene,Hunter,Christian Hunter,,,,1999,8,6,,,,2017,2024,2022,2024,,,,,,,,,,,,
b1b973f3,b1b973f3-3c23-43f4-a561-8bdf4594a5d7,493316,cespy001,cespeyo01,cesped000yoe,13110,,,,,Q2699194,Céspedes,Yoenis,Yoenis,,Milanés,,1985,10,18,,,,2003,2022,2012,2020,,,,,,,,,,,,
b1d568b1,b1d568b1-532a-4cda-ad8b-cc1ebc9e66e4,606160,montr004,montera01,monter000raf,12760,,,,,Q15911715,Montero,Rafael,Rafael,,Quezada,,1990,10,17,,,,2011,2024,2014,2024,,,,,,,,,,,,
b1dd99d7,b1dd99d7-b99a-4a61-bc08-bb399d0af73f,660365,yangh001,yanghy01,yang--000hye,27513,,,,,Q626436,Yang,Hyeon-jong,Hyeon-jong,,,,1988,3,1,,,,2007,2024,2021,2021,,,,,,,,,,,,
b1e0bd8b,b1e0bd8b-4891-4a7a-8847-a39629f079eb,592144,bernw001,bernawy01,bernar000wyn,13408,,,,,Q113497518,Bernard,Wynton,Wynton Allen,,,,1990,9,24,,,,2012,2024,2022,2022,2011,2012,,,,,,,,,,
b1eaa82e,b1eaa82e-df06-47a6-8ed7-28e2d011f0a6,642607,agrad001,agrazda01,agraza000dar,15821,,,,,Q64740106,Agrazal,Dario,Dario Abdiel,,Espinosa,,1994,12,28,,,,2013,2024,2019,2019,,,,,,,,,,,,
b1ece8f6,b1ece8f6-24df-4b4a-ad16-c61db8e80201,477165,wallb001,wallabr01,wallac002bre,8434,,,,,Q2924644,Wallace,Brett,Brett Alexander,,,,1986,8,26,,,,2008,2016,2010,2016,2006,2008,,,,,,,,,,
b1f5cbbc,b1f5cbbc-4c88-49bb-a883-6311b4177031,672782,gomey002,gomezyo01,gomez-000yoe,22872,,,,,Q110660002,Gómez,Yoendrys,Yoendrys Adrian,,Perez,,1999,10,15,,,,2017,2024,2023,2024,,,,,,,,,,,,
b1fc7957,b1fc7957-cc5b-4a68-9f86-83f898ffbcf0,489197,partc001,partccu01,partch001cur,1333,,,,,Q13582299,Partch,Curtis,Curtis,,,,1987,2,13,,,,2007,2017,2013,2016,,,,,,,,,,,,
b205efa3,b205efa3-123b-4443-b64c-c71c68f8bcd9,663630,mcker001,mckenry01,mckenn001rya,19928,,,,,Q55632150,McKenna,Ryan,Ryan Shea,,,,1997,2,14,,,,2015,2024,2021,2024,,,,,,,,,,,,
b20d8e37,b20d8e37-1f14-4f97-a0e5-d361349fc49f,623912,ramih004,ramirha02,ramire002har,14387,,,,,Q30099668,Ramírez,Harold,Harold Andres,,Lemus,,1994,9,6,,,,2012,2024,2019,2024,,,,,,,,,,,,
b222e89c,b222e89c-de6e-46f8-9e65-44184c67905f,694738,roupl001,rouppla01,roupp-000lan,30076,,,,,,Roupp,Landen,Landen Brice,,,,1998,9,10,,,,2021,2024,2024,2024,2018,2021,,,,,,,,,,
b233f7ee,b233f7ee-354f-455c-b6c1-99de01da26db,641501,danit001,danisty01,danish000tyl,15126,,,,,Q17385800,Danish,Tyler,Tyler Michael,,,,1994,9,12,,,,2013,2024,2016,2022,,,,,,,,,,,,
b235f023,b235f023-999b-4a95-ac62-24d6652ea5c6,622217,ograc001,ogradch01,ogrady000chr,13818,,,,,Q29376610,O'Grady,Chris,Christopher Ryan,,,,1990,4,17,,,,2012,2018,2017,2018,2009,2012,,,,,,,,,,
b253355c,b253355c-e113-4a6f-ae29-537fe0ffb64e,663616,larnt001,larnatr01,larnac000tre,21501,,,,,Q53085145,Larnach,Trevor,Trevor John-Ikaiakaloa,,,,1997,2,26,,,,2018,2024,2021,2024,2016,2018,,,,,,,,,,
b25ad6fb,b25ad6fb-8078-4e67-a5e8-dbe66c7a4c89,571572,coloj002,colonjo01,colon-008jos,4920,,,,,Q25683089,Colón,Joe,Joseph,,,,1990,2,18,,,,2009,2018,2016,2016,,,,,,,,,,,,
b25bce57,b25bce57-0b53-40a8-9e83-8efdce600c2c,668942,rojaj001,rojasjo01,rojas-009jos,19734,,,,,Q66459263,Rojas,Josh,Joshua Luke,,,,1994,6,30,,,,2017,2024,2019,2024,2016,2017,,,,,,,,,,
b26acf0e,b26acf0e-e25a-402a-b254-d00cdc15fb76,624428,fraza001,fraziad01,frazie001ada,15223,,,,,Q22959158,Frazier,Adam,Adam Timothy,,,,1991,12,14,,,,2013,2024,2016,2024,2011,2013,,,,,,,,,,
b271268d,b271268d-62cc-4d74-be65-efb6d038a104,607087,snods001,snodgsc01,snodgr000sco,12020,,,,,Q18001866,Snodgress,Scott,Scott Andrew,,,,1989,9,20,,,,2011,2017,2014,2014,2009,2011,,,,,,,,,,
b271cb80,b271cb80-1870-4656-a642-f7a55eb03ffc,276520,arrob001,arroybr01,arroyo001bro,978,,,,,Q2926099,Arroyo,Bronson,Bronson Anthony,,,,1977,2,24,,,,1995,2017,2000,2017,,,,,,,,,,,,
b2740e60,b2740e60-e1e4-40bf-ab0a-636679d0c6b0,488787,colec001,colemca01,colema001cas,8270,,,,,Q2940974,Coleman,Casey,Joseph Casey,,,,1987,7,3,,,,2008,2019,2010,2014,2006,2008,,,,,,,,,,
b290fccd,b290fccd-a4e7-4290-bba8-7ead095117cc,452718,kendk001,kendrky01,kendri001kyl,6230,,,,,Q2745840,Kendrick,Kyle,Kyle Rodney,,,,1984,8,26,,,,2003,2017,2007,2017,,,,,,,,,,,,
b296a57f,b296a57f-3d62-4c2e-b2f6-2ec2c7ace970,666561,hwanj001,hwangja01,hwang-001jae,19369,,,,,Q11287837,Hwang,Jae-gyun,Jae-gyun,,,,1987,7,28,,,,2007,2024,2017,2017,,,,,,,,,,,,
b29b656b,b29b656b-5afb-4e4f-8d99-bd2ee190fd9a,656725,mcraa001,mcraeal01,mcrae-000ale,16317,,,,,Q55433865,McRae,Alex,Alex James,,,,1993,4,6,,,,2014,2023,2018,2021,2012,2014,,,,,,,,,,
b29bf7c8,b29bf7c8-0468-423c-9c99-0b8c2cad7bc1,669135,scerm001,sceroma01,scerol000mac,22218,,,,,Q104093815,Sceroler,Mac,Joseph McDonald,,,,1995,4,9,,,,2017,2023,2021,2021,2015,2017,,,,,,,,,,
b2a63fc4,b2a63fc4-e356-4976-8a73-4dc0de6c6003,663941,beckt002,becktr01,beck--000tri,21584,,,,,Q29649499,Beck,Tristan,Tristan Robert,,,,1996,6,24,,,,2018,2024,2023,2024,2016,2018,,,,,,,,,,
b2a6d0c6,b2a6d0c6-c5f8-4902-9540-32b73e838cfe,595897,burdn001,burdini01,burdi-000nic,16074,,,,,Q15132700,Burdi,Nick,Nicholas Edward,,,,1993,1,19,,,,2014,2024,2018,2024,2012,2014,,,,,,,,,,
b2bfa07c,b2bfa07c-156b-404c-bfc4-3b934343f90c,446488,rices001,ricesc01,rice--001sco,2743,,,,,Q10517790,Rice,Scott,Scott Adam,,,,1981,9,21,,,,1999,2016,2013,2014,,,,,,,,,,,,
b2e1ac2a,b2e1ac2a-0851-4fd0-bfef-983e636e0ec4,683769,gaddh001,gaddihu01,gaddis000hun,25636,,,,,Q113458333,Gaddis,Hunter,Hunter Reid,,,,1998,4,9,,,,2019,2024,2022,2024,2017,2019,,,,,,,,,,
b2e40e83,b2e40e83-cea8-4f14-954c-a67c1c6d24d4,643338,greec003,greench03,green-006cha,15552,,,,,Q24548598,Green,Chad,Chad Keith,,,,1991,5,24,,,,2013,2024,2016,2024,2011,2013,,,,,,,,,,
b2e7dd48,b2e7dd48-b35d-417c-a831-4e3409171fb5,621453,duggs001,duggast01,duggar000ste,17719,,,,,Q55432912,Duggar,Steven,Steven Michael,,,,1993,11,4,,,,2015,2023,2018,2022,2013,2015,,,,,,,,,,
b2eeab11,b2eeab11-ae9f-4545-b184-8be0dd98265b,425772,mathj001,mathije01,mathis001jef,3448,,,,,Q985690,Mathis,Jeff,Jeffrey Stephen,,,,1983,3,31,,,,2001,2021,2005,2021,,,,,,,,,,,,
b2fa4529,b2fa4529-fe6b-4274-a2c9-ee3616bcf528,640464,stewk001,stewako01,stewar000koh,15502,,,,,Q16236570,Stewart,Kohl,Kohl Robert,,,,1994,10,7,,,,2013,2021,2018,2021,,,,,,,,,,,,
b2fe1256,b2fe1256-c059-4bde-983c-5d60f76eaedc,663757,grist001,grishtr01,clark-000tre,18564,,,,,Q19973662,Grisham,Trent,Trenton Marcus,,,,1996,11,1,,,,2015,2024,2019,2024,,,,,,,,,,,,
b3150b0b,b3150b0b-27e5-45fd-8132-52f5513ca282,527048,perem004,perezma02,perez-011mar,6902,,,,,Q3078130,Pérez,Martín,Martín,,Jimenez,,1991,4,4,,,,2008,2024,2012,2024,,,,,,,,,,,,
b33655d9,b33655d9-02cb-421c-b7c6-de2509b75429,489067,lollr001,lolliry01,lollis001rya,6623,,,,,Q20658504,Lollis,Ryan,Ryan Matthew,,,,1986,12,16,,,,2009,2017,2015,2015,,,,,,,,,,,,
b33cc1ab,b33cc1ab-50fb-4a15-820e-3375a1bd4200,669477,schmc003,schmica01,schmit000cas,27577,,,,,,Schmitt,Casey,Casey Shawn,,,,1999,3,1,,,,2021,2024,2023,2024,2018,2020,,,,,,,,,,
b3464c23,b3464c23-5d35-41e9-bca9-4b8edd43d731,458730,parnb001,parnebo01,parnel001rob,9926,,,,,Q2907995,Parnell,Bobby,Robert Allen,,,,1984,9,8,,,,2005,2017,2008,2016,2003,2005,,,,,,,,,,
b362bb63,b362bb63-2857-4b17-bfaa-20224dfff3fa,672582,zerpa001,zerpaan01,zerpa-000ang,22717,,,,,,Zerpa,Angel,Angel David,,Palacios,,1999,9,27,,,,2017,2024,2021,2024,,,,,,,,,,,,
b37e97d9,b37e97d9-fda3-4c6d-a97e-96e50fe93e40,656024,perec005,perezca03,perez-021car,20805,,,,,,Pérez,Carlos,Carlos Jesus,,Alvarez,,1996,9,10,,,,2014,2024,2022,2023,,,,,,,,,,,,
b3a63897,b3a63897-b0f0-4c67-b284-88ab705aaf2c,664948,misia001,misiean01,misiew000ant,18152,,,,,,Misiewicz,Anthony,Anthony,,,,1994,11,1,,,,2015,2024,2020,2024,2013,2015,,,,,,,,,,
b3c356b4,b3c356b4-f71d-40bd-9d79-9036795a2525,543521,mchuc001,mchugco01,mchugh001col,7531,,,,,Q2983404,McHugh,Collin,Collin Alexander,,,,1987,6,19,,,,2008,2023,2012,2023,,,,,,,,,,,,
b3ccb822,b3ccb822-6211-46f3-9caf-9b4eaa76025b,650204,ruizn001,ruizno01,ruiz--000nor,19580,,,,,,Ruíz,Norge,Norge Luis,,Loyola,,1994,3,15,,,,2012,2024,2022,2022,,,,,,,,,,,,
b3d5b732,b3d5b732-4f31-4e3f-9111-e8412d37f3d3,660494,armer001,armenro01,arment000rog,17679,,,,,Q64746894,Armenteros,Rogelio,Rogelio,,Peña,,1994,6,30,,,,2011,2022,2019,2019,,,,,,,,,,,,
b3e1f946,b3e1f946-7c1c-4374-8947-db7bcf6704ed,673258,baezm001,baezmi01,baez--000mic,20100,,,,,Q65929436,Báez,Michel,Michel,,Cruz,,1996,1,21,,,,2014,2024,2019,2022,,,,,,,,,,,,
b4159ae5,b4159ae5-18c2-4969-85c7-9daf7d31f83b,572283,younm005,youngma03,youngi001mad,10636,,,,,Q26251639,Younginer,Madison,John Madison,,,,1990,11,3,,,,2010,2020,2016,2016,,,,,,,,,,,,
b41b87a9,b41b87a9-da3e-4f63-88e3-da5af73602d2,501870,teafe001,teafoev01,teafor001eve,3732,,,,,Q3061471,Teaford,Everett,Everett James,,,,1984,5,15,,,,2006,2015,2011,2015,2004,2006,,,,,,,,,,
b422a00e,b422a00e-66c4-477a-bb5b-611aa7370d2d,665861,rives002,riverse01,rivero000seb,21735,,,,,Q106774481,Rivero,Sebastián,Sebastián,,Aguilar,,1998,11,16,,,,2016,2024,2021,2022,,,,,,,,,,,,
b423e60f,b423e60f-75dd-446b-af99-a12959044a44,450306,vargj001,vargaja01,vargas001jas,8044,,,,,Q3163010,Vargas,Jason,Jason Matthew,,,,1983,2,2,,,,2004,2019,2005,2019,2002,2004,,,,,,,,,,
b42605c8,b42605c8-1cff-401f-9f92-b95e6f12b2f5,592789,syndn001,syndeno01,synder001noa,11762,,,,,Q15831560,Syndergaard,Noah,Noah Seth,,,,1992,8,29,,,,2010,2023,2015,2023,,,,,,,,,,,,
b469610e,b469610e-039f-40f8-9ffe-13e9543e146b,669221,murps001,murphse01,murphy006sea,19352,,,,,Q60229705,Murphy,Sean,Sean Michael,,,,1994,10,4,,,,2016,2024,2019,2024,2014,2016,,,,,,,,,,
b4853b92,b4853b92-d157-41b4-9900-52c79de61e71,425509,peraj001,peraljh01,peralt001jho,1738,,,,,Q2739925,Peralta,Jhonny,Jhonny Antonio,,,,1982,5,28,,,,2000,2017,2003,2017,,,,,,,,,,,,
b4b0ee98,b4b0ee98-cb70-4ce2-bba0-12e5e99d98a9,501789,harrw002,harriwi10,harris012wil,3192,,,,,Q3568286,Harris,Will,William Taylor,,,,1984,8,28,,,,2006,2022,2012,2021,2003,2006,,,,,,,,,,
b4bb618d,b4bb618d-d5ff-408f-8da9-bb2de40cc84b,457477,deaza001,deazaal01,deaza-001ale,3371,,,,,Q2832443,De Aza,Alejandro,Alejandro Alberto,,Ceda,,1984,4,11,,,,2002,2024,2007,2017,,,,,,,,,,,,
b4ce5151,b4ce5151-5a36-4948-95e6-3e8790df21e7,622098,smitd009,smithdr01,smith-000dre,17755,,,,,Q55610006,Smith,Drew,Andrew David,,,,1993,9,24,,,,2015,2024,2018,2024,2013,2015,,,,,,,,,,
b4e80079,b4e80079-2151-4fbe-b661-9af6eec92a4c,605309,kelak001,kelake01,kela--000keo,14696,23725157,,,,Q16885534,Kela,Keone,Keone Cole,,,,1993,4,16,,,,2012,2024,2015,2021,,,,,,,,,,,,
b4e8d6b0,b4e8d6b0-420d-44e9-8780-04aa71a5db24,458252,falui001,faluir01,falu--001irv,6165,,,,,Q3154606,Falu,Irving,Irving,,,,1983,6,6,,,,2003,2020,2012,2014,,,,,,,,,,,,
b4eaaf52,b4eaaf52-8850-46d1-9de3-a6ec87a0d0a4,600986,vieit001,vieirth01,vieira000thy,14510,93795151,,,,Q7799559,Vieira,Thyago,Thyago da Silva,,Lucio,,1993,1,7,,,,2011,2024,2017,2024,,,,,,,,,,,,
b4fe5909,b4fe5909-22c2-404b-8d0b-28cd27b5037a,543760,semim001,semiema01,semien001mar,12533,,,,,Q15946610,Semien,Marcus,Marcus Andrew,,,,1990,9,17,,,,2011,2024,2013,2024,2009,2011,,,,,,,,,,
b5154d9e,b5154d9e-8dd2-412c-a563-5f003c573519,605200,daviz001,davieza02,davies000zac,13183,,,,,Q20744856,Davies,Zach,Zachary Ryan,,,,1993,2,7,,,,2012,2024,2015,2023,,,,,,,,,,,,
b5520fc7,b5520fc7-9de3-4bcf-ac79-6f7c3cd5a595,605333,leatj001,leathja01,leathe002joh,12562,,,,,Q13409238,Leathersich,Jack,John Victor,,,,1990,7,14,,,,2011,2018,2015,2017,2011,2011,,,,,,,,,,
b58141f2,b58141f2-d43e-42ba-a0c9-9e9c069e589d,408242,nievw001,nievewi01,nieves001wil,1556,,,,,Q3568083,Nieves,Wil,Wilbert,,,,1977,9,25,,,,1996,2015,2002,2015,,,,,,,,,,,,
b58b3f78,b58b3f78-5eb0-44ba-ae7c-47d14d496e00,668970,hollg002,holloga01,hollow000gav,25427,,,,,,Hollowell,Gavin,Gavin Ernest,,,,1997,11,4,,,,2019,2024,2022,2024,2017,2019,,,,,,,,,,
b5931b55,b5931b55-c361-4d5d-b474-fac7993aab6d,608328,dejoc001,dejonch01,dejong000cha,15036,,,,,Q29191766,De Jong,Chase,Chase Louis,,,,1993,12,29,,,,2012,2023,2017,2023,,,,,,,,,,,,
b5c2e58d,b5c2e58d-77a1-4fc3-b20b-ac1cfa357ff9,502374,mckem001,mckenmi01,mckenr001mic,9628,,,,,Q3308378,McKenry,Michael,Michael Charles,,,,1985,3,4,,,,2006,2017,2010,2016,2004,2006,,,,,,,,,,
b5cb7a54,b5cb7a54-719f-4bb6-a2b3-7bbf4355cb39,543305,hicka001,hicksaa01,hicks-001aar,5297,,,,,Q10507017,Hicks,Aaron,Aaron Michael,,,,1989,10,2,,,,2008,2024,2013,2024,,,,,,,,,,,,
b5f2919e,b5f2919e-58b8-48e8-bb5a-3c1fd1df2420,669713,wesnh001,wesneha01,wesnes000hay,27581,,,,,,Wesneski,Hayden,Hayden Gregory,,,,1997,12,5,,,,2019,2024,2022,2024,2017,2019,,,,,,,,,,
b625756d,b625756d-dbe8-4d95-b43e-31358c8fff60,605452,rossj002,rossjo01,ross--000joe,12972,,,,,Q18157722,Ross,Joe,Joseph Andrew,,,,1993,5,21,,,,2011,2024,2015,2024,,,,,,,,,,,,
b65585ec,b65585ec-77a3-40da-81b1-913109351d05,543592,nolaa002,nolaau01,nola--001aus,15941,,,,,Q20657454,Nola,Austin,Austin Kyle,,,,1989,12,28,,,,2012,2024,2019,2023,2009,2012,,,,,,,,,,
b6654965,b6654965-3b08-4c62-a425-eed5455d9c49,521692,peres002,perezsa02,perez-001sal,7304,,,,,Q3470332,Pérez,Salvador,Salvador Johan,,Díaz,,1990,5,10,,,,2007,2024,2011,2024,,,,,,,,,,,,
b68867f2,b68867f2-f639-4923-8b21-fe215d4217a0,642578,rodrj006,rodrijo07,rodrig058jos,17860,,,,,Q66005808,Rodríguez,José,José Daniel,,Freire,,1995,8,29,,,,2013,2023,2019,2023,,,,,,,,,,,,
b6a42859,b6a42859-1095-4d66-bc39-632c722ff6a3,592570,morra001,morriak01,morris001ake,12185,,,,,Q11282804,Morris,Akeel,Akeel Jamael,,,,1992,11,14,,,,2010,2022,2015,2018,,,,,,,,,,,,
b6afcf02,b6afcf02-81bf-4344-8f50-5b7ad0029c14,475416,mastj001,masteju01,master001jus,2038,,,,,Q3109851,Masterson,Justin,Justin Daniel,,,,1985,3,22,,,,2006,2017,2008,2015,2006,2006,,,,,,,,,,
b6b0184a,b6b0184a-09fd-450e-8cbe-c13e786bcb8c,543377,josec001,josepco01,joseph001cor,5503,,,,,Q5169709,Joseph,Corban,Corban Reece,,,,1988,10,28,,,,2008,2021,2013,2019,,,,,,,,,,,,
b6bd85ea,b6bd85ea-d38f-424b-9550-caa9782049fd,543243,grays001,grayso01,gray--001son,12768,,,,,Q14184394,Gray,Sonny,Sonny Douglas,,,,1989,11,7,,,,2011,2024,2013,2024,2009,2011,,,,,,,,,,
b6d9f8c4,b6d9f8c4-045b-47e6-bc7a-8b540dae5059,446653,lobaj001,lobatjo01,lobato001jos,4243,,,,,Q3054951,Lobatón,José,José Manuel,,,,1984,10,21,,,,2003,2021,2009,2021,,,,,,,,,,,,
b6f07a86,b6f07a86-0eef-40d5-ad13-305f70685cf3,572888,grees005,greensh02,greene002sha,10756,,,,,Q16634735,Greene,Shane,Shane,,,,1988,11,17,,,,2009,2024,2014,2023,,,,,,,,,,,,
b7035dbe,b7035dbe-0830-4007-bd17-1930048218ff,502130,runzd001,runzlda01,runzle001dan,4080,63565139,,,,Q3013190,Runzler,Dan,Daniel Joseph,,,,1985,3,30,,,,2007,2019,2009,2017,2005,2007,,,,,,,,,,
b714211a,b714211a-fbb1-40a1-bda7-a7f02fdc77aa,681892,fundk001,fundeko01,funder000kod,24993,,,,,,Funderburk,Kody,Kody,,,,1996,11,27,,,,2018,2024,2023,2024,2018,2018,,,,,,,,,,
b717fd8b,b717fd8b-c089-48a7-8a48-48484ce66e14,676801,mccoc001,mccorch01,mccorm004cha,19599,,,,,Q99754453,McCormick,Chas,Chas Kane,,,,1995,4,19,,,,2017,2024,2021,2024,2014,2017,,,,,,,,,,
b719b0af,b719b0af-3b57-47db-8c18-c25e0437f388,680232,wolfj001,wolfja01,wolf--002jac,29832,,,,,,Wolf,Jackson,Jackson David,,,,1999,4,22,,,,2021,2024,2023,2023,2018,2021,,,,,,,,,,
b71caf8d,b71caf8d-0c30-45af-b67a-8d7c868dc0b1,677076,andrc002,andrecl02,andrew003cla,23631,,,,,,Andrews,Clayton,Clayton Davis,,,,1997,1,4,,,,2018,2024,2023,2024,2018,2018,,,,,,,,,,
b7304d4f,b7304d4f-f8c6-4541-ae68-484b1d26ed22,457775,jennd002,jennide01,jennin001des,1965,,,,,Q3024531,Jennings,Desmond,Desmond Delane,,,,1986,10,30,,,,2006,2018,2010,2016,,,,,,,,,,,,
b73d52fb,b73d52fb-8f38-42f4-8a83-63cd81c9ff62,622766,diazm004,diazmi02,diaz--005mig,18815,,,,,Q29167525,Díaz,Miguel,Miguel Angel,,,,1994,11,28,,,,2012,2024,2017,2024,,,,,,,,,,,,
b74b3ffb,b74b3ffb-2db7-4972-bf0d-301842ab0715,554234,perew001,perezwi01,perez-003wil,11592,,,,,Q19880974,Pérez,Williams,Williams David,,Montes,,1991,5,21,,,,2009,2023,2015,2016,,,,,,,,,,,,
b7525ec0,b7525ec0-6c0b-4a26-88af-c349a5b68593,622100,jonet005,jonesta01,jones-000tay,19533,,,,,Q97740021,Jones,Taylor,Taylor Michael,,,,1993,12,6,,,,2016,2023,2020,2022,2013,2016,,,,,,,,,,
b7551d80,b7551d80-d80b-48f6-85fd-c4fc2f05a471,543807,sprig001,springe01,spring001geo,12856,,,,,Q5544750,Springer,George,George Chelston,,,,1989,9,19,,,,2011,2024,2014,2024,2009,2011,,,,,,,,,,
b7572fe0,b7572fe0-c704-4243-89a2-0cfe45f88ad5,488674,badeb001,badenbu01,badenh001bur,9736,,,,,Q2928495,Badenhop,Burke,Burke Heinrich,,,,1983,2,8,,,,2005,2016,2008,2015,2002,2005,,,,,,,,,,
b75e8a3e,b75e8a3e-f3eb-4404-832a-fa2bcc104d5d,681808,vallc001,vallich01,vallim000chr,24935,,,,,,Vallimont,Chris,Chris Ryan,,,,1997,3,18,,,,2018,2024,2023,2023,2016,2018,,,,,,,,,,
b7635929,b7635929-4704-4c6f-96d6-a67367a386b8,607345,smitk002,smithke04,smith-006kev,12284,,,,,Q18387857,Smith,Kevan,Kevan Alan,,,,1988,6,28,,,,2011,2021,2016,2021,2009,2011,,,,,,,,,,
b767f466,b767f466-7732-444f-b0ca-208313118e58,602083,almom001,almonmi01,almont000mig,14139,,,,,Q16929535,Almonte,Miguel,Miguel Emilio,,,,1993,4,4,,,,2011,2018,2015,2018,,,,,,,,,,,,
b7811846,b7811846-dda8-4c4d-b549-73ccfd5b3893,641829,martj009,martija03,martin007jas,16429,,,,,Q63378330,Martin,Jason,Jason,,,,1995,9,5,,,,2013,2024,2019,2021,,,,,,,,,,,,
b79fc174,b79fc174-5808-4a8c-bc3e-e253bebfc03b,571912,maill001,mailelu01,maile-001luk,13355,,,,,Q18350801,Maile,Luke,Luke Richard,,,,1991,2,6,,,,2012,2024,2015,2024,2010,2012,,,,,,,,,,
b7a84afe,b7a84afe-4398-42ae-99b4-48c0dc0aaa4a,686613,browh001,brownhu01,brown-003hun,25880,,,,,,Brown,Hunter,Hunter Noah,,,,1998,8,29,,,,2019,2024,2022,2024,2017,2019,,,,,,,,,,
b7cafdff,b7cafdff-1333-436a-97e0-e41ab1b732b1,553869,diaze005,diazel01,diaz--004eli,11680,,,,,Q19567080,Díaz,Elías,Elías David,,Soto,,1990,11,17,,,,2009,2024,2015,2024,,,,,,,,,,,,
b7d27d52,b7d27d52-3fe2-471a-9fa5-34f378fb84d7,650382,hernd004,hernada02,hernan002dar,19848,33435157,,,,Q63304416,Hernández,Darwinzon,Darwinzon David,,Afanador,,1996,12,17,,,,2014,2024,2019,2022,,,,,,,,,,,,
b7f26254,b7f26254-ebf9-49e0-b460-f953cbadbce8,543038,coled002,colemdu01,colema001dus,8979,,,,,Q20643051,Coleman,Dusty,Dustin Michael,,,,1987,4,20,,,,2008,2018,2015,2017,,,,,,,,,,,,
b801cbcd,b801cbcd-b3ed-4da8-8a81-298ca0b57a9e,656913,romes002,romerse01,romero000set,21333,,,,,Q29663354,Romero,Seth,Seth Daniel,,,,1996,4,19,,,,2017,2024,2020,2020,2015,2017,,,,,,,,,,
b80aa721,b80aa721-dad6-49c0-a7d6-dd3ef90768bc,582494,scotr001,scottro02,scott-008rob,13042,,,,,Q26844391,Scott,Robby,Robert John,,,,1989,8,29,,,,2011,2022,2016,2019,2010,2011,,,,,,,,,,
b821960f,b821960f-92bf-4d0c-aaa4-c304e63f4eed,425426,wangc001,wangch01,wang--001chi,2074,,,,,Q706446,Wang,Chien-Ming,Chien-Ming,,,,1980,3,31,,,,2000,2016,2005,2016,,,,,,,,,,,,
b82efd1d,b82efd1d-885a-4f03-8390-7d82392745e6,543068,cronc002,croncj01,cron--002chr,12546,,,,,Q5006540,Cron,C. J.,Christopher John,,,,1990,1,5,,,,2011,2023,2014,2023,2009,2011,,,,,,,,,,
b836fa47,b836fa47-be08-470a-bcff-e745aacc3d7b,623323,bishb001,bishobr01,bishop002bra,17806,,,,,Q60229696,Bishop,Braden,Braden Adam,,,,1993,8,22,,,,2015,2022,2019,2021,2013,2015,,,,,,,,,,
b85d9945,b85d9945-e68e-4597-841e-c834e64d4617,599683,saupw001,saupowa01,saupol000war,13211,,,,,Q7971188,Saupold,Warwick,Warwick Anthony,,,,1990,1,16,,,,2010,2024,2016,2018,,,,,,,,,,,,
b87820ad,b87820ad-a099-4108-acb1-01c7a24d5de2,571976,myerw001,myerswi01,myers-006wil,10047,,,,,Q649459,Myers,Wil,William Bradford,,,,1990,12,10,,,,2009,2023,2013,2023,,,,,,,,,,,,
b8999127,b8999127-3403-4062-bb89-d3535491370c,666181,bensw001,bensowi01,benson002wil,21853,,,,,,Benson,Will,William Buchanan,,,,1998,6,16,,,,2016,2024,2022,2024,,,,,,,,,,,,
b8a36507,b8a36507-2035-4c63-8ed3-1fec9a2b3f62,666157,lodon001,lodolni01,lodolo000nic,26378,,,,,,Lodolo,Nick,Nicholas Frank,,,,1998,2,5,,,,2019,2024,2022,2024,2017,2019,,,,,,,,,,
b8b3066b,b8b3066b-c5dc-4986-9df0-0952aaf04161,608566,marqg001,marquge01,marque000ger,15038,,,,,Q26837639,Márquez,Germán,Germán Andres,,,,1995,2,22,,,,2012,2024,2016,2024,,,,,,,,,,,,
b8bb214d,b8bb214d-6af8-44ac-9366-c001f89d76ef,670148,mondn001,mondona01,mondou000nat,19563,,,,,,Mondou,Nate,Nathan Wayne,,,,1995,3,24,,,,2016,2024,2022,2022,2014,2016,,,,,,,,,,
b8f99220,b8f99220-49e5-4ee6-a222-17fd3bd4e3d1,670097,shorz001,shortza01,short-000zac,19562,,,,,Q106593240,Short,Zack,Zachary Ryan,,,,1995,5,29,,,,2016,2024,2021,2024,2014,2016,,,,,,,,,,
b92f48c0,b92f48c0-408d-4f13-81e0-88b57a5351ca,502706,holld003,hollade01,hollan001der,4141,,,,,Q1047687,Holland,Derek,Derek Lane,,,Dutch Oven,1986,10,9,,,,2007,2023,2009,2021,2006,2007,,,,,,,,,,
b9422860,b9422860-114f-412b-88ca-8913069ad9ab,607706,rothm001,rothmi01,roth--002mic,13736,,,,,Q6833984,Roth,Michael,Michael Thomas,,,,1990,2,15,,,,2012,2018,2013,2016,2009,2012,,,,,,,,,,
b95ca766,b95ca766-dceb-465f-bc5d-8f7673c86b2a,571800,hutcd001,hutchdr01,hutchi002and,10732,,,,,Q3039403,Hutchison,Drew,Andrew Scott,,,,1990,8,22,,,,2010,2024,2012,2022,,,,,,,,,,,,
b965bc93,b965bc93-67c2-4ecd-8d3c-4d35a463740a,592398,hillt001,hillta01,hill--005dav,12515,,,,,Q17303879,Hill,Taylor,David Taylor,,,,1989,3,12,,,,2011,2019,2014,2015,2009,2011,,,,,,,,,,
b96f98d3,b96f98d3-f69b-40b4-aba7-166c80176fc0,656457,gilbt001,gilbety01,gilber000tyl,17964,,,,,Q107868719,Gilbert,Tyler,Tyler Gregory,,,,1993,12,22,,,,2015,2024,2021,2024,2015,2015,,,,,,,,,,
b9708dcb,b9708dcb-4f22-48da-bf17-5a85191dbb3c,461815,murpd005,murphda07,murphy003dav,6035,,,,,Q861705,Murphy,David,David Matthew,,,,1981,10,18,,,,2003,2016,2006,2015,2001,2003,,,,,,,,,,
b9818f39,b9818f39-59dc-4736-9c17-e086267e355a,606132,tapir001,tapiara01,tapia-000rai,14350,,,,,Q26837636,Tapia,Raimel,Raimel Antonio,,Linarez,,1994,2,4,,,,2011,2024,2016,2023,,,,,,,,,,,,
b996b76b,b996b76b-5f00-4e55-89eb-650923fafabc,664157,bergt001,bergetr01,bergen000tra,18581,,,,,Q60452090,Bergen,Travis,Travis Michael,,,,1993,10,8,,,,2015,2022,2019,2021,2013,2015,,,,,,,,,,
b99d5471,b99d5471-7e0a-4cd5-a4f8-43aa0ddedf36,460008,varva001,varvaan01,varvar001ant,2385,,,,,Q2852988,Varvaro,Anthony,Anthony Michael,,,,1984,10,31,2022,9,11,2006,2016,2010,2015,2003,2005,,,,,,,,,,
b9a67de2,b9a67de2-c5ee-4439-91e2-11dc01bcf7f9,430605,rabur001,raburry01,raburn001rya,2218,,,,,Q2748741,Raburn,Ryan,Ryan Neil,,,,1981,4,17,,,,2001,2017,2004,2017,2000,2000,,,,,,,,,,
b9b54ca4,b9b54ca4-204a-45d6-b667-18466c44e965,650633,kingm002,kingmi01,king--000mik,19853,,,,,Q64785917,King,Mike,Michael McRae,,,,1995,5,25,,,,2016,2024,2019,2024,2014,2016,,,,,,,,,,
b9c8df4b,b9c8df4b-823f-4334-89db-1d8e7b97deb8,455117,maldm001,maldoma01,maldon001mar,6887,,,,,Q3295995,Maldonado,Martín,Martín Benjamin,,Valdes,,1986,8,16,,,,2004,2024,2011,2024,,,,,,,,,,,,
b9f840a3,b9f840a3-6459-4a25-bce1-e890741081f2,672695,perdg001,perdoge01,perdom000ger,22799,,,,,Q106366916,Perdomo,Geraldo,Geraldo Rafael,,Fonnieur,,1999,10,22,,,,2017,2024,2021,2024,,,,,,,,,,,,
ba2bff00,ba2bff00-2039-4ec3-b65f-9eda5de489a9,598286,ramin003,ramirni01,ramire002nic,12575,,,,,Q64009608,Ramirez,Nick,Nicholas Randolph,,,,1989,8,1,,,,2011,2024,2019,2024,2009,2011,,,,,,,,,,
ba3b4d0e,ba3b4d0e-1663-4318-97f0-49ba34d3575c,605359,marse001,marshev01,marsha000eva,12297,,,,,Q16761665,Marshall,Evan,Evan Patrick,,,,1990,4,18,,,,2011,2021,2014,2021,2009,2011,,,,,,,,,,
ba50f158,ba50f158-ee42-4707-9d06-1c8c1c85e89c,669003,mitcg001,mitchga01,mitche005gar,27555,,,,,,Mitchell,Garrett,Garrett Antony-Charles,,,,1998,9,4,,,,2021,2024,2022,2024,2018,2020,,,,,,,,,,
ba56643c,ba56643c-a9a5-49c6-b465-9eacc6768480,663971,calvb001,calvobl01,calvo-000bla,25416,,,,,,Calvo,Blair,Blair Matthew,,,,1996,2,27,,,,2019,2024,2023,2023,2018,2019,,,,,,,,,,
ba58718a,ba58718a-c18c-4a2d-aa3b-149514c391e1,534627,holtt001,holtty01,holt--001tyl,11391,,,,,Q17324162,Holt,Tyler,Tyler Andrew,,,,1989,3,10,,,,2010,2018,2014,2016,,,,,,,,,,,,
ba588078,ba588078-6bc8-4233-adc5-179236d0783a,592332,gausk001,gausmke01,gausma001kev,14107,,,,,Q6396355,Gausman,Kevin,Kevin John,,,,1991,1,6,,,,2012,2024,2013,2024,2011,2012,,,,,,,,,,
ba684732,ba684732-96ac-455e-8968-9a467813cf62,519169,rasmr001,rasmuro01,rasmus002rob,11250,,,,,Q16232872,Rasmussen,Rob,Robert Paul,,,,1989,4,2,,,,2010,2015,2014,2015,,,,,,,,,,,,
ba72d897,ba72d897-1fd8-4c35-af0e-23b75656c100,594951,orour001,orourry01,orourk001rya,10976,,,,,Q20657511,O'Rourke,Ryan,Ryan Patrick,,,,1988,4,30,,,,2010,2019,2015,2019,,,,,,,,,,,,
baa0b47a,baa0b47a-1c06-4e05-8558-1201b11a3d4e,657041,thoml002,thomala02,thomas000lan,16939,,,,,Q63197888,Thomas,Lane,Lane Michael,,,,1995,8,23,,,,2014,2024,2019,2024,,,,,,,,,,,,
bab12032,bab12032-2b95-4484-8f2e-e1a2ccd0cc5b,543964,zycht001,zychto01,zych--001ton,12876,,,,,Q16233683,Zych,Tony,Anthony Aaron,,,,1990,8,7,,,,2011,2017,2015,2017,2009,2011,,,,,,,,,,
bab8e489,bab8e489-70b0-4c7e-a8b9-f092776b52a6,645302,roblv001,roblevi01,robles002vic,18363,,,,,Q27919885,Robles,Víctor,Víctor Enrique,,Brito,,1997,5,19,,,,2014,2024,2017,2024,,,,,,,,,,,,
bac29619,bac29619-2621-4ad7-89ff-d67dacfa8b39,460077,buted001,buterdr01,butera001and,3411,,,,,Q3039395,Butera,Drew,Andrew Edward,,,,1983,8,9,,,,2005,2021,2010,2021,2003,2005,,,,,,,,,,
bac783c2,bac783c2-a9d7-482c-860f-12d16319c7ba,516809,lakej001,lakeju01,lake--001jun,4672,,,,,Q6313323,Lake,Junior,Junior Osvaldo,,,,1990,3,27,,,,2007,2024,2013,2016,,,,,,,,,,,,
bac9465f,bac9465f-27b8-4f6d-8e72-f5920d64f671,600869,candj002,candeje01,candel000jei,13621,,,,,Q25348684,Candelario,Jeimer,Jeimer,,,,1993,11,24,,,,2011,2024,2016,2024,,,,,,,,,,,,
bacc83eb,bacc83eb-c56e-49f5-9bda-fb55f10a6329,694037,paled001,palenda01,palenc000dan,27914,,,,,,Palencia,Daniel,Daniel Jesús,,Silva,,2000,2,5,,,,2021,2024,2023,2024,,,,,,,,,,,,
bad156bc,bad156bc-a9c2-4b81-8c84-d44c2f3a6f5d,605323,kubik001,kubitky01,kubitz000kyl,12148,,,,,Q20081445,Kubitza,Kyle,Kyle Andrew,,,,1990,7,15,,,,2011,2018,2015,2015,2009,2011,,,,,,,,,,
baf11da5,baf11da5-253a-4c97-932a-1ed76f9d6cae,457435,cokep001,cokeph01,coke--001phi,5535,63665134,,,,Q1136717,Coke,Phil,Phillip Douglas,,,,1982,7,19,,,,2003,2018,2008,2016,2002,2003,,,,,,,,,,
baf49334,baf49334-5b60-4b07-b6f9-a56a073bb649,669438,englm001,englema01,engler000mas,22288,,,,,,Englert,Mason,Mason Alexander,,,,1999,11,1,,,,2021,2024,2023,2024,,,,,,,,,,,,
bb16b27a,bb16b27a-973d-43b8-8096-d8090f619c57,676724,younj003,youngja02,young-000jar,20404,,,,,,Young,Jared,Jared M.,,,,1995,7,9,,,,2017,2024,2022,2023,2017,2017,,,,,,,,,,
bb1dc54c,bb1dc54c-5aa3-4733-919f-d679f75d7269,500724,ramij002,ramirjc01,ramire006jua,8302,,,,,Q4120891,Ramírez,J. C.,Juan Carlos,,,,1988,8,16,,,,2006,2024,2013,2019,,,,,,,,,,,,
bb4f305b,bb4f305b-770e-49b2-a965-1c0218a47096,477003,niesj001,niesejo01,niese-001jon,4424,,,,,Q3183217,Niese,Jonathon,Jonathon Joseph,,,,1986,10,27,,,,2005,2019,2008,2016,,,,,,,,,,,,
bb515917,bb515917-4a39-4a44-89f0-b4727c8f59dc,519443,workb001,workmbr01,workma001bra,11428,,,,,Q13905676,Workman,Brandon,Brandon Carlin,,,,1988,8,13,,,,2011,2021,2013,2021,2008,2010,,,,,,,,,,
bb593c8b,bb593c8b-863d-4749-96d8-7fa75f427bb7,805779,wilsj006,wilsoja05,wilson021jac,33266,,,,,,Wilson,Jacob,Jacob,,,,2002,3,30,,,,2023,2024,2024,2024,2021,2023,,,,,,,,,,
bb7233e2,bb7233e2-5de6-4673-9cf3-1aedc280a609,572227,vincz001,vinceza01,vincej000zac,13269,,,,,Q16234295,Vincej,Zach,Zachary Laine,,,,1991,5,1,,,,2012,2019,2017,2018,2011,2012,2023,2024,,,,,,,,
bb76c4cb,bb76c4cb-751f-4693-b7c7-ce4746504286,640462,puk-a001,pukaj01,puk---000aj-,19343,,,,,Q20709738,Puk,A. J.,Andrew Jacob,,,,1995,4,25,,,,2016,2024,2019,2024,2014,2016,,,,,,,,,,
bb8fae4d,bb8fae4d-cc00-4e08-aff3-c173a25da39b,608715,stame001,stameer01,stamet000eri,13795,,,,,Q21063688,Stamets,Eric,Eric James,,,,1991,9,25,,,,2012,2022,2019,2019,2010,2012,,,,,,,,,,
bbacdbb5,bbacdbb5-4e61-4459-be7d-311b6ba5a2dc,475582,zimmr001,zimmery01,zimmer002rya,4220,,,,,Q1060917,Zimmerman,Ryan,Ryan Wallace,,,,1984,9,28,,,,2005,2021,2005,2021,2003,2005,,,,,,,,,,
bbb694df,bbb694df-9f3c-4793-aed2-8f1ad21b8778,605439,reedm001,reedmi02,reed--002mic,13228,,,,,Q21030464,Reed,Michael,Michael Benton,,,,1992,11,18,,,,2011,2019,2015,2019,,,,,,,,,,,,
bbc90b3c,bbc90b3c-d75a-430e-ad28-b27eeb30319a,680570,rodrg003,rodrigr01,rodrig000gra,24492,,,,,,Rodriguez,Grayson,Grayson Greer,,,,1999,11,16,,,,2018,2024,2023,2024,,,,,,,,,,,,
bbe99c3e,bbe99c3e-f243-4411-b8d4-b43790a89d1b,683734,vauga001,vaughan01,vaughn000and,26197,,,,,Q55603943,Vaughn,Andrew,Andrew Clayton,,,,1998,4,3,,,,2019,2024,2021,2024,2017,2019,,,,,,,,,,
bbec5116,bbec5116-38ea-4bfb-b365-1654e6e3109e,554374,herna004,hernaar01,hernan002ari,15603,,,,,Q29572099,Hernández,Ariel,Ariel,,,,1992,3,2,,,,2009,2024,2017,2017,,,,,,,,,,,,
bbf17238,bbf17238-8ad9-4064-825b-6dc73bf3de78,517414,delgr001,delgara01,delgad001ran,5985,,,,,Q3418801,Delgado,Randall,Randall Enrique,,,,1990,2,9,,,,2007,2024,2011,2018,,,,,,,,,,,,
bbfd792a,bbfd792a-9592-47bc-b87f-756566c4ef19,664728,isbek001,isbelky01,isbel-000kyl,21614,,,,,Q106328195,Isbel,Kyle,Kyle Grant,,,,1997,3,3,,,,2018,2024,2021,2024,2016,2018,,,,,,,,,,
bc09d2c6,bc09d2c6-2c63-4e2a-a082-b831f62f3969,621078,lailb001,lailbr01,lail--000bra,14707,,,,,Q66459205,Lail,Brady,Brady Joe,,,,1993,8,9,,,,2012,2022,2019,2021,,,,,,,,,,,,
bc0fc0a1,bc0fc0a1-ed74-4900-84ff-2092fdf1b63f,665155,maton001,matonni01,maton-000nic,21635,,,,,Q106573803,Maton,Nick,Nicholas,,,,1997,2,18,,,,2017,2024,2021,2024,2016,2016,,,,,,,,,,
bc15ae9f,bc15ae9f-2813-4e35-96a2-1c5141c72fee,617228,sawah001,sawamhi01,sawamu000hir,27515,81985133,,,,Q866139,Sawamura,Hirokazu,Hirokazu,,,,1988,4,3,,,,2011,2024,2021,2022,,,,,,,,,,,,
bc1a4ce9,bc1a4ce9-212e-4713-bb54-db32767f0e8c,446372,klubc001,klubeco01,kluber001cor,2429,,,,,Q2997263,Kluber,Corey,Corey Scott,,,,1986,4,10,,,,2007,2023,2011,2023,2005,2007,,,,,,,,,,
bc1f2e90,bc1f2e90-a218-478a-a896-da6f5a433e72,622072,wooda002,woodal02,wood--000ale,13781,,,,,Q13493233,Wood,Alex,Robert Alexander,,,,1991,1,12,,,,2012,2024,2013,2024,2010,2012,,,,,,,,,,
bc34b076,bc34b076-a893-4db8-876d-3564077a60a1,608601,santl001,santolu01,santos005lui,15006,,,,,Q38567258,Santos,Luis,Luis Gustavo,,Paulino,,1991,2,11,,,,2011,2024,2017,2018,,,,,,,,,,,,
bc3ce8ae,bc3ce8ae-1523-445c-8f66-872b6319c905,456577,kigem001,kigerma01,kiger-001mar,4632,,,,,Q6768377,Kiger,Mark,Mark Winston,,,,1980,5,30,,,,2002,2009,,,2000,2002,,,,,,,,,,
bc748aac,bc748aac-2ae9-4061-86ce-d623c9cf5c80,676070,amayj001,amayaja01,amaya-000jac,23296,,,,,Q111112094,Amaya,Jacob,Jacob Carlos,,,,1998,9,3,,,,2017,2024,2023,2024,,,,,,,,,,,,
bc765323,bc765323-1113-4233-9a1d-3e3ca7cd373a,681351,ohopl001,ohopplo01,ohoppe000log,24729,,,,,,O'Hoppe,Logan,Logan,,,,2000,2,9,,,,2018,2024,2022,2024,,,,,,,,,,,,
bc910701,bc910701-65fc-470d-8035-16a0532fc18f,664069,brayb002,braymbe01,brayme000ben,20175,,,,,Q98769118,Braymer,Ben,Benjamin Jon,,,,1994,4,28,,,,2016,2024,2020,2020,2016,2016,,,,,,,,,,
bc9427be,bc9427be-980f-43fc-8aca-863e3dc1d08c,519145,porea001,poredaa01,poreda001aar,4313,33535130,,,,Q2820081,Poreda,Aaron,Aaron Andermon,,,,1986,10,1,,,,2007,2016,2009,2014,2005,2007,,,,,,,,,,
bc98bf8a,bc98bf8a-7541-4b25-8781-36cd5eaac797,592869,wilst004,wilsoty01,wilson005phi,12691,,,,,Q18159217,Wilson,Tyler,Philip Tyler,,,,1989,9,25,,,,2011,2020,2015,2017,2008,2011,,,,,,,,,,
bca22aa3,bca22aa3-6c18-4269-a768-0fa9b50ab910,623434,hausm001,hauscmi01,hausch000mik,14033,,,,,Q29327150,Hauschild,Mike,Michael,,,,1990,1,22,,,,2012,2021,2017,2018,2009,2012,,,,,,,,,,
bca6e25a,bca6e25a-ff4b-4d64-82b5-89ab2502529a,546990,alfoa002,alforan01,alford000ant,14329,,,,,Q21620712,Alford,Anthony,Anthony Joseph,,,,1994,7,20,,,,2012,2024,2017,2022,,,,,,,,,,,,
bcb0f2c9,bcb0f2c9-082c-42c4-acaf-1e162a64ab13,669711,weisg001,weissgr01,weisse000gre,20375,,,,,Q113626469,Weissert,Greg,Gregory R.,,,,1995,2,4,,,,2016,2024,2022,2024,2014,2016,,,,,,,,,,
bccad5fc,bccad5fc-7868-4a2d-afbc-b1f1030f1972,657240,merrj001,merryju01,merryw000jul,16703,,,,,Q50823962,Merryweather,Julian,Julian Christopher,,,,1991,10,14,,,,2014,2024,2020,2024,,,,,,,,,,,,
bcd38711,bcd38711-fe5d-40f4-8c1e-c5a98fbd2454,446263,dudal001,dudalu01,duda--001luc,2502,,,,,Q2025403,Duda,Lucas,Lucas Christopher,,,,1986,2,3,,,,2007,2019,2010,2019,2005,2007,,,,,,,,,,
bce389ba,bce389ba-7761-4b1b-8a18-54d2437a6447,553872,barry001,barriyh01,barrio001jon,11166,,,,,Q21012652,Barrios,Yhonathan,Yhonathan,,Blanco,,1991,12,1,,,,2009,2021,2015,2015,,,,,,,,,,,,
bceca907,bceca907-3c89-43d8-a31c-4647fa015d6b,408234,cabrm001,cabremi01,cabrer003jos,1744,,,,,Q735354,Cabrera,Miguel,Jose Miguel,,Torres,,1983,4,18,,,,2000,2023,2003,2023,,,,,,,,,,,,
bceef8d8,bceef8d8-545d-4365-a2f0-339a4966e7d1,434628,hammj002,hammeja01,hammel001jas,4538,,,,,Q3162943,Hammel,Jason,Jason Aaron,,,,1982,9,2,,,,2002,2018,2006,2018,2001,2002,,,,,,,,,,
bd1260ee,bd1260ee-8dac-46c2-9935-77c834fa1854,669450,hummc001,hummeco01,hummel000coo,19458,,,,,Q111530446,Hummel,Cooper,Cooper Everett,,,,1994,11,28,,,,2016,2024,2022,2024,2014,2016,,,,,,,,,,
bd681128,bd681128-ad21-4e16-b4e4-8ed2efba184b,808967,yamay001,yamamyo01,yamamo004yos,33825,53355134,,,,,Yamamoto,Yoshinobu,Yoshinobu,,,,1998,8,17,,,,2017,2024,2024,2024,,,,,,,,,,,,
bd70660e,bd70660e-9e77-40ff-b9b7-5129ab7836c2,685503,arihk001,arihako01,arihar000koh,27505,51155130,,,,Q18621182,Arihara,Kohei,Kohei,,,,1992,8,11,,,,2015,2024,2021,2022,,,,,,,,,,,,
bd75503c,bd75503c-5af8-42c0-b143-10b6159431b0,665093,grotz001,grotzza01,grotz-000zac,18256,,,,,Q66039239,Grotz,Zac,Zac,,,,1993,2,17,,,,2015,2024,2019,2020,2012,2014,,,,,,,,,,
bd8e6213,bd8e6213-614e-444c-82be-2ddf956d12da,571657,farmk001,farmeky01,farmer000kyl,14813,,,,,Q33977406,Farmer,Kyle,James Kyle,,,,1990,8,17,,,,2013,2024,2017,2024,2010,2013,,,,,,,,,,
bd9c17a2,bd9c17a2-e24d-43ea-ab8b-02713823bb5f,595881,beedt001,beedety01,beede-000tyl,16981,43945157,,,,Q16205349,Beede,Tyler,Tyler Joseph,,,,1993,5,23,,,,2014,2024,2018,2024,2012,2014,,,,,,,,,,
bd9c1c99,bd9c1c99-592d-44f0-a43c-05d10b9ac7ca,656794,newcs001,newcose01,newcom000sea,16943,,,,,Q16728163,Newcomb,Sean,Sean William,,,,1993,6,12,,,,2014,2024,2017,2024,2012,2014,,,,,,,,,,
bda6134f,bda6134f-fa40-443d-bf71-b03603b1e543,207267,pennb002,pennybr01,penny-001bra,535,23325135,,,,Q2923427,Penny,Brad,Bradley Wayne,,,,1978,5,24,,,,1996,2015,2000,2014,,,,,,,,,,,,
bdb0373c,bdb0373c-4b65-49e4-82bf-512250044764,517448,boscw001,boscawi01,boscan001wil,7655,,,,,Q19956349,Boscán,Wilfredo,Wilfredo José,,Fernández,,1989,10,26,,,,2007,2024,2016,2016,,,,,,,,,,,,
bdb0afda,bdb0afda-9520-4f25-b030-5de31ddef8bd,449168,tuiam001,tuiasma01,tuiaso001mat,8272,,,,,Q3299569,Tuiasosopo,Matt,Matthew Petelu,,,,1986,5,10,,,,2004,2018,2008,2016,,,2019,2023,,,,,,,,
bdbbf8c8,bdbbf8c8-b157-4f27-9452-b9e23582d479,456496,matem001,mateoma01,mateo-001mar,6869,83785132,,,,Q3290213,Mateo,Marcos,Marcos Aurelio,,Lora,,1984,4,18,,,,2005,2020,2010,2015,,,,,,,,,,,,
bde39199,bde39199-c54e-4fee-b3fe-f5891d431ffd,665482,celeg001,celesgi01,celest000gil,20233,,,,,,Celestino,Gilberto,Gilberto,,Tiburcio,,1999,2,13,,,,2016,2024,2021,2022,,,,,,,,,,,,
bde96fc1,bde96fc1-9e2e-4f6e-ae4b-7236a737de3c,595222,gerbm001,gerbemi01,gerber001mic,16115,43545153,,,,Q55623099,Gerber,Mike,Michael Jeffrey,,,,1992,7,8,,,,2014,2021,2018,2019,2011,2014,,,,,,,,,,
bdea0115,bdea0115-2fa4-4eaa-8bfa-00c8bd053e94,666971,gurrl001,gurrilo01,gourri000lou,19238,63565130,,,,Q18978027,Gurriel,Lourdes,Lourdes Yunielki,,Castillo,,1993,10,10,,,,2010,2024,2018,2024,,,,,,,,,,,,
bdf8299d,bdf8299d-176c-4e77-9890-216dc8c0d003,571980,naqut001,naquity01,naquin001tyl,13359,,,,,Q16234064,Naquin,Tyler,Tyler Wesley,,,,1991,4,24,,,,2012,2023,2016,2023,2010,2012,,,,,,,,,,
be1194c3,be1194c3-5d59-4ad6-9dd7-8e169c5ab7e4,672640,lopeo001,lopezot01,lopez-000ott,19608,,,,,,Lopez,Otto,Otto Ariel,,Bello,,1998,10,1,,,,2017,2024,2021,2024,,,,,,,,,,,,
be1c6200,be1c6200-4833-4d00-bf04-143ac3807ab0,218596,hudst001,hudsoti01,hudson001tim,921,,,,,Q3528647,Hudson,Tim,Timothy Adam,,,,1975,7,14,,,,1997,2015,1999,2015,1994,1997,,,,,,,,,,
be28795f,be28795f-1b4c-476a-af1f-6b7dd33e402e,666213,welkc001,welkeco01,welker000col,19961,,,,,,Welker,Colton,Colton Lawrence,,,,1997,10,9,,,,2016,2024,2021,2021,,,,,,,,,,,,
be2c949e,be2c949e-cae0-481f-8ad0-711f8d85411b,458210,casia001,casilal01,casill001ale,5248,,,,,Q2747268,Casilla,Alexi,Alexi,,Lora,,1984,7,20,,,,2004,2019,2006,2014,,,,,,,,,,,,
be2c9d78,be2c9d78-1635-4745-8a36-7f5deb34d27c,656302,ceasd001,ceasedy01,cease-000dyl,18525,,,,,Q21620990,Cease,Dylan,Dylan Edward,,,,1995,12,28,,,,2015,2024,2019,2024,,,,,,,,,,,,
be40fa49,be40fa49-7a8e-432b-9653-6e23006d61cd,669394,burgj001,burgeja01,burger000jak,22275,,,,,Q29433547,Burger,Jake,Jacob Michael,,,,1996,4,10,,,,2017,2024,2021,2024,2015,2017,,,,,,,,,,
be5c6359,be5c6359-e542-4149-9bc7-4a8833acf0d7,572383,morab001,moranbr01,moran-001bri,9646,,,,,Q17232911,Moran,Brian,Brian William,,,,1988,9,30,,,,2009,2024,2019,2022,,,,,,,,,,,,
be6dd737,be6dd737-7a88-4fcd-91ea-d3fb1533fe40,527043,martj007,marteje01,marte-001jef,5107,63365138,,,,Q18637514,Marte,Jefry,Jefry Leonal,,Paulino,,1991,6,21,,,,2008,2024,2015,2018,,,,,,,,,,,,
be790f8a,be790f8a-e8b9-465a-a2e9-2ca654cf8819,519242,salec001,salech01,sale--001chr,10603,,,,,Q2964859,Sale,Chris,Christopher,,,,1989,3,30,,,,2010,2024,2010,2024,2008,2010,,,,,,,,,,
be7bf2b1,be7bf2b1-f433-44d2-a8ff-21d9115b0416,666931,olivj003,olivaja01,oliva-000jar,19968,,,,,Q66364691,Oliva,Jared,Jared Cole,,,,1995,11,27,,,,2017,2024,2020,2021,2015,2017,,,,,,,,,,
be81b155,be81b155-400a-4ef3-b999-f45f3e58ee47,543894,watkl001,watkilo01,watkin001vin,4875,,,,,Q14918861,Watkins,Logan,Vincent Logan,,,,1989,8,29,,,,2008,2019,2013,2014,,,2022,2024,,,,,,,,
beaa62ca,beaa62ca-380b-4996-812e-d5ff440282a6,455104,iannc001,iannech01,iannet001chr,8267,,,,,Q2964745,Iannetta,Chris,Christopher Domenic,,,,1983,4,8,,,,2004,2019,2006,2019,2002,2004,,,,,,,,,,
beeb69cf,beeb69cf-ed05-442f-bb5d-f7384fbdddd3,544365,banum001,banuema01,banuel001man,5365,93995157,,,,Q6750974,Banuelos,Manny,Manuel,,,,1991,3,13,,,,2008,2024,2015,2022,,,,,,,,,,,,
bf0c6dd7,bf0c6dd7-73a7-487c-80f2-e169b4cef0ed,671221,wated001,waterdr01,waters002dre,20505,,,,,,Waters,Drew,Andrew David,,,,1998,12,30,,,,2017,2024,2022,2024,,,,,,,,,,,,
bf125ed9,bf125ed9-2d27-429d-8650-ccfed0a41b41,456422,bourm001,bournmi01,bourn-001mic,6387,,,,,Q3308049,Bourn,Michael,Michael Ray,,,,1982,12,27,,,,2003,2017,2006,2016,2001,2003,,,,,,,,,,
bf1466fa,bf1466fa-b94a-4cd0-b43e-9a1384569f87,621383,bankt001,banksta01,banks-000tan,16990,,,,,Q111509144,Banks,Tanner,Tanner Pierce,,,,1991,10,24,,,,2014,2024,2022,2024,2013,2014,,,,,,,,,,
bf1d1590,bf1d1590-2f98-4704-aae6-c5c1cfaebda4,605428,povsm001,povsema01,povse-000max,16165,,,,,,Povse,Max,Max Walter,,,,1993,8,23,,,,2014,2023,2017,2017,2012,2014,,,,,,,,,,
bf2c964d,bf2c964d-3b22-473e-bab9-0943606984bb,452234,smits002,smithse01,smith-003gar,7331,,,,,Q2395634,Smith,Seth,Garry Seth,,,,1982,9,30,,,,2004,2017,2007,2017,2002,2004,,,,,,,,,,
bf654a76,bf654a76-b1c1-4e9a-8a9a-c398eaf4522d,447736,dickc001,dickech01,dicker002chr,7095,,,,,Q902593,Dickerson,Chris,Christopher Charles,,,,1982,4,10,,,,2003,2017,2008,2014,2001,2003,,,,,,,,,,
bf7a8cdf,bf7a8cdf-e760-4624-b236-b7160288ea7a,150093,soria001,soriaal01,sorian001alf,847,,,,,Q1363352,Soriano,Alfonso,Alfonso Guilleard,,,,1976,1,7,,,,1995,2014,1999,2014,,,,,,,,,,,,
bf833b74,bf833b74-6d97-4366-a757-019baa39a751,594807,duvaa001,duvalad01,duvall001ada,10950,,,,,Q17182656,Duvall,Adam,Adam Lynn,,,,1988,9,4,,,,2010,2024,2014,2024,,,,,,,,,,,,
bf8f5a8b,bf8f5a8b-cfb0-4c91-a230-7ce642fb2f3b,596027,mapld001,mapledi01,maples000dil,14672,,,,,Q33340483,Maples,Dillon,Dillon Sean,,,,1992,5,9,,,,2012,2022,2017,2021,,,,,,,,,,,,
bfa43dce,bfa43dce-b6b5-40e7-8eb4-cacfb3909194,656492,griff001,grifffo01,griffi000fos,16432,03705157,,,,,Griffin,Foster,Fred Foster,,,,1995,7,27,,,,2014,2024,2020,2022,,,,,,,,,,,,
bfaa6190,bfaa6190-b4a3-4bc9-99ac-1ffa76248524,517593,salad001,salazda01,salaza003dan,5867,,,,,Q14199172,Salazar,Danny,Daniel Dariel,,del Rosario,,1990,1,11,,,,2007,2024,2013,2019,,,,,,,,,,,,
bfb3dd27,bfb3dd27-2af4-4e0c-aa79-dd036b1d3690,641745,kellb003,kellebr01,keller000bra,15734,,,,,Q55605862,Keller,Brad,Brad Michael,,,,1995,7,27,,,,2013,2024,2018,2024,,,,,,,,,,,,
bfb49cfd,bfb49cfd-ee14-4275-b19b-9e0b99081b22,678225,bae-j001,baeji01,bae---000ji-,23818,,,,,Q43388490,Bae,Ji Hwan,Ji Hwan,,,,1999,7,26,,,,2018,2024,2022,2024,,,,,,,,,,,,
bfb9007d,bfb9007d-4c9e-467e-aa3a-9241b8448c6d,663853,gonzr003,gonzaro01,gonzal002rom,21562,,,,,,Gonzalez,Romy,Roman Alexander,,,,1996,9,6,,,,2018,2024,2021,2024,2016,2018,,,,,,,,,,
bfbf79e0,bfbf79e0-013f-4d7a-83ca-ba4497087d2b,519237,ruppc001,ruppca01,rupp--001cam,11146,,,,,Q15309313,Rupp,Cameron,Cameron Arthur,,,,1988,9,28,,,,2010,2020,2013,2017,2008,2010,,,,,,,,,,
bfcef240,bfcef240-56c8-4e23-a628-df978d03ffe2,666197,kessg001,kessigr01,kessin000gra,25813,,,,,,Kessinger,Grae,Graeber Crawley,,,,1997,8,25,,,,2019,2024,2023,2024,2017,2019,,,,,,,,,,
bfd02296,bfd02296-9616-4a83-8014-67c35dee82c1,461325,clipt001,clippty01,clippa001tyl,5640,,,,,Q1093687,Clippard,Tyler,Tyler Lee,,,,1985,2,14,,,,2003,2022,2007,2022,,,,,,,,,,,,
bfe52f9a,bfe52f9a-622e-4fc2-afa9-2c204e113a2a,425545,willj004,willijo03,willin001jos,2103,,,,,Q2067960,Willingham,Josh,Joshua David,,,Hammer,1979,2,17,,,,2000,2014,2004,2014,1998,2000,,,,,,,,,,
